engine,rank,title,link,snippet,displayLink,formattedUrl,htmlTitle,htmlSnippet,htmlFormattedUrl,kind,cacheId,metatags_title,metatags_description,metatags_image,regiao,idioma,termo,tentativa
google,1,"Bangu – Wikipédia, a enciclopédia livre",https://pt.wikipedia.org/wiki/Bangu,"Bangu é um bairro da Zona Oeste do Rio de Janeiro. ... É tido como um dos bairros mais populosos da cidade, com cerca de 250.000 habitantes, segundo estimativas ...",pt.wikipedia.org,https://pt.wikipedia.org/wiki/Bangu,"<b>Bangu</b> – Wikipédia, a enciclopédia livre","<b>Bangu</b> é um bairro da Zona Oeste do Rio de Janeiro. ... É tido como um dos bairros mais populosos da cidade, com cerca de 250.000 habitantes, segundo estimativas&nbsp;...",https://pt.wikipedia.org/wiki/<b>Bangu</b>,customsearch#result,,"Bangu – Wikipédia, a enciclopédia livre",,https://upload.wikimedia.org/wikipedia/commons/8/8a/Bangu_3.jpg,br,pt,bangu,1
google,2,Bangu Atlético Clube,https://www.bangu-ac.com.br/,Bangu confirma primeiras renovações para o elenco do Campeonato Carioca 2026 ... Dez atletas campeões da Série A2 permanecem no clube para a próxima temporada ...,www.bangu-ac.com.br,https://www.bangu-ac.com.br/,<b>Bangu</b> Atlético Clube,<b>Bangu</b> confirma primeiras renovações para o elenco do Campeonato Carioca 2026 ... Dez atletas campeões da Série A2 permanecem no clube para a próxima temporada&nbsp;...,https://www.<b>bangu</b>-ac.com.br/,customsearch#result,,,,,br,pt,bangu,1
google,3,"Bangu Atlético Clube – Wikipédia, a enciclopédia livre",https://pt.wikipedia.org/wiki/Bangu_Atl%C3%A9tico_Clube,"O Bangu Atlético Clube, mais conhecido apenas como Bangu, é um clube esportivo brasileiro sediado no bairro de Bangu, no Rio de Janeiro, fundado em 17 de ...",pt.wikipedia.org,https://pt.wikipedia.org/wiki/Bangu_Atlético_Clube,"<b>Bangu</b> Atlético Clube – Wikipédia, a enciclopédia livre","O <b>Bangu</b> Atlético Clube, mais conhecido apenas como <b>Bangu</b>, é um clube esportivo brasileiro sediado no bairro de <b>Bangu</b>, no Rio de Janeiro, fundado em 17 de&nbsp;...",https://pt.wikipedia.org/wiki/<b>Bangu</b>_Atlético_Clube,customsearch#result,,"Bangu Atlético Clube – Wikipédia, a enciclopédia livre",,https://upload.wikimedia.org/wikipedia/commons/thumb/c/ca/Bangu_Atletico_Clube.svg/1125px-Bangu_Atletico_Clube.svg.png,br,pt,bangu,1
google,4,Bangu Shopping,https://bangushopping.com/,"Fique por dentro das promoções, horários de funcionamento e novidades em primeira mão! Facebook · Instagram · Twitter · Youtube · TikTok. Baixe o nosso ...",bangushopping.com,https://bangushopping.com/,<b>Bangu</b> Shopping,"Fique por dentro das promoções, horários de funcionamento e novidades em primeira mão! Facebook &middot; Instagram &middot; Twitter &middot; Youtube &middot; TikTok. Baixe o nosso&nbsp;...",https://<b>bangu</b>shopping.com/,customsearch#result,,Página Inicial,,,br,pt,bangu,1
google,5,"Bangu Atlético Clube (@banguoficial) · Rio de Janeiro, RJ",https://www.instagram.com/banguoficial/,"há 3 dias ... Conta oficial do Bangu Atlético Clube, o Gigante da Zona Oeste! · ☀️ Manhã de sol e treino forte na Zona Oeste! #SempreBangu @ ...",www.instagram.com,https://www.instagram.com/banguoficial/,"<b>Bangu</b> Atlético Clube (@banguoficial) · Rio de Janeiro, RJ","há 3 dias <b>...</b> Conta oficial do <b>Bangu</b> Atlético Clube, o Gigante da Zona Oeste! &middot; ☀️ Manhã de sol e treino forte na Zona Oeste! #SempreBangu @&nbsp;...",https://www.instagram.com/<b>bangu</b>oficial/,customsearch#result,,Bangu Atlético Clube (@banguoficial) • Instagram photos and videos,"108K Followers, 211 Following, 4,808 Posts - See Instagram photos and videos from Bangu Atlético Clube (@banguoficial)",https://scontent-atl3-3.cdninstagram.com/v/t51.82787-19/588442796_18495838948076822_6949877423238014346_n.jpg?stp=dst-jpg_s100x100_tt6&_nc_cat=109&ccb=7-5&_nc_sid=bf7eb4&efg=eyJ2ZW5jb2RlX3RhZyI6InByb2ZpbGVfcGljLnd3dy4xMDgwLkMzIn0%3D&_nc_ohc=fOuiCFym5sEQ7kNvwFYPxNK&_nc_oc=Adm58z9C96BFGVehFoSto7yjdFxVyXSAY2QRs8AmveNzGjL12_PRuSnBDRNBuC0DDIo&_nc_zt=24&_nc_ht=scontent-atl3-3.cdninstagram.com&_nc_gid=iaQkAILbLvL8jSidxh5UYg&oh=00_AfmZoAnWMK9EIwTBFwBeF1PbXrSmvJwbwJaqY03_Rc_xVQ&oe=69413247,br,pt,bangu,1
google,6,Raphael Ghanem - Teatro Bangu Shopping,https://teatrobangushopping.com.br/evento/raphael-ghanem-a-carne-so-cai-no-prato-do-vegano,"Com texto, interpretação e direção de Raphael Ghanem, "" A carne só cai no prato do Vegano"" é um espetáculo de Talkshow com a plateia, o público vira ...",teatrobangushopping.com.br,https://teatrobangushopping.com.br/.../raphael-ghanem-a-carne-so-cai-no-p...,Raphael Ghanem - Teatro <b>Bangu</b> Shopping,"Com texto, interpretação e direção de Raphael Ghanem, &quot; A carne só cai no prato do Vegano&quot; é um espetáculo de Talkshow com a plateia, o público vira&nbsp;...",https://teatro<b>bangu</b>shopping.com.br/.../raphael-ghanem-a-carne-so-cai-no-p...,customsearch#result,,,,,br,pt,bangu,1
google,7,Regional Bangu - Tribunal de Justiça do Estado do Rio de Janeiro,https://www.tjrj.jus.br/servicos/processo-eletronico/rel-orgaos-julg-eletr/1-instancia/bangu,BANGU REGIONAL XVII JUI ESP CIV. BANGU REGIONAL 1 VARA CÍVEL. BANGU REGIONAL 2 VARA CÍVEL. BANGU REGIONAL 3 VARA CÍVEL. BANGU REGIONAL 4 VARA CÍVEL. BANGU ...,www.tjrj.jus.br,https://www.tjrj.jus.br/servicos/processo-eletronico/rel-orgaos.../bangu,Regional <b>Bangu</b> - Tribunal de Justiça do Estado do Rio de Janeiro,<b>BANGU</b> REGIONAL XVII JUI ESP CIV. <b>BANGU</b> REGIONAL 1 VARA CÍVEL. <b>BANGU</b> REGIONAL 2 VARA CÍVEL. <b>BANGU</b> REGIONAL 3 VARA CÍVEL. <b>BANGU</b> REGIONAL 4 VARA CÍVEL. <b>BANGU</b>&nbsp;...,https://www.tjrj.jus.br/servicos/processo-eletronico/rel-orgaos.../<b>bangu</b>,customsearch#result,,Regional Bangu - Tribunal de Justiça do Estado do Rio de Janeiro,,,br,pt,bangu,1
google,8,K-pop Jovens Guerreiras no Teatro - Teatro Bangu Shopping,https://teatrobangushopping.com.br/evento/k-pop-jovens-guerreiras-no-teatro,"JOVENS GUERREIRAS NO TEATRO” “Jovens Guerreiras No Teatro"", espetáculo infantil e infanto-juvenil, que traz aos palcos belas cantoras e guerreiras, que.",teatrobangushopping.com.br,https://teatrobangushopping.com.br/.../k-pop-jovens-guerreiras-no-teatro,K-pop Jovens Guerreiras no Teatro - Teatro <b>Bangu</b> Shopping,"JOVENS GUERREIRAS NO TEATRO” “Jovens Guerreiras No Teatro&quot;, espetáculo infantil e infanto-juvenil, que traz aos palcos belas cantoras e guerreiras, que.",https://teatro<b>bangu</b>shopping.com.br/.../k-pop-jovens-guerreiras-no-teatro,customsearch#result,,,,,br,pt,bangu,1
google,9,"TRE-RJ faz atendimento itinerante com foco em biometria, no ...",https://www.tre-rj.jus.br/comunicacao/noticias/2024/Fevereiro/tre-rj-faz-atendimento-itinerante-com-foco-em-biometria-no-bangu-shopping,"21 de fev. de 2024 ... Nesta terça-feira, o TRE-RJ iniciou mais uma ação de atendimento itinerante com foco na biometria, desta vez no Bangu Shopping, na Zona Oeste da ...",www.tre-rj.jus.br,https://www.tre-rj.jus.br/.../tre-rj-faz-atendimento-itinerante-com-foco-em-b...,"TRE-RJ faz atendimento itinerante com foco em biometria, no ...","21 de fev. de 2024 <b>...</b> Nesta terça-feira, o TRE-RJ iniciou mais uma ação de atendimento itinerante com foco na biometria, desta vez no <b>Bangu</b> Shopping, na Zona Oeste da&nbsp;...",https://www.tre-rj.jus.br/.../tre-rj-faz-atendimento-itinerante-com-foco-em-b...,customsearch#result,,"TRE-RJ faz atendimento itinerante com foco em biometria, no Bangu Shopping","Guichês da Justiça Eleitoral funcionarão até quinta-feira (22), das 11h às 17h",https://www.justicaeleitoral.jus.br/imagens/imagens/tre-rj-faz-atendimento-itinerante-com-foco-em-biometria-no-bangu-shopping/@@streaming/image/BanguShopping.jpg,br,pt,bangu,1
google,10,Mapa da Subprefeitura da Grande Bangu (julho/2024) | DATA RIO,https://www.data.rio/documents/89a7412a9a2f463792d197e6da7269e7,"1 de ago. de 2024 ... Mapa da Subprefeitura da Grande Bangu, contendo as Unidades de Saúde, as Unidades Educacionais e as Unidades de Assistência Social, ...",www.data.rio,https://www.data.rio/documents/89a7412a9a2f463792d197e6da7269e7,Mapa da Subprefeitura da Grande <b>Bangu</b> (julho/2024) | DATA RIO,"1 de ago. de 2024 <b>...</b> Mapa da Subprefeitura da Grande <b>Bangu</b>, contendo as Unidades de Saúde, as Unidades Educacionais e as Unidades de Assistência Social,&nbsp;...",https://www.data.rio/documents/89a7412a9a2f463792d197e6da7269e7,customsearch#result,,Mapa da Subprefeitura da Grande Bangu (julho/2024),"Mapa da Subprefeitura da Grande Bangu, contendo as Unidades de Saúde, as Unidades Educacionais e as Unidades de Assistência Social,  Municipais.",https://www.arcgis.com/sharing/rest/content/items/89a7412a9a2f463792d197e6da7269e7/info/thumbnail/ago_downloaded.png?w=500,br,pt,bangu,1
google,11,Biometria: TRE-RJ leva atendimento itinerante ao Bangu Shopping ...,https://www.tre-rj.jus.br/comunicacao/noticias/2024/Fevereiro/biometria-tre-rj-leva-atendimento-itinerante-ao-bangu-shopping,"16 de fev. de 2024 ... O Bangu Shopping, na Zona Oeste da Capital, receberá ação do TRE-RJ voltada para a biometrização de eleitoras e eleitores, nos dias 20, ...",www.tre-rj.jus.br,https://www.tre-rj.jus.br/.../biometria-tre-rj-leva-atendimento-itinerante-ao-...,Biometria: TRE-RJ leva atendimento itinerante ao <b>Bangu</b> Shopping ...,"16 de fev. de 2024 <b>...</b> O <b>Bangu</b> Shopping, na Zona Oeste da Capital, receberá ação do TRE-RJ voltada para a biometrização de eleitoras e eleitores, nos dias 20,&nbsp;...",https://www.tre-rj.jus.br/.../biometria-tre-rj-leva-atendimento-itinerante-ao-...,customsearch#result,,Biometria: TRE-RJ leva atendimento itinerante ao Bangu Shopping,"Quarta ação da campanha para a biometrização do eleitorado acontece nos dias 20, 21 e 22 de fevereiro",https://www.justicaeleitoral.jus.br/imagens/imagens/tre-rj-biometria-tre-rj-leva-atendimento-itinerante-ao-bangu-shopping/@@streaming/image/Bangu Shopping-plone.jpg,br,pt,bangu,1
google,12,Shopping Bangú,https://cdpi.com.br/unidades/shopping-bangu,"Unidade Shopping Bangú. R. Fonseca, 240 - Bangu. Rio de Janeiro - Rj , 22270-000. Horário de Atendimento. Sábado: das 07:00 as 17:00.",cdpi.com.br,https://cdpi.com.br/unidades/shopping-bangu,Shopping <b>Bangú</b>,"Unidade Shopping <b>Bangú</b>. R. Fonseca, 240 - <b>Bangu</b>. Rio de Janeiro - Rj , 22270-000. Horário de Atendimento. Sábado: das 07:00 as 17:00.",https://cdpi.com.br/unidades/shopping-<b>bangu</b>,customsearch#result,,Shopping Bangú,,,br,pt,bangu,1
google,13,Bangu | ge,https://ge.globo.com/futebol/times/bangu/,Acompanhe as notícias do Bangu no ge.globo.,ge.globo.com,https://ge.globo.com/futebol/times/bangu/,<b>Bangu</b> | ge,Acompanhe as notícias do <b>Bangu</b> no ge.globo.,https://ge.globo.com/futebol/times/<b>bangu</b>/,customsearch#result,,Bangu | ge,Acompanhe as notícias do Bangu no ge.globo,https://s3.glbimg.com/v1/AUTH_378ee63fe83141e69caddd838034e850/static/preview-share-min.png,br,pt,bangu,1
google,14,Hospital Bangu - Rede D'Or São Luiz,https://www.rededorsaoluiz.com.br/hospital/bangu,"O Hospital Bangu oferece atendimento de Emergência Adulto, Emergência Oncológica em pacientes em Quimioterapia e Pediátrica 24 horas, além de Pronto Atendimento ...",www.rededorsaoluiz.com.br,https://www.rededorsaoluiz.com.br/hospital/bangu,Hospital <b>Bangu</b> - Rede D&#39;Or São Luiz,"O Hospital <b>Bangu</b> oferece atendimento de Emergência Adulto, Emergência Oncológica em pacientes em Quimioterapia e Pediátrica 24 horas, além de Pronto Atendimento&nbsp;...",https://www.rededorsaoluiz.com.br/hospital/<b>bangu</b>,customsearch#result,,Hospital Bangu - Rede D'Or São Luiz,"No site do Hospital Bangu você pode marcar online suas Consultas, Exames e Procedimentos. Tenha acesso a seus resultados de exame e muito mais.",https://www.rededorsaoluiz.com.br/assets/imgs/logo-rededor-blue.webp,br,pt,bangu,1
google,15,Camisa oficial Bangu- loja Kappa Brasil,https://www.kappa.com.br/bangu/camisa-oficial,Camisa oficial Brangu na Loja Kappa Brasil. Compre Online.,www.kappa.com.br,https://www.kappa.com.br/bangu/camisa-oficial,Camisa oficial <b>Bangu</b>- loja Kappa Brasil,Camisa oficial Brangu na Loja Kappa Brasil. Compre Online.,https://www.kappa.com.br/<b>bangu</b>/camisa-oficial,customsearch#result,,Camisa oficial Bangu- loja Kappa Brasil,Camisa oficial Brangu na Loja Kappa Brasil. Compre Online.,https://images.tcdn.com.br/img/img_prod/1334372/1720722196_logo-kappa_omni.png,br,pt,bangu,1
google,16,Bangu | OABRJ,https://www.oabrj.org.br/subsecoes/bangu,7 de jan. de 2025 ... Bangu. Presidente. Nathalia Pinhão de Azevedo. Vice-presidente. Fabiana Adelaide Amaral de Azevedo. Secretário-geral. Felipe Luiz Fernandes Maia ...,www.oabrj.org.br,https://www.oabrj.org.br/subsecoes/bangu,<b>Bangu</b> | OABRJ,7 de jan. de 2025 <b>...</b> <b>Bangu</b>. Presidente. Nathalia Pinhão de Azevedo. Vice-presidente. Fabiana Adelaide Amaral de Azevedo. Secretário-geral. Felipe Luiz Fernandes Maia&nbsp;...,https://www.oabrj.org.br/subsecoes/<b>bangu</b>,customsearch#result,,,,,br,pt,bangu,1
google,17,Polo Bangu – Francisco Real – RJ – Celso Lisboa,https://celsolisboa.edu.br/polos/polo-rio-de-janeiro-bangu-francisco-real-2/,"Polo Bangu – Francisco Real – RJ · Rua Francisco Real, 1950, Loja 122 - Bangu - Rio de Janeiro - RJ · Administração (Digital) · A partir de R$ 141,22 · Análise ...",celsolisboa.edu.br,https://celsolisboa.edu.br/polos/polo-rio-de-janeiro-bangu-francisco-real-2/,Polo <b>Bangu</b> – Francisco Real – RJ – Celso Lisboa,"Polo <b>Bangu</b> – Francisco Real – RJ &middot; Rua Francisco Real, 1950, Loja 122 - <b>Bangu</b> - Rio de Janeiro - RJ &middot; Administração (Digital) &middot; A partir de R$ 141,22 &middot; Análise&nbsp;...",https://celsolisboa.edu.br/polos/polo-rio-de-janeiro-<b>bangu</b>-francisco-real-2/,customsearch#result,,,,,br,pt,bangu,1
google,18,"Prefeitura inaugura neste sábado, em Bangu, unidade de ...",https://prefeitura.rio/rio-acontece/prefeitura-inaugura-neste-sabado-em-bangu-unidade-de-atendimento-medico-veterinario-gratuito/,"7 de fev. de 2020 ... Serão atendidos gratuitamente cerca de 30 animais por dia. As senhas para consulta clínica serão distribuídas de segunda a sexta-feira, em dois ...",prefeitura.rio,https://prefeitura.rio/.../prefeitura-inaugura-neste-sabado-em-bangu-unidad...,"Prefeitura inaugura neste sábado, em <b>Bangu</b>, unidade de ...","7 de fev. de 2020 <b>...</b> Serão atendidos gratuitamente cerca de 30 animais por dia. As senhas para consulta clínica serão distribuídas de segunda a sexta-feira, em dois&nbsp;...",https://prefeitura.rio/.../prefeitura-inaugura-neste-sabado-em-<b>bangu</b>-unidad...,customsearch#result,,"Prefeitura inaugura neste sábado, em Bangu, unidade de atendimento médico veterinário gratuito - Prefeitura da Cidade do Rio de Janeiro - prefeitura.rio","A Prefeitura do Rio inaugura, na manhã deste sábado (08/02), em Bangu, Zona Oeste, mais uma Unidade de Saúde Médica […]",https://prefeitura.rio/wp-content/uploads/2020/02/Subem-animais-2.jpeg,br,pt,bangu,1
google,19,Polo de Rio de Janeiro - Bangu | EAD UniCesumar,https://www.unicesumar.edu.br/ead/polo/rio-de-janeiro-bangu/,Conheça nosso polo de apoio presencial em Rio de Janeiro - RJ. A EAD Unicesumar é responsável por levar aos alunos uma metodologia intuitiva e professores ...,www.unicesumar.edu.br,https://www.unicesumar.edu.br/ead/polo/rio-de-janeiro-bangu/,Polo de Rio de Janeiro - <b>Bangu</b> | EAD UniCesumar,Conheça nosso polo de apoio presencial em Rio de Janeiro - RJ. A EAD Unicesumar é responsável por levar aos alunos uma metodologia intuitiva e professores&nbsp;...,https://www.unicesumar.edu.br/ead/polo/rio-de-janeiro-<b>bangu</b>/,customsearch#result,,Polo de Rio de Janeiro - Bangu | EAD UniCesumar,"Unidades presenciais em Curitiba, Maringá, Ponta Grossa e Londrina, e mais de 500 unidades de apoio distribuídas por todo o Brasil. Além disso, unidades de apoio em Dubai e Miami.",https://www.unicesumar.edu.br/old-ead/wp-content/uploads/sites/3/2018/11/Unicesumar_700x467-1.jpg,br,pt,bangu,1
google,20,Bangu ganha Escritório Social para atendimento de egressos do ...,https://assistenciasocial.prefeitura.rio/noticias/bangu-ganha-escritorio-social-para-atendimento-de-egressos-do-sistema-prisional/,"4 de ago. de 2023 ... SOLICITAÇÕES DE SERVIÇOS OU SUGESTÕES: ligue 1746 ou (21) 3460-1746, quando estiver em uma cidade com o código de área diferente do 21.",assistenciasocial.prefeitura.rio,https://assistenciasocial.prefeitura.rio/.../bangu-ganha-escritorio-social-para-...,<b>Bangu</b> ganha Escritório Social para atendimento de egressos do ...,"4 de ago. de 2023 <b>...</b> SOLICITAÇÕES DE SERVIÇOS OU SUGESTÕES: ligue 1746 ou (21) 3460-1746, quando estiver em uma cidade com o código de área diferente do 21.",https://assistenciasocial.prefeitura.rio/.../<b>bangu</b>-ganha-escritorio-social-para-...,customsearch#result,,,,,br,pt,bangu,1
