engine,rank,title,link,snippet
bing,1,Bipa - Sua conta digital com Bitcoin e Dólar digital,https://bipa.app/,"A Bipa oferece a forma mais simples de comprar, vender e viver com Bitcoin. Por meio do app, brasileiros conseguem facilmente integrar o Bitcoin e o Dólar Digital ao seu dia-a-dia. Clientes da Bipa podem …"
bing,2,Bipa,https://suporte.bipa.app/hc/pt-br,Como usar Bitcoin ou USDT como garantia no cartão? Como bloquear/desbloquear meu cartão Bipa? O que é o Bipa Turbo? Como adicionar o cartão Bipa ao Apple Pay ou Google Pay?
bing,3,Bipa - Cartão,https://bipa.app/cartao,"Cartão Bipa - A maneira mais prática de usar Bitcoin no seu dia a dia. Compre, venda e viva com Bitcoin."
bing,4,Bitcoin – Bipa,https://suporte.bipa.app/hc/pt-br/sections/14089878962203-Bitcoin,"O Bitcoin está revolucionando o mundo financeiro. No entanto, é importante lembrar que é um ativo novo e volátil, com preços que podem ser imprevisíveis. É fundamental investir com responsabilidade, além de …"
bing,5,Bipa Premium - Atendimento personalizado no Bitcoin,https://bipa.app/premium,Atendimento especializado para grandes alocações em Bitcoin. Aproveite o potencial de valorização do Bitcoin e proteja o seu patrimônio com orientação especializada. Descubra o Bipa Premium
bing,6,Era uma vez Bitcoin e a lenda de Satoshi Nakamoto - bipa.app,https://bipa.app/bitcoin,"Pronto para comprar sua primeira Bitcoin? Bipa é a maneira mais simples e segura de comprar, vender e guardar Bitcoin. Diferente de outros aplicativos, suas compras e vendas acontecem em segundos. O …"
bing,7,Como depositar Bitcoin na Bipa?,https://suporte.bipa.app/hc/pt-br/articles/4415114708123-Como-depositar-Bitcoin-na-Bipa,"A Bipa adota o protocolo BIP-21, compatível com pagamentos v ia rede Bitcoin ou Lightning. No entanto, nem todos os aplicativos suportam essa tecnologia. Se encontrar dificuldades com o QR Code, …"
bing,8,Produtos,https://produtos.bipa.app/,"A Bipa é a conta digital que une Pix, Bitcoin e o Dólar Digital (USDT) em um só app — de forma simples, rápida e acessível. Com USDT, você tem uma criptomoeda estável, atrelada ao dólar, ideal para …"
bing,9,O que é Bitcoin? – Bipa,https://suporte.bipa.app/hc/pt-br/articles/4415106460187-O-que-%C3%A9-Bitcoin,"O que é Bitcoin? O Bitcoin é uma moeda digital, ou criptomoeda, que foi criada em 2009 por uma pessoa ou grupo de pessoas sob o pseudônimo de Satoshi Nakamoto."
bing,10,Como criar um vale-presente de Bitcoin? – Bipa,https://suporte.bipa.app/hc/pt-br/articles/21488431140763-Como-criar-um-vale-presente-de-Bitcoin,Compartilhe esse link com a pessoa que deseja presentear com Bitcoin. Agora você está pronto para presentear seus entes queridos com Bitcoin de uma forma fácil e conveniente através do App da Bipa.
