engine,rank,title,link,snippet,displayLink,formattedUrl,htmlTitle,htmlSnippet,regiao,idioma,termo
google,1,"Cotação do Bitcoin | Preço, gráfico e valor do BTC hoje | MB",https://www.mercadobitcoin.com.br/criptomoedas/bitcoin,O preço do Bitcoin é volátil e muda a cada instante com base na negociação global. Você pode acompanhar a cotação atualizada em tempo real na seção de gráficos ...,www.mercadobitcoin.com.br,https://www.mercadobitcoin.com.br/criptomoedas/bitcoin,"Cotação do <b>Bitcoin</b> | Preço, gráfico e valor do BTC hoje | MB",O preço do <b>Bitcoin</b> é volátil e muda a cada instante com base na negociação global. Você pode acompanhar a cotação atualizada em tempo real na seção de gráficos&nbsp;...,br,pt,bitcoin
google,2,"Bitcoin – Wikipédia, a enciclopédia livre",https://pt.wikipedia.org/wiki/Bitcoin,"Bitcoin (símbolo: ₿; abreviado ISO 4217: BTC ou XBT) é uma criptomoeda descentralizada e de código aberto, um dinheiro eletrônico para transações ...",pt.wikipedia.org,https://pt.wikipedia.org/wiki/Bitcoin,"<b>Bitcoin</b> – Wikipédia, a enciclopédia livre","<b>Bitcoin</b> (símbolo: ₿; abreviado ISO 4217: BTC ou XBT) é uma criptomoeda descentralizada e de código aberto, um dinheiro eletrônico para transações&nbsp;...",br,pt,bitcoin
google,3,Mercado Bitcoin: Sua plataforma de investimentos digitais,https://www.mercadobitcoin.com.br/,O MB é a maior plataforma de investimentos em ativos digitais da América Latina e conta com um portfólio amplo para você descomplicar sua vida financeira.,www.mercadobitcoin.com.br,https://www.mercadobitcoin.com.br/,Mercado <b>Bitcoin</b>: Sua plataforma de investimentos digitais,O MB é a maior plataforma de investimentos em ativos digitais da América Latina e conta com um portfólio amplo para você descomplicar sua vida financeira.,br,pt,bitcoin
google,4,BTC USD — Preço e Gráfico do Bitcoin — TradingView,https://br.tradingview.com/symbols/BTCUSD/,"O preço de Bitcoin caiu −3,44% na última semana, seu desempenho mensal mostra uma redução de −14,84%, e, em relação ao ano passado, Bitcoin diminuiu −3,76%.",br.tradingview.com,https://br.tradingview.com/symbols/BTCUSD/,BTC USD — Preço e Gráfico do <b>Bitcoin</b> — TradingView,"O preço de <b>Bitcoin</b> caiu −3,44% na última semana, seu desempenho mensal mostra uma redução de −14,84%, e, em relação ao ano passado, <b>Bitcoin</b> diminuiu −3,76%.",br,pt,bitcoin
google,5,Cotação Bitcoin Hoje e Preço (BTC) - Investing.com,https://br.investing.com/crypto/bitcoin,"O Bitcoin é uma criptomoeda descentralizada baseada em blockchain, sem necessidade de intermediários. A criptografia e o consenso da rede de mineradores que ...",br.investing.com,https://br.investing.com/crypto/bitcoin,Cotação <b>Bitcoin</b> Hoje e Preço (BTC) - Investing.com,"O <b>Bitcoin</b> é uma criptomoeda descentralizada baseada em blockchain, sem necessidade de intermediários. A criptografia e o consenso da rede de mineradores que&nbsp;...",br,pt,bitcoin
google,6,Bitcoin Preço Hoje | BTC para USD Preço Em Tempo Real ...,https://www.binance.com/pt-BR/price/bitcoin,"1 Bitcoin atualmente custa $91164.06, queda de 1.61% nas últimas 24h. Converta BTC para USD com nosso conversor instantâneo de criptomoedas e visualize as ...",www.binance.com,https://www.binance.com/pt-BR/price/bitcoin,<b>Bitcoin</b> Preço Hoje | BTC para USD Preço Em Tempo Real ...,"1 <b>Bitcoin</b> atualmente custa $91164.06, queda de 1.61% nas últimas 24h. Converta BTC para USD com nosso conversor instantâneo de criptomoedas e visualize as&nbsp;...",br,pt,bitcoin
google,7,Bitcoin - Dinheiro P2P de código aberto,https://bitcoin.org/pt_BR/,Bitcoin é uma rede inovadora de pagamento e um novo tipo de moeda. Encontre tudo o que você precisa saber e comece com Bitcoin em bitcoin.org.,bitcoin.org,https://bitcoin.org/pt_BR/,<b>Bitcoin</b> - Dinheiro P2P de código aberto,<b>Bitcoin</b> é uma rede inovadora de pagamento e um novo tipo de moeda. Encontre tudo o que você precisa saber e comece com <b>Bitcoin</b> em <b>bitcoin</b>.org.,br,pt,bitcoin
google,8,Bitcoin: o que é e como funciona essa moeda virtual?,https://blog.nubank.com.br/o-que-e-bitcoin/,"11 de mar. de 2020 ... O bitcoin é uma moeda virtual – a primeira criada no mundo – e pode ser usado para a compra de serviços, produtos e quaisquer outros itens em ...",blog.nubank.com.br,https://blog.nubank.com.br/o-que-e-bitcoin/,<b>Bitcoin</b>: o que é e como funciona essa moeda virtual?,"11 de mar. de 2020 <b>...</b> O <b>bitcoin</b> é uma moeda virtual – a primeira criada no mundo – e pode ser usado para a compra de serviços, produtos e quaisquer outros itens em&nbsp;...",br,pt,bitcoin
google,9,Contrato Futuro de bitcoin tem seu tamanho reduzido em 10 vezes,https://clientes.b3.com.br/w/contrato-futuro-de-bitcoin-tem-seu-tamanho-reduzido-em-10-vezes,"Desde 16 de junho, os investidores podem negociar Futuro de bitcoin com o contrato reduzido em dez vezes na B3. Antes, o contrato representava 10% do valor ...",clientes.b3.com.br,https://clientes.b3.com.br/.../contrato-futuro-de-bitcoin-tem-seu-tamanho-re...,Contrato Futuro de <b>bitcoin</b> tem seu tamanho reduzido em 10 vezes,"Desde 16 de junho, os investidores podem negociar Futuro de <b>bitcoin</b> com o contrato reduzido em dez vezes na B3. Antes, o contrato representava 10% do valor&nbsp;...",br,pt,bitcoin
google,10,"Bitcoin (BTC) Preço, Gráfico, Capitalização de Mercado ...",https://coinmarketcap.com/pt-br/currencies/bitcoin/,O preço de agora de Bitcoin de hoje é de R$500319.22 BRL com um volume de negociação em 24 horas de R$349324103420.02 BRL. Atualizamos nosso preço de BTC ...,coinmarketcap.com,https://coinmarketcap.com/pt-br/currencies/bitcoin/,"<b>Bitcoin</b> (BTC) Preço, Gráfico, Capitalização de Mercado ...",O preço de agora de <b>Bitcoin</b> de hoje é de R$500319.22 BRL com um volume de negociação em 24 horas de R$349324103420.02 BRL. Atualizamos nosso preço de BTC&nbsp;...,br,pt,bitcoin
google,11,Bitcoin hoje: Analistas dizem para onde vai o BTC no restante de 2025,https://portaldobitcoin.uol.com.br/bitcoin-hoje-analistas-dizem-para-onde-vai-o-btc-no-restante-de-2025/,"2 de dez. de 2025 ... Nesta terça-feira (2), o Bitcoin se mantém na faixa de US$ 86.802, com leve ganho de 0,2% ao dia. Em reais, a cotação do ativo está em R$ ...",portaldobitcoin.uol.com.br,https://portaldobitcoin.uol.com.br/bitcoin-hoje-analistas-dizem-para-onde-v...,<b>Bitcoin</b> hoje: Analistas dizem para onde vai o BTC no restante de 2025,"2 de dez. de 2025 <b>...</b> Nesta terça-feira (2), o <b>Bitcoin</b> se mantém na faixa de US$ 86.802, com leve ganho de 0,2% ao dia. Em reais, a cotação do ativo está em R$&nbsp;...",br,pt,bitcoin
google,12,bitcoin bet - Bônus e prêmios todos os dias,http://notafiscal.teresina.pi.gov.br/android/bitcoin-bet/,"bitcoin bet : Uma das principais vantagens da é a ampla variedade de esportes e eventos disponíveis para apostas. Futebol, basquete, tênis, vôlei e muitos ...",notafiscal.teresina.pi.gov.br,http://notafiscal.teresina.pi.gov.br/android/bitcoin-bet/,<b>bitcoin</b> bet - Bônus e prêmios todos os dias,"<b>bitcoin</b> bet : Uma das principais vantagens da é a ampla variedade de esportes e eventos disponíveis para apostas. Futebol, basquete, tênis, vôlei e muitos&nbsp;...",br,pt,bitcoin
google,13,"Bitcoin BTC HOJE - Cotação, Indicadores e Notícias",https://www.infomoney.com.br/cotacoes/cripto/ativo/bitcoin-btc/,"Acompanhe Bitcoin BTC: gráficos, cotações, dividendos, resultados, análises, notícias, fatos relevantes e mais.",www.infomoney.com.br,https://www.infomoney.com.br/cotacoes/cripto/ativo/bitcoin-btc/,"<b>Bitcoin</b> BTC HOJE - Cotação, Indicadores e Notícias","Acompanhe <b>Bitcoin</b> BTC: gráficos, cotações, dividendos, resultados, análises, notícias, fatos relevantes e mais.",br,pt,bitcoin
google,14,"O que é bitcoin, a primeira criptomoeda do mundo - Nexo Jornal",https://www.nexojornal.com.br/index/2024/03/10/o-que-e-bitcoin,10 de mar. de 2024 ... O bitcoin é a primeira e mais famosa criptomoeda do mundo. Ele foi lançado em 2008 por Satoshi Nakamoto — pseudônimo utilizado pelo responsável ...,www.nexojornal.com.br,https://www.nexojornal.com.br/index/2024/03/10/o-que-e-bitcoin,"O que é <b>bitcoin</b>, a primeira criptomoeda do mundo - Nexo Jornal",10 de mar. de 2024 <b>...</b> O <b>bitcoin</b> é a primeira e mais famosa criptomoeda do mundo. Ele foi lançado em 2008 por Satoshi Nakamoto — pseudônimo utilizado pelo responsável&nbsp;...,br,pt,bitcoin
google,15,Aprovado em 1º turno projeto que transforma BH na “Capital do ...,https://www.cmbh.mg.gov.br/comunica%C3%A7%C3%A3o/not%C3%ADcias/2025/05/aprovado-em-1%C2%BA-turno-projeto-que-transforma-bh-na-%E2%80%9Ccapital-do-bitcoin%E2%80%9D,"7 de mai. de 2025 ... Criado em 2008, o bitcoin é a primeira moeda virtual do mundo e independe de instituições financeiras, empresas ou governos para ser ...",www.cmbh.mg.gov.br,https://www.cmbh.mg.gov.br/.../aprovado-em-1º-turno-projeto-que-transfo...,Aprovado em 1º turno projeto que transforma BH na “Capital do ...,"7 de mai. de 2025 <b>...</b> Criado em 2008, o <b>bitcoin</b> é a primeira moeda virtual do mundo e independe de instituições financeiras, empresas ou governos para ser&nbsp;...",br,pt,bitcoin
google,16,preço bitcoin dolar,https://portal.ifba.edu.br/video/202511/pre%C3%A7o%20bitcoin%20dolar,"Bem-vindo ao preço bitcoin dolar, um jogo de terror que vai testar seus limites. Você acorda em uma instalação abandonada, com memórias fragmentadas e um ...",portal.ifba.edu.br,https://portal.ifba.edu.br/video/202511/preço%20bitcoin%20dolar,preço <b>bitcoin</b> dolar,"Bem-vindo ao preço <b>bitcoin</b> dolar, um jogo de terror que vai testar seus limites. Você acorda em uma instalação abandonada, com memórias fragmentadas e um&nbsp;...",br,pt,bitcoin
google,17,Efeito Trump: bitcoin ultrapassa marca de US$ 100 mil pela primeira ...,https://www.cnnbrasil.com.br/economia/macroeconomia/efeito-trump-bitcoin-ultrapassa-marca-de-us-100-mil-pela-primeira-vez-na-historia/,"5 de dez. de 2024 ... O valor subiu para a máxima recorde de US$ 103.619, impulsionado pela indicação de Paul Atkins para dirigir a agência reguladora do mercado ...",www.cnnbrasil.com.br,https://www.cnnbrasil.com.br/.../efeito-trump-bitcoin-ultrapassa-marca-de-u...,Efeito Trump: <b>bitcoin</b> ultrapassa marca de US$ 100 mil pela primeira ...,"5 de dez. de 2024 <b>...</b> O valor subiu para a máxima recorde de US$ 103.619, impulsionado pela indicação de Paul Atkins para dirigir a agência reguladora do mercado&nbsp;...",br,pt,bitcoin
google,18,CVM alerta para atuação irregular do Mercado Bitcoin Serviços ...,https://www.gov.br/cvm/pt-br/assuntos/noticias/2025/cvm-alerta-para-atuacao-irregular-do-mercado-bitcoin-servicos-digitais-ltda-na-intermediacao-de-contratos-de-investimento-coletivo,"11 de mar. de 2025 ... A Autarquia constatou que a empresa, por meio da página www.mercadobitcoin.com.br, oferta e atua na intermediação de oportunidades de ...",www.gov.br,https://www.gov.br/.../cvm-alerta-para-atuacao-irregular-do-mercado-bitcoi...,CVM alerta para atuação irregular do Mercado <b>Bitcoin</b> Serviços ...,"11 de mar. de 2025 <b>...</b> A Autarquia constatou que a empresa, por meio da página www.mercadobitcoin.com.br, oferta e atua na intermediação de oportunidades de&nbsp;...",br,pt,bitcoin
google,19,bet bitcoin,https://www.cmdv.pr.gov.br/card/bet+bitcoin,Dê uma olhada! bet bitcoin bet bitcoin. por Tercio Lustosa. 4.8 de 5 estrelas 68 avaliações de clientes. Preço: Aplicativo gratuito para baixar.,www.cmdv.pr.gov.br,https://www.cmdv.pr.gov.br/card/bet+bitcoin,bet <b>bitcoin</b>,Dê uma olhada! bet <b>bitcoin</b> bet <b>bitcoin</b>. por Tercio Lustosa. 4.8 de 5 estrelas 68 avaliações de clientes. Preço: Aplicativo gratuito para baixar.,br,pt,bitcoin
google,20,Portal ETF BTG Pactual Teva Bitcoin - BITC11,https://www.btgpactual.com/asset-management/BITC11,O ETF BITC11 replica o Índice Teva Bitcoin. Este índice tem como objetivo refletir o retorno total de uma carteira composta exclusivamente pela criptomoeda ...,www.btgpactual.com,https://www.btgpactual.com/asset-management/BITC11,Portal ETF BTG Pactual Teva <b>Bitcoin</b> - BITC11,O ETF BITC11 replica o Índice Teva <b>Bitcoin</b>. Este índice tem como objetivo refletir o retorno total de uma carteira composta exclusivamente pela criptomoeda&nbsp;...,br,pt,bitcoin
google,21,"Negociar criptomoedas no Inter é seguro a partir de R$1,00",https://inter.co/pra-voce/investimentos/criptomoedas/,"O jeito mais seguro de investir em criptomoedas com o Inter Cripto. Diversifique sua carteira investindo em Bitcoin, Ethereum, Theter, Litecoin e Ripple.",inter.co,https://inter.co/pra-voce/investimentos/criptomoedas/,"Negociar criptomoedas no Inter é seguro a partir de R$1,00","O jeito mais seguro de investir em criptomoedas com o Inter Cripto. Diversifique sua carteira investindo em <b>Bitcoin</b>, Ethereum, Theter, Litecoin e Ripple.",br,pt,bitcoin
google,22,Comprar Bitcoin (BTC) com o melhor preço | Bitybank,https://www.bity.com.br/criptomoedas/btc/,"No Bitybank você encontra a criptomoeda Bitcoin (BTC) com o melhor preço do mercado. Compre com segurança, agilidade e ganhe cashback. Acesse!",www.bity.com.br,https://www.bity.com.br/criptomoedas/btc/,Comprar <b>Bitcoin</b> (BTC) com o melhor preço | Bitybank,"No Bitybank você encontra a criptomoeda <b>Bitcoin</b> (BTC) com o melhor preço do mercado. Compre com segurança, agilidade e ganhe cashback. Acesse!",br,pt,bitcoin
google,23,Futuro de bitcoin | B3,https://www.b3.com.br/pt_br/noticias/volume-financeiro.htm,"16 de mai. de 2025 ... Lançado pela B3 em 17 de abril de 2024, o Contrato Futuro de Bitcoin permite que os investidores se protejam contra futuras oscilações de preço ...",www.b3.com.br,https://www.b3.com.br/pt_br/noticias/volume-financeiro.htm,Futuro de <b>bitcoin</b> | B3,"16 de mai. de 2025 <b>...</b> Lançado pela B3 em 17 de abril de 2024, o Contrato Futuro de <b>Bitcoin</b> permite que os investidores se protejam contra futuras oscilações de preço&nbsp;...",br,pt,bitcoin
google,24,Bitcoin: quem é quem na 'guerra' das criptomoedas (e como isso ...,https://www.bbc.com/portuguese/geral-57388759,10 de jun. de 2021 ... Há uma batalha sendo travada entre os guardiões do sistema financeiro internacional e os defensores das criptomoedas.,www.bbc.com,https://www.bbc.com/portuguese/geral-57388759,<b>Bitcoin</b>: quem é quem na &#39;guerra&#39; das criptomoedas (e como isso ...,10 de jun. de 2021 <b>...</b> Há uma batalha sendo travada entre os guardiões do sistema financeiro internacional e os defensores das criptomoedas.,br,pt,bitcoin
google,25,"Bitcoin: O que é, Como Funciona, Calculadora | Foxbit",https://foxbit.com.br/o-que-e-bitcoin/,"O Bitcoin (BTC) é a primeira criptomoeda do mundo. Ele foi criado para permitir transações diretas entre pessoas, sem depender de bancos, governos ou ...",foxbit.com.br,https://foxbit.com.br/o-que-e-bitcoin/,"<b>Bitcoin</b>: O que é, Como Funciona, Calculadora | Foxbit","O <b>Bitcoin</b> (BTC) é a primeira criptomoeda do mundo. Ele foi criado para permitir transações diretas entre pessoas, sem depender de bancos, governos ou&nbsp;...",br,pt,bitcoin
google,26,"Por que a Tesla investiu US$ 1,5 bilhão em bitcoins e como isso ...",https://www.bbc.com/portuguese/geral-55997100,"9 de fev. de 2021 ... Empresa de Elon Musk anunciou grande investimento na criptomoeda bitcoin, o que pode levar outras grandes companhias na mesma direção.",www.bbc.com,https://www.bbc.com/portuguese/geral-55997100,"Por que a Tesla investiu US$ 1,5 bilhão em <b>bitcoins</b> e como isso ...","9 de fev. de 2021 <b>...</b> Empresa de Elon Musk anunciou grande investimento na criptomoeda <b>bitcoin</b>, o que pode levar outras grandes companhias na mesma direção.",br,pt,bitcoin
google,27,O bitcoin é um valor mobiliário ou um ativo financeiro?,https://www12.senado.leg.br/ril/edicoes/59/236/ril_v59_n236_p209.pdf,"Contudo, os bitcoins podem ser fracionados em até cem milhões de unidades menores e a menor fração de bitcoindisponível para negociação é o satoshi, que ...",www12.senado.leg.br,https://www12.senado.leg.br/ril/edicoes/59/236/ril_v59_n236_p209.pdf,O <b>bitcoin</b> é um valor mobiliário ou um ativo financeiro?,"Contudo, os <b>bitcoins</b> podem ser fracionados em até cem milhões de unidades menores e a menor fração de bitcoindisponível para negociação é o satoshi, que&nbsp;...",br,pt,bitcoin
google,28,Projeto prevê que o Brasil mantenha parte das reservas ...,https://www.camara.leg.br/noticias/1133082-projeto-preve-que-o-brasil-mantenha-parte-das-reservas-internacionais-em-criptomoedas,"13 de fev. de 2025 ... O Projeto de Lei 4501/24 cria a Reserva Estratégica Soberana de Bitcoins (RESBit), prevendo a compra de criptomoedas pelo governo federal ...",www.camara.leg.br,https://www.camara.leg.br/.../1133082-projeto-preve-que-o-brasil-mantenh...,Projeto prevê que o Brasil mantenha parte das reservas ...,"13 de fev. de 2025 <b>...</b> O Projeto de Lei 4501/24 cria a Reserva Estratégica Soberana de <b>Bitcoins</b> (RESBit), prevendo a compra de criptomoedas pelo governo federal&nbsp;...",br,pt,bitcoin
google,29,“Sheik do Bitcoin” é condenado a 56 anos de prisão pela Justiça ...,https://www.trf4.jus.br/trf4/controlador.php?acao=noticia_visualizar&id_noticia=28623,10 de out. de 2024 ... O réu foi condenado a 56 anos e quatro meses de prisão em regime fechado. Os bens e valores apreendidos e sequestrados foram destinados ao Juízo ...,www.trf4.jus.br,https://www.trf4.jus.br/trf4/controlador.php?acao=noticia_visualizar...,“Sheik do <b>Bitcoin</b>” é condenado a 56 anos de prisão pela Justiça ...,10 de out. de 2024 <b>...</b> O réu foi condenado a 56 anos e quatro meses de prisão em regime fechado. Os bens e valores apreendidos e sequestrados foram destinados ao Juízo&nbsp;...,br,pt,bitcoin
google,30,Universidade de Brasília tem disciplina sobre Bitcoin - UnB Notícias,https://noticias.unb.br/ensino/7769-universidade-de-brasilia-tem-disciplina-sobre-bitcoin,"6 de jan. de 2025 ... Em três tópicos, o professor aborda soluções de problemas que a tecnologia Bitcoin resolve: “Criar e gerenciar chaves criptográficas; ...",noticias.unb.br,https://noticias.unb.br/.../7769-universidade-de-brasilia-tem-disciplina-sobr...,Universidade de Brasília tem disciplina sobre Bitcoin - UnB Notícias,"6 de jan. de 2025 <b>...</b> Em três tópicos, o professor aborda soluções de problemas que a tecnologia <b>Bitcoin</b> resolve: “Criar e gerenciar chaves criptográficas;&nbsp;...",br,pt,bitcoin
google,31,Bitcoin: Notícias sobre bitcoin | Folha Tópicos,https://www1.folha.uol.com.br/folha-topicos/bitcoin/,"Bitcoin é a principal criptomoeda da atualidade. Criada em 2008, foi a primeira moeda digital descentralizada operar no mercado financeiro.",www1.folha.uol.com.br,https://www1.folha.uol.com.br/folha-topicos/bitcoin/,<b>Bitcoin</b>: Notícias sobre <b>bitcoin</b> | Folha Tópicos,"<b>Bitcoin</b> é a principal criptomoeda da atualidade. Criada em 2008, foi a primeira moeda digital descentralizada operar no mercado financeiro.",br,pt,bitcoin
google,32,Fundo BTG Pactual Bitcoin 20 FIM,https://conteudo.btgpactual.com/fundo-btg-pactual-bitcoin-20-fim,"O primeiro banco do país a oferecer um fundo de Bitcoin para você investir de forma simples, segura e rápida em um mercado emergente e com potencial de alta ...",conteudo.btgpactual.com,https://conteudo.btgpactual.com/fundo-btg-pactual-bitcoin-20-fim,Fundo BTG Pactual <b>Bitcoin</b> 20 FIM,"O primeiro banco do país a oferecer um fundo de <b>Bitcoin</b> para você investir de forma simples, segura e rápida em um mercado emergente e com potencial de alta&nbsp;...",br,pt,bitcoin
google,33,Bitcoin: o filho rebelde do neoliberalismo Bitcoin: o ... - SciELO Brasil,https://www.scielo.br/j/se/a/RpCkhf5yTKmsmJmhgKnB8MH/,"1 de ago. de 2022 ... Concretamente, o Bitcoin é uma moeda alternativa digital e um sistema de pagamento on-line, criado em 2009, que se diferencia por ter uma lógica ...",www.scielo.br,https://www.scielo.br/j/se/a/RpCkhf5yTKmsmJmhgKnB8MH/,Bitcoin: o filho rebelde do neoliberalismo Bitcoin: o ... - SciELO Brasil,"1 de ago. de 2022 <b>...</b> Concretamente, o <b>Bitcoin</b> é uma moeda alternativa digital e um sistema de pagamento on-line, criado em 2009, que se diferencia por ter uma lógica&nbsp;...",br,pt,bitcoin
google,34,Inscrições abertas para segunda turma do curso sobre bitcoin ...,https://escola.mpu.mp.br/a-escola/comunicacao/noticias/inscricoes-abertas-para-segunda-turma-do-curso-sobre-bitcoin-criptoativos-e-blockchain,"14 de mai. de 2025 ... Com 20 horas-aula, o curso tem como objetivo capacitar tecnicamente os participantes para lidarem com os mais diversos problemas práticos que ...",escola.mpu.mp.br,https://escola.mpu.mp.br/.../inscricoes-abertas-para-segunda-turma-do-curs...,Inscrições abertas para segunda turma do curso sobre <b>bitcoin</b> ...,"14 de mai. de 2025 <b>...</b> Com 20 horas-aula, o curso tem como objetivo capacitar tecnicamente os participantes para lidarem com os mais diversos problemas práticos que&nbsp;...",br,pt,bitcoin
google,35,Itaú Unibanco amplia acesso de clientes íon Itaú aos ativos Bitcoin e ...,https://www.itau.com.br/relacoes-com-investidores/noticias/itau-unibanco-amplia-acesso-de-clientes-ion-itau-aos-ativos-bitcoin-e-ethereum/,"Banco aponta segurança, atendimento e educação como diferenciais da experiência de negociação de ativos digitais. Junho de 2024 – Atendendo à crescente ...",www.itau.com.br,https://www.itau.com.br/.../itau-unibanco-amplia-acesso-de-clientes-ion-itau...,Itaú Unibanco amplia acesso de clientes íon Itaú aos ativos <b>Bitcoin</b> e ...,"Banco aponta segurança, atendimento e educação como diferenciais da experiência de negociação de ativos digitais. Junho de 2024 – Atendendo à crescente&nbsp;...",br,pt,bitcoin
google,36,O BITCOIN VAI VOLTAR A SUBIR? - YouTube,https://www.youtube.com/shorts/tq1UI5eyNfg,"20 de set. de 2025 ... Trecho do episódio 260 sobre BITCOIN: HORA DE COMPRAR OU ESPERAR? (Felipe Sant Ana - Paradigma Education), com Felipe Santana @felipether ...",www.youtube.com,https://www.youtube.com/shorts/tq1UI5eyNfg,O <b>BITCOIN</b> VAI VOLTAR A SUBIR? - YouTube,"20 de set. de 2025 <b>...</b> Trecho do episódio 260 sobre <b>BITCOIN</b>: HORA DE COMPRAR OU ESPERAR? (Felipe Sant Ana - Paradigma Education), com Felipe Santana @felipether&nbsp;...",br,pt,bitcoin
google,37,On the predictability of high and low prices: The case of Bitcoin ...,https://periodicos.fgv.br/rbfin/article/view/77578,15 de out. de 2019 ... Bitcoin has attracted the attention of investors lately due to its ... Bitcoin prices using a fractionally cointegrated vector autoregressive ( ...,periodicos.fgv.br,https://periodicos.fgv.br/rbfin/article/view/77578,On the predictability of high and low prices: The case of <b>Bitcoin</b> ...,15 de out. de 2019 <b>...</b> <b>Bitcoin</b> has attracted the attention of investors lately due to its ... <b>Bitcoin</b> prices using a fractionally cointegrated vector autoregressive (&nbsp;...,br,pt,bitcoin
google,38,Introdução do Bitcoin em um portfólio com ativos brasileiros | CAFI,https://revistas.pucsp.br/index.php/CAFI/article/view/70614,"12 de jul. de 2025 ... Bitcoin, Diversificação, Teoria Moderna do Portfólio de Markowitz, Índice de Sharpe , Ativos financeiros ...",revistas.pucsp.br,https://revistas.pucsp.br/index.php/CAFI/article/view/70614,Introdução do <b>Bitcoin</b> em um portfólio com ativos brasileiros | CAFI,"12 de jul. de 2025 <b>...</b> <b>Bitcoin</b>, Diversificação, Teoria Moderna do Portfólio de Markowitz, Índice de Sharpe , Ativos financeiros&nbsp;...",br,pt,bitcoin
google,39,Bitcoin é bolha? Crescimento extraordinário no ano atrai ...,https://unicamp.br/unicamp/clipping/2017/11/29/bitcoin-e-bolha-crescimento-extraordinario-no-ano-atrai-investidores-e-divide-0,"29 de nov. de 2017 ... Durante bolhas, os preços de ativos se descolam de mensurações reais, explica Fernando Nogueira da Costa, professor da Unicamp.",unicamp.br,https://unicamp.br/.../bitcoin-e-bolha-crescimento-extraordinario-no-ano-at...,<b>Bitcoin</b> é bolha? Crescimento extraordinário no ano atrai ...,"29 de nov. de 2017 <b>...</b> Durante bolhas, os preços de ativos se descolam de mensurações reais, explica Fernando Nogueira da Costa, professor da Unicamp.",br,pt,bitcoin
google,40,Os Sócios 239 - A ESTRATÉGIA DE MÉLIUZ (CASH3) PRA ...,https://open.spotify.com/episode/4J7JozX8r0SwuVyQChtt6i,"17 de abr. de 2025 ... Nos últimos anos, algumas empresas ao redor do mundo adotaram estratégias ousadas com Bitcoin, não apenas colocando-o no centro do negócio, ...",open.spotify.com,https://open.spotify.com/episode/4J7JozX8r0SwuVyQChtt6i,Os Sócios 239 - A ESTRATÉGIA DE MÉLIUZ (CASH3) PRA ...,"17 de abr. de 2025 <b>...</b> Nos últimos anos, algumas empresas ao redor do mundo adotaram estratégias ousadas com <b>Bitcoin</b>, não apenas colocando-o no centro do negócio,&nbsp;...",br,pt,bitcoin
google,41,Bitcoin é bolha? Crescimento extraordinário no ano atrai ...,https://unicamp.br/unicamp/clipping/2017/11/29/bitcoin-e-bolha-crescimento-extraordinario-no-ano-atrai-investidores-e-divide,29 de nov. de 2017 ... Bitcoin é bolha? Crescimento extraordinário no ano atrai investidores e divide economistas; entenda. Local de Publicação. G1. Data de ...,unicamp.br,https://unicamp.br/.../bitcoin-e-bolha-crescimento-extraordinario-no-ano-at...,<b>Bitcoin</b> é bolha? Crescimento extraordinário no ano atrai ...,29 de nov. de 2017 <b>...</b> <b>Bitcoin</b> é bolha? Crescimento extraordinário no ano atrai investidores e divide economistas; entenda. Local de Publicação. G1. Data de&nbsp;...,br,pt,bitcoin
google,42,‎App Bitkey - Bitcoin Wallet – App Store,https://apps.apple.com/br/app/bitkey-bitcoin-wallet/id6476990471,"... bitcoin. It's a mobile app, hardware device, and a set of recovery tools all in one wallet. Control If you hold bitcoin with an exchange, you don't control it.",apps.apple.com,https://apps.apple.com/br/app/bitkey-bitcoin-wallet/id6476990471,‎App Bitkey - <b>Bitcoin</b> Wallet – App Store,"... <b>bitcoin</b>. It&#39;s a mobile app, hardware device, and a set of recovery tools all in one wallet. Control If you hold <b>bitcoin</b> with an exchange, you don&#39;t control it.",br,pt,bitcoin
google,43,Previsibilidade da direção do preço intradiário do bitcoin com ...,https://www.teses.usp.br/teses/disponiveis/12/12139/tde-04092023-191410/en.php,12 de set. de 2023 ... O mercado de negociação do bitcoin apresentou um acelerado crescimento a partir do ano de 2019 e atraiu a atenção de investidores ...,www.teses.usp.br,https://www.teses.usp.br/teses/disponiveis/12/12139/tde...191410/en.php,Previsibilidade da direção do preço intradiário do <b>bitcoin</b> com ...,12 de set. de 2023 <b>...</b> O mercado de negociação do <b>bitcoin</b> apresentou um acelerado crescimento a partir do ano de 2019 e atraiu a atenção de investidores&nbsp;...,br,pt,bitcoin
google,44,Bitcoin para programadores — ITS Rio,https://itsrio.org/pt/publicacoes/bitcoin-para-programadores/,"2 de mai. de 2017 ... Não é possível desenvolver aplicações Bitcoin de forma segura e consciente sem antes entender um grupo específico de assuntos, ...",itsrio.org,https://itsrio.org/pt/publicacoes/bitcoin-para-programadores/,<b>Bitcoin</b> para programadores — ITS Rio,"2 de mai. de 2017 <b>...</b> Não é possível desenvolver aplicações <b>Bitcoin</b> de forma segura e consciente sem antes entender um grupo específico de assuntos,&nbsp;...",br,pt,bitcoin
google,45,bitcoin – Agência USP de Inovação,https://www.inovacao.usp.br/tag/bitcoin/,"... bitcoin. Acontece na USP. 03/07/2019. Depois dos bitcoins, libra é a nova moeda do Facebook. Rede social passa a valer dinheiro download do áudio A discussão ...",www.inovacao.usp.br,https://www.inovacao.usp.br/tag/bitcoin/,<b>bitcoin</b> – Agência USP de Inovação,"... <b>bitcoin</b>. Acontece na USP. 03/07/2019. Depois dos <b>bitcoins</b>, libra é a nova moeda do Facebook. Rede social passa a valer dinheiro download do áudio A discussão&nbsp;...",br,pt,bitcoin
google,46,Tudo sobre Alta bitcoin na Forbes Brasil,https://forbes.com.br/noticias-sobre/alta-bitcoin/,"Conteúdos relevantes, artigos e notícias sobre Alta bitcoin. Acesse a Forbes, a mais conceituada revista de negócios e economia.",forbes.com.br,https://forbes.com.br/noticias-sobre/alta-bitcoin/,Tudo sobre Alta <b>bitcoin</b> na Forbes Brasil,"Conteúdos relevantes, artigos e notícias sobre Alta <b>bitcoin</b>. Acesse a Forbes, a mais conceituada revista de negócios e economia.",br,pt,bitcoin
google,47,"Bitcoin desaba 6,2% em sete dias e entra em semana crucial com ...",https://valor.globo.com/financas/criptomoedas/noticia/2024/07/05/bitcoin-desaba-62-pontos-percentuais-em-sete-dias-e-entra-em-semana-crucial-com-inflao-dos-eua-e-etfs-de-ether.ghtml,"5 de jul. de 2024 ... Representação do bitcoin desaparecendo — Foto: Mohamed Hassan/Pixabay. O bitcoin (BTC) desaba 6,2% em ...",valor.globo.com,https://valor.globo.com/.../bitcoin-desaba-62-pontos-percentuais-em-sete-di...,"<b>Bitcoin</b> desaba 6,2% em sete dias e entra em semana crucial com ...","5 de jul. de 2024 <b>...</b> Representação do <b>bitcoin</b> desaparecendo — Foto: Mohamed Hassan/Pixabay. O <b>bitcoin</b> (BTC) desaba 6,2% em&nbsp;...",br,pt,bitcoin
google,48,BITCOIN EM QUEDA: É HORA DE CO…–Os Sócios Podcast ...,https://podcasts.apple.com/ao/podcast/bitcoin-em-queda-%C3%A9-hora-de-comprar-o-que-esperar-do/id1553427360?i=1000739415783,3 de dez. de 2025 ... BITCOIN EM QUEDA: É HORA DE COMPRAR? O QUE ESPERAR DO MERCADO CRIPTO ... Bitcoin iniciou um movimento de queda que culminou nos últimos ...,podcasts.apple.com,https://podcasts.apple.com/ao/podcast/bitcoin-em.../id1553427360?i...,<b>BITCOIN</b> EM QUEDA: É HORA DE CO…–Os Sócios Podcast ...,3 de dez. de 2025 <b>...</b> <b>BITCOIN</b> EM QUEDA: É HORA DE COMPRAR? O QUE ESPERAR DO MERCADO CRIPTO ... <b>Bitcoin</b> iniciou um movimento de queda que culminou nos últimos&nbsp;...,br,pt,bitcoin
google,49,Rádio CBN | O que faz o Bitcoin se valorizar tanto? No novo ...,https://www.instagram.com/reel/DRkwC22EYdE/,27 de nov. de 2025 ... ... Bitcoin #Criptomoedas #Tecnologia #Futuro ... Do Bitcoin determinado pelo encontro da sua oferta contra a sua demanda.,www.instagram.com,https://www.instagram.com/reel/DRkwC22EYdE/,Rádio CBN | O que faz o <b>Bitcoin</b> se valorizar tanto? No novo ...,27 de nov. de 2025 <b>...</b> ... <b>Bitcoin</b> #Criptomoedas #Tecnologia #Futuro ... Do <b>Bitcoin</b> determinado pelo encontro da sua oferta contra a sua demanda.,br,pt,bitcoin
google,50,PESQUISA BIBLIOGRÁFICA SOBRE OS ESTUDOS CIENTÍFICOS ...,https://www.redalyc.org/journal/5707/570761613004/movil/,PESQUISA BIBLIOGRÁFICA SOBRE OS ESTUDOS CIENTÍFICOS RELACIONADOS COM O BITCOIN E A BLOCKCHAINBIBLIOGRAPHIC RESEARCH ON SCIENTIFIC STUDIES RELATED TO BITCOIN ...,www.redalyc.org,https://www.redalyc.org/journal/5707/570761613004/movil/,PESQUISA BIBLIOGRÁFICA SOBRE OS ESTUDOS CIENTÍFICOS ...,PESQUISA BIBLIOGRÁFICA SOBRE OS ESTUDOS CIENTÍFICOS RELACIONADOS COM O <b>BITCOIN</b> E A BLOCKCHAINBIBLIOGRAPHIC RESEARCH ON SCIENTIFIC STUDIES RELATED TO <b>BITCOIN</b>&nbsp;...,br,pt,bitcoin
google,51,"Parfin, a fintech que quer azeitar o namoro entre o bitcoin e a Faria ...",https://blogs.oglobo.globo.com/capital/post/parfin-fintech-que-quer-azeitar-o-namoro-entre-o-bitcoin-e-faria-lima.html,"4 de mar. de 2021 ... A adoção do bitcoin por bancos e investidores institucionais tem inflado seu preço, mas não resolveu uma de suas fragilidades aos olhos ...",blogs.oglobo.globo.com,https://blogs.oglobo.globo.com/.../parfin-fintech-que-quer-azeitar-o-namor...,"Parfin, a fintech que quer azeitar o namoro entre o <b>bitcoin</b> e a Faria ...","4 de mar. de 2021 <b>...</b> A adoção do <b>bitcoin</b> por bancos e investidores institucionais tem inflado seu preço, mas não resolveu uma de suas fragilidades aos olhos&nbsp;...",br,pt,bitcoin
google,52,Lei de Oklahoma protege autocustódia e mineração de bitcoin ...,https://www.migalhas.com.br/coluna/criptogalhas/407484/lei-de-oklahoma-protege-autocustodia-e-mineracao-de-bitcoin,"16 de mai. de 2024 ... ... intensificação do debate sobre o consumo energético e a emissão de carbono pela mineração de bitcoin, bem como o fato da proteção à ...",www.migalhas.com.br,https://www.migalhas.com.br/.../lei-de-oklahoma-protege-autocustodia-e-m...,Lei de Oklahoma protege autocustódia e mineração de <b>bitcoin</b> ...,"16 de mai. de 2024 <b>...</b> ... intensificação do debate sobre o consumo energético e a emissão de carbono pela mineração de <b>bitcoin</b>, bem como o fato da proteção à ...",br,pt,bitcoin
google,53,Gestora bilionária pede aprovação de ETF de bitcoin com apoio do ...,https://exame.com/future-of-money/criptoativos/gestora-bilionaria-pede-aprovacao-de-etf-de-bitcoin-com-apoio-do-morgan-stanley/,"17 de fev. de 2021 ... Depois da aprovação de um ETF de bitcoin canadense, expectativa sobre órgão regulador dos EUA seguir pelo mesmo caminho é cada vez maior.",exame.com,https://exame.com/.../gestora-bilionaria-pede-aprovacao-de-etf-de-bitcoin-c...,Gestora bilionária pede aprovação de ETF de <b>bitcoin</b> com apoio do ...,"17 de fev. de 2021 <b>...</b> Depois da aprovação de um ETF de <b>bitcoin</b> canadense, expectativa sobre órgão regulador dos EUA seguir pelo mesmo caminho é cada vez maior.",br,pt,bitcoin
google,54,Bitcoin: O fornecimento de dinheiro (vídeo) | Khan Academy,https://pt.khanacademy.org/economics-finance-domain/core-finance/money-and-banking/bitcoin/v/bitcoin-the-money-supply,"Este trabalho é na verdade realizado por nós na rede Bitcoin que são conhecidos como mineiros Bitcoin. ... bitcoins, é que realmente o Bitcoin permite fração de ...",pt.khanacademy.org,https://pt.khanacademy.org/...finance.../bitcoin/.../bitcoin-the-money-suppl...,<b>Bitcoin</b>: O fornecimento de dinheiro (vídeo) | Khan Academy,"Este trabalho é na verdade realizado por nós na rede <b>Bitcoin</b> que são conhecidos como mineiros <b>Bitcoin</b>. ... <b>bitcoins</b>, é que realmente o <b>Bitcoin</b> permite fração de&nbsp;...",br,pt,bitcoin
google,55,Nu Asset lança ETF de contratos futuros de bitcoin negociados na ...,https://istoedinheiro.com.br/nu-asset-lanca-etf-de-contratos-futuros-de-bitcoin-negociados-na-b3,"20 de ago. de 2025 ... ... bitcoin negociados na B3. O produto replica o Índice Nasdaq Brazil Bitcoin Futures TR, desenvolvido pela Nasdaq exclusivamente para o novo ...",istoedinheiro.com.br,https://istoedinheiro.com.br/nu-asset-lanca-etf-de-contratos-futuros-de-bitco...,Nu Asset lança ETF de contratos futuros de <b>bitcoin</b> negociados na ...,"20 de ago. de 2025 <b>...</b> ... <b>bitcoin</b> negociados na B3. O produto replica o Índice Nasdaq Brazil <b>Bitcoin</b> Futures TR, desenvolvido pela Nasdaq exclusivamente para o novo&nbsp;...",br,pt,bitcoin
google,56,Capítulo 5. Compliance Tributário nos Investimentos em ...,https://www.jusbrasil.com.br/doutrina/secao/capitulo-5-compliance-tributario-nos-investimentos-em-criptomoedas-bitcoin-a-tributacao-de-criptomoedas/1250395642,Ler a seção: Capítulo 5. Compliance Tributário nos Investimentos em Criptomoedas - Bitcoin: A Tributação de Criptomoedas de Daniel de Paiva Gomes.,www.jusbrasil.com.br,https://www.jusbrasil.com.br/doutrina/secao/...bitcoin.../1250395642,Capítulo 5. Compliance Tributário nos Investimentos em ...,Ler a seção: Capítulo 5. Compliance Tributário nos Investimentos em Criptomoedas - <b>Bitcoin</b>: A Tributação de Criptomoedas de Daniel de Paiva Gomes.,br,pt,bitcoin
google,57,FMI pede fim da Bitcoin em El Salvador | Euronews,https://pt.euronews.com/2022/01/26/fmi-pede-fim-da-bitcoin-em-el-salvador,"26 de jan. de 2022 ... ... Bitcoin como uma das formas de pagamento oficiais ... Bitcoin como moeda oficial. A criptomoeda, defede o FMI num ...",pt.euronews.com,https://pt.euronews.com/2022/01/.../fmi-pede-fim-da-bitcoin-em-el-salvado...,FMI pede fim da <b>Bitcoin</b> em El Salvador | Euronews,"26 de jan. de 2022 <b>...</b> ... <b>Bitcoin</b> como uma das formas de pagamento oficiais ... <b>Bitcoin</b> como moeda oficial. A criptomoeda, defede o FMI num&nbsp;...",br,pt,bitcoin
google,58,Reserva soberana de bitcoin no Brasil: oportunidade ou risco ...,https://pt.linkedin.com/posts/lucianamaiacamposmachado_reserva-soberana-de-bitcoin-no-brasil-oportunidade-activity-7373838923027976192-5PL8,"16 de set. de 2025 ... Reserva soberana em Bitcoin: oportunidade ou risco para o Brasil? Participei de uma entrevista ao UOL para comentar esse tema, ...",pt.linkedin.com,https://pt.linkedin.com/.../lucianamaiacamposmachado_reserva-soberana-de...,Reserva soberana de <b>bitcoin</b> no Brasil: oportunidade ou risco ...,"16 de set. de 2025 <b>...</b> Reserva soberana em <b>Bitcoin</b>: oportunidade ou risco para o Brasil? Participei de uma entrevista ao UOL para comentar esse tema,&nbsp;...",br,pt,bitcoin
google,59,Bitcoin Desliza de Volta em Direção às Mínimas de Abril,https://pt.tradingeconomics.com/btcusd:cur/news/506121,"30 de nov. de 2025 ... O Bitcoin caiu mais de 4% para cerca de $86.000, voltando para perto de seu nível mais baixo desde abril, pressionado por uma nova venda no ...",pt.tradingeconomics.com,https://pt.tradingeconomics.com/btcusd:cur/news/506121,<b>Bitcoin</b> Desliza de Volta em Direção às Mínimas de Abril,"30 de nov. de 2025 <b>...</b> O <b>Bitcoin</b> caiu mais de 4% para cerca de $86.000, voltando para perto de seu nível mais baixo desde abril, pressionado por uma nova venda no&nbsp;...",br,pt,bitcoin
google,60,Where is the information on USD/Bitcoin hourly prices? | Notas ...,https://impactum-journals.uc.pt/notaseconomicas/article/view/2183-203X_45_1,28 de fev. de 2018 ... This paper analyses the price discovery in the USD/Bitcoin market since Mar‑2014 to Nov‑2016. The results show a positive relationship ...,impactum-journals.uc.pt,https://impactum-journals.uc.pt/notaseconomicas/article/.../2183-203X_45_...,Where is the information on USD/<b>Bitcoin</b> hourly prices? | Notas ...,28 de fev. de 2018 <b>...</b> This paper analyses the price discovery in the USD/<b>Bitcoin</b> market since Mar‑2014 to Nov‑2016. The results show a positive relationship&nbsp;...,br,pt,bitcoin
google,61,Da Bitcoin às Shitcoins: Uma Análise Exploratória à Volatilidade do ...,https://estudogeral.uc.pt/handle/10316/121682,Bitcoin; Cryptocurrencies; GARCH; Volatility; Shitcoins; Bitcoin; Criptomoedas; GARCH; Volatilidade; Shitcoins. Issue Date: 27-Feb-2025. Title of the journal ...,estudogeral.uc.pt,https://estudogeral.uc.pt/handle/10316/121682,Da <b>Bitcoin</b> às Shitcoins: Uma Análise Exploratória à Volatilidade do ...,<b>Bitcoin</b>; Cryptocurrencies; GARCH; Volatility; Shitcoins; <b>Bitcoin</b>; Criptomoedas; GARCH; Volatilidade; Shitcoins. Issue Date: 27-Feb-2025. Title of the journal&nbsp;...,br,pt,bitcoin
google,62,Bitcoin (BTC) deve fechar novembro em queda de mais de 16 ...,https://www.moneytimes.com.br/bitcoin-btc-criptomoedas-hoje-preco-rens-281125/,"28 de nov. de 2025 ... Bitcoin é negociado a US$ 91 mil, com desvalorização de quase 17% em novembro. Descubra as últimas tendências do mercado.",www.moneytimes.com.br,https://www.moneytimes.com.br/bitcoin-btc-criptomoedas-hoje-preco-rens-...,<b>Bitcoin</b> (BTC) deve fechar novembro em queda de mais de 16 ...,"28 de nov. de 2025 <b>...</b> <b>Bitcoin</b> é negociado a US$ 91 mil, com desvalorização de quase 17% em novembro. Descubra as últimas tendências do mercado.",br,pt,bitcoin
google,63,Bitcoin: À procura de Nakamoto | Internet | PÚBLICO,https://www.publico.pt/2015/12/14/tecnologia/noticia/bitcoin-a-procura-de-nakamoto-1717298,14 de dez. de 2015 ... Duas investigações jornalísticas concluem que o misterioso criador das bitcoins pode ter sido finalmente identificado. Mas a história parece ...,www.publico.pt,https://www.publico.pt/2015/12/.../bitcoin-a-procura-de-nakamoto-171729...,<b>Bitcoin</b>: À procura de Nakamoto | Internet | PÚBLICO,14 de dez. de 2015 <b>...</b> Duas investigações jornalísticas concluem que o misterioso criador das <b>bitcoins</b> pode ter sido finalmente identificado. Mas a história parece&nbsp;...,br,pt,bitcoin
google,64,Spectral Analysis for Comparing Bitcoin to Currencies and Assets ...,https://novamath.fct.unl.pt/spectral-analysis-for-comparing-bitcoin-to-currencies-and-assets-2/,"Statistics and Risk Management. Article Pocelli,MC;Esquivel,ML;Krasii,NP MATHEMATICS. 2023 11 8 1775 10.3390/math11081775.",novamath.fct.unl.pt,https://novamath.fct.unl.pt/spectral-analysis-for-comparing-bitcoin-to-curre...,Spectral Analysis for Comparing <b>Bitcoin</b> to Currencies and Assets ...,"Statistics and Risk Management. Article Pocelli,MC;Esquivel,ML;Krasii,NP MATHEMATICS. 2023 11 8 1775 10.3390/math11081775.",br,pt,bitcoin
google,65,Currículo · Mestrado em Tecnologias Digitais para o Negócio,https://fenix-mais.iscte-iul.pt/degrees/mestrado-tecnologias-digitais-negocio/curriculo?curricularCourseId=846112852290719,"... Bitcoin. Ben-Sasson, et. al. http://zerocash-project.org/media/pdf/zerocash-extended-20140518.pdf Zerocoin: Anonymous Distributed E-Cash from Bitcoin. Miers ...",fenix-mais.iscte-iul.pt,https://fenix-mais.iscte-iul.pt/degrees/mestrado-tecnologias.../curriculo?...,Currículo · Mestrado em Tecnologias Digitais para o Negócio,"... <b>Bitcoin</b>. Ben-Sasson, et. al. http://zerocash-project.org/media/pdf/zerocash-extended-20140518.pdf Zerocoin: Anonymous Distributed E-Cash from <b>Bitcoin</b>. Miers&nbsp;...",br,pt,bitcoin
google,66,Bitcoin dispara com eleição de Trump,https://www.deco.proteste.pt/investe/investimentos/criptomoedas/noticias/2024/11/bitcoin-dispara-com-eleicao-de-trump,"8 de nov. de 2024 ... A vitória republicana fez a Bitcoin regressar aos máximos, com a expectativa de um mercado menos regulado.",www.deco.proteste.pt,https://www.deco.proteste.pt/.../11/bitcoin-dispara-com-eleicao-de-trump,<b>Bitcoin</b> dispara com eleição de Trump,"8 de nov. de 2024 <b>...</b> A vitória republicana fez a <b>Bitcoin</b> regressar aos máximos, com a expectativa de um mercado menos regulado.",br,pt,bitcoin
