engine,rank,title,link,snippet,regiao,termo
duckduckgo,1,Bitcoin - Wikipedia,https://en.wikipedia.org/wiki/Bitcoin,"Bitcoin works through the collaboration of computers, each of which acts as a node in the peer-to-peer bitcoin network. Each node maintains an independent copy of a public distributed ledger of transactions, called a blockchain, without central oversight.",br,bitcoin
duckduckgo,2,Bitcoin - Open source P2P money,https://bitcoin.org/en/,"Bitcoin is open-source; its design is public, nobody owns or controls Bitcoin and everyone can take part . Through many of its unique properties...",br,bitcoin
duckduckgo,3,"Bitcoin Price Watch: Intraday Momentum Builds, but Will It Break...",https://news.bitcoin.com/bitcoin-price-watch-intraday-momentum-builds-but-will-it-break-112k/,"On the 4-hour chart, bitcoin is showing the finesse of a comeback tour. The asset is recovering in a stair-step pattern after breaking out of a falling wedge—a classic bullish setup, mind you.",br,bitcoin
duckduckgo,4,"Google News - Bitcoin dips below $90,000 despite Fed rate cut...",https://news.google.com/stories/CAAqNggKIjBDQklTSGpvSmMzUnZjbmt0TXpZd1NoRUtEd2l6b05hVkVCRmlqNFEyUVBUWDB5Z0FQAQ?hl=en-IN&gl=IN&ceid=IN:en,"I sat down with Jeff Park (@dgt10011) to discuss the Fed’s year-end shift toward rate cuts and easier liquidity, what it means for markets, and why bitcoin sentiment feels so negative despite...",br,bitcoin
duckduckgo,5,"Bitcoin hits a fresh all-time high above $120,000",https://www.aol.com/bitcoin-hits-fresh-time-high-042029689.html,"Bitcoin hit a new record price.Umit Turhan Coskun/NurPhoto/Getty Images Bitcoin hits a record high of $120,000, continuing its upward trend. Bitcoin 's value has surged 29% this year, reflecting growing investor interest and market momentum.",br,bitcoin
duckduckgo,6,"CoinDesk: Bitcoin , Ethereum, XRP, Crypto News and Price Data",https://www.coindesk.com/,"Leader in cryptocurrency, Bitcoin , Ethereum, XRP, blockchain, DeFi, digital finance and Web 3.0 news with analysis, video and live price updates.",br,bitcoin
duckduckgo,7,"Bitcoin Hits 3-Week High At $94,625 Amid Sentiment Shift",https://cointelegraph.com/news/bitcoin-much-needed-rebound-94k-ahead-fed-meeting,"Bitcoin (BTC) prices jumped to $94,625 on Coinbase in late trading on Tuesday, according to TradingView, its highest level since Nov.",br,bitcoin
duckduckgo,8,"Bitcoin Price Forecast: BTC dips to $90,000 as Fed’s hawkish stance...",https://www.fxstreet.com/cryptocurrencies/news/bitcoin-price-forecast-btc-dips-to-90-000-as-feds-hawkish-stance-tempers-risk-appetite-202512110826,"Bitcoin Price Forecast: BTC dips to $90,000 as Fed’s hawkish stance tempers risk appetite Bitcoin price edges below $91,000 after being rejected from a key resistance level the previous day.The Federal Reserve’s cautious and hawkish December rate cut weighs on BTC.",br,bitcoin
duckduckgo,9,Bitcoin FOMO is Coming: Don't Be on the Wrong Side | Medium,https://medium.com/cryptoverse-insights/bitcoin-fomo-is-coming-dont-be-on-the-wrong-side-753e9bf06478,"If you buy Bitcoin at USD 50,000 and it goes up to USD 57,000, will you buy more or sell? On the other hand, if Bitcoin drops to USD 35,000, what will you do?",br,bitcoin
duckduckgo,10,Bitcoin 's Price Is Still Off Its Highs. Did The Fed's Latest Interest-...,https://www.investopedia.com/bitcoin-s-price-is-still-off-its-highs-did-the-fed-s-latest-interest-rate-cut-help-11866032,"Bitcoin is a multi-faceted asset, sometimes behaving like a hedge, and other times, like a risk asset. Its recent sensitivity to monetary policy by the Fed could be a signal that it could get out of its...",br,bitcoin
duckduckgo,11,Can Bitcoin Restart a Bullish Trend? Here’s What It Will Take,https://finance.yahoo.com/news/bitcoin-restart-bullish-trend-044427862.html,The Key Catalyst Bitcoin Needs to Turn Bullish Again. Data from BeInCrypto Markets showed that December has been a volatile month for the largest cryptocurrency.,br,bitcoin
duckduckgo,12,"Bitcoin price today, BTC to USD live price, marketcap and ...",https://coinmarketcap.com/currencies/bitcoin/,"Bitcoin is a peer-to-peer online currency, meaning that all transactions happen directly between equal, independent network participants, without the need for any intermediary to permit or facilitate them.",br,bitcoin
duckduckgo,13,Bitcoin Braced For $30 Trillion Fed Bombshell After Trump ...,https://www.forbes.com/sites/digital-assets/2025/12/10/forget-interest-rates-traders-are-quietly-bracing-for-65-trillion-fed-surprise-that-could-blow-up-stocks-crypto-and-the-bitcoin-price/,"1 day ago · Traders are looking past the Fed’s December interest rate decision to whether its going to start growing its $6.5 trillion balance sheet and blow up stocks, crypto and the bitcoin price...",br,bitcoin
duckduckgo,14,Bitcoin - Open source P2P money,https://bitcoin.org/,"Bitcoin is a decentralized and open-source payment system that operates without intermediaries or banks. Learn how to get started with Bitcoin, choose your wallet, buy Bitcoin, and participate in the network.",br,bitcoin
duckduckgo,15,Bitcoin (BTC) Price | BTC to USD Price and Live Chart - CoinDesk,https://www.coindesk.com/price/bitcoin,"Bitcoin is a decentralized digital currency that uses cryptography to secure transactions and control the supply of new coins. It operates on a peer-to-peer network, where every transaction is...",br,bitcoin
