"reviewId","userName","userImage","content","score","thumbsUpCount","thumbsDownCount","at","replyContent","repliedAt","appVersion","device","androidOsVersion"
"ed45471d-687a-44e0-8a30-c8f7aa179249","Divino Lima","https://play-lh.googleusercontent.com/a/ACg8ocJ6BenwNAKk2rxb7jNEu9kCcEl45XmI5Wro0xvHmmDMxivqDcs=mo","as opções é tudo no inglês não está traduzido para o português Brasil","1","0","0","2025-12-06 12:16:33","Hi Divino, We apologize for any inconvenience. Kindly reach us here for proper support - http://support.blockchain.com/ Kind regards, The Blockchain.com Team","2025-12-07 23:33:43","","",""
"24d6c328-e1d4-48af-b155-6e366f533d16","Silva Carvalho","https://play-lh.googleusercontent.com/a-/ALV-UjUf8WbnW46YjtLvSq9MNCsmxQ6rQKlzLXDZDZ8phT9PNStnAV1H","o cara me prometendo me dá um cartão 16.000 me fez eu comprar essas cripto moedas no interior como faço sem","1","0","0","2025-12-04 13:38:55","Hi Silva, We are sorry to hear about this. Do you have a Blockchain.com account? We cannot pull up your account with the information available here in your review. Kindly reach us here for proper support - http://support.blockchain.com/ Kind regards, The Blockchain.com Team","2025-12-04 22:47:18","202511.1.8","",""
"9df6386f-12e9-4d70-ad76-bb50d695768e","Manoel dos Santos Vieira","https://play-lh.googleusercontent.com/a-/ALV-UjVJNmkMUx--A3XAmuPsXL2AVpfLDg4gms5jhlNexigyk0xCnOyU","Excelente!","5","0","0","2025-11-23 16:04:06","Hello Manoel Greatly appreciated. Thanks for the 5 stars! Regards, The Blockchain.com Team","2025-11-23 21:32:45","202511.1.7","",""
"646d7c43-7cc9-4960-a30c-11b1d1705a5d","Thereza Candida","https://play-lh.googleusercontent.com/a/ACg8ocIoCkLG9UNucWePUn9EfymQplPuEvnFp9AsIQrg7icd0xnVmA=mo","Infelizmente tive o desprazer de entrar na wallet blockchain e simplesmente ver que sumiram o pouco que eu tinha em btc e do nada desapareceu e não aparece nem no registro de transação ticket#6237623","1","6","0","2025-11-20 18:42:36","Hello Thereza, We apologize for any inconvenience you may be experiencing. To expedite the resolution of your issue, please provide the additional information requested via email, referencing ticket number 6231085. We would be more than happy to assist you. Kind regards, Blockchain.com Support","2025-11-20 23:38:19","202511.1.7","",""
"76abdb06-3717-4f4a-9dc3-4fc8b36fcf49","Baxinho Baxinho","https://play-lh.googleusercontent.com/a-/ALV-UjVTZ4sU6O7SlHG7ptifkvgMiLAh-vpPmLKWvawiK1sAl1szsFY","Muito boa carteira é ótimo tá de parabéns rota 10","5","0","0","2025-11-13 03:34:38","","","202511.1.4","",""
"fb168f6a-fac9-4356-9af1-508d1cc646eb","C P M","https://play-lh.googleusercontent.com/a/ACg8ocIcK1fsqCBN4g_0k59pxzETshlVuCbiM2eMzVBxRYWbE4_xgA=mo","Depois da atualização o app n reconhece o pim agora tá pedindo palavra chave. Resolvam isso","1","10","0","2025-11-10 18:13:15","Hello! sorry for any inconvenience. Unfortunately, I was not able to search your profile for proper support. May we request that you reach us out - https://support.blockchain.com/hc/en-us/requests/new . Thanks for your cooperation. Warm regards, The Blockchain.com Team","2025-11-11 01:30:13","202511.1.4","",""
"34bcca63-681b-4017-8750-6dc04b5e1f60","Iracema Sousa","https://play-lh.googleusercontent.com/a-/ALV-UjVlL8nG-6p3u-JT3-rLWGDo2wuqCnCc4MdbS5Mf1xZ6uFbMSx50","como fazer para recuperar o acesso da minha conta e trocar email e ter acesso a conta novamente?","2","0","0","2025-11-10 00:54:27","Hi Iracema, we regret any inconvenience. To help us address your issue, please send us your Zendesk ticket number. If you need to submit a ticket, please visit: https://support.blockchain.com/hc/en-us/requests/new and then share the ticket number with us. Thank you for your patience and understanding. Sincerely, Blockchain.com Team","2025-11-11 01:44:48","202511.1.4","",""
"132b48bb-f574-4abb-9722-3cbe83fe6c10","Ivanilde Rodriguesdepaula","https://play-lh.googleusercontent.com/a/ACg8ocInsstcSua11LPgmZ-st9_CnK4KFVb5B85uoUrrSPb0F0Fha8U=mo","claro muito bom gostei muito","5","0","0","2025-11-08 05:17:56","","","","",""
"bd207140-c946-49b1-81c3-1ab15f058ada","Maria G","https://play-lh.googleusercontent.com/a-/ALV-UjXpBTBfKhQnobrFu8EjkeMT2TG5YkDWEk4WhPkDaokT84WmUCeCFA","é uma boa aplicação. Dá-nos informações importantes e oportunas e é simples de usar","5","1","0","2025-10-27 20:40:00","Many thanks, Maria. This is much appreciated, Feel free to reach out if you need any assistance - https://support.blockchain.com/hc/en-us/requests/new Many Thanks!","2025-10-28 05:45:23","202510.2.2","",""
"3968545c-10fc-454a-8de6-816d2f4d7111","Benjamin Pinheiro","https://play-lh.googleusercontent.com/a/ACg8ocKGf7ePoksMWPj8hHUN909SV72j8Z4mLP8N7tbzpreGkJiSzA=mo","Não caiam nessa armadilha. vc não consegue sacar com cartão de banco digital nem tampouco com cartão de banco tradicional. esgotei meus cartões e não aparece a opção de saque. o interessante é que todo cartão serve pra depósito, mas não saca. estou encerrando a conta com prejuízo do que foi investido.","1","2","0","2025-10-26 20:02:13","Hi Benjamin! we're sorry for the inconvenience you've experienced. To resolve your issue, please provide your Zendesk ticket number. If you haven't opened a ticket yet, please submit one via https://support.blockchain.com/hc/en-us/requests/new and let us know the number. Thank you for your patience. Kind regards, Blockchain.com Team","2025-10-26 22:13:13","202510.2.1","",""
"0d98ee71-2fcf-45bc-b41b-da0e7ca7c698","Yuri","https://play-lh.googleusercontent.com/a-/ALV-UjX-QxieTunrT-qlp1hTXDc3yTuMXsOWZtaQe2TQx4861sH2d7GB","blockchain is great in many aspects just wish we could see XRP in the defi section it just shows in the custodial section thats a bit of a downer","5","0","0","2025-10-26 04:05:25","","","202510.2.1","",""
"48411e33-f7ab-4e10-b55f-8882c77fdd18","SAMURAI ACTION","https://play-lh.googleusercontent.com/a-/ALV-UjXA0b3d_x0yT6sc_L0kJE0nQ0j2m_4q5AJYotM9Lsyed2SE8O4","😊","5","0","0","2025-10-16 15:30:41","","","202510.1.7","",""
"9f67860f-8e03-4d24-acef-db9ea2b11020","Marcelo Spinola","https://play-lh.googleusercontent.com/a-/ALV-UjXlIPfv1M4TkuhccmmK23rL6BloMDTXKCpilIlRX_0i-adWrQMKRw","Muito bom","5","0","0","2025-10-15 12:43:43","","","","",""
"1c9f8482-dd0b-46d1-9545-a376cc599d2d","Anderson Anjos","https://play-lh.googleusercontent.com/a-/ALV-UjXzSYh5UKdmRmomYurFri0qzdr_rOt6vxiIx94qXI8C19yG5B1D","melhor rede para comprar e vender criptos","5","0","0","2025-10-12 16:58:26","","","202510.1.6","",""
"18b34155-e7c9-489b-8803-ad418c64a6b0","ricardo t lima","https://play-lh.googleusercontent.com/a-/ALV-UjUSC3e7YfSsjm6L6-SmuppWCcH7MCQ74GHOPkvD4BVih419y2YM","não aparece as 12 palavras chave.","4","0","0","2025-10-02 10:09:56","","","202509.2.6","",""
"8b230529-1da1-491c-bad3-05f2872aea1f","JOAO BRANCO","https://play-lh.googleusercontent.com/a/ACg8ocI5G4QT01MCxuJRpVTiEQJGUsWgfmZO7wGfnpY74lHht-GxMA=mo","Muito bom obrigado","5","0","0","2025-10-01 15:35:30","","","202507.2.1","",""
"687fbd8d-645c-4527-a4be-0cc768481856","J8 8M","https://play-lh.googleusercontent.com/a-/ALV-UjX01AJJmdB31GevERoQK9EBfN1xfR8ah77vTDEIg6RscQx1a7ne2Q","Carteira excelente! Fiz um pequeno teste e a experiência foi ótima! É uma plataforma segura que protege sua conta e garante que você tenha sempre meios de recuperação. O e-mail de confirmação chega certinho, a palavra-passe funciona sem falhas e o acesso é garantido. Vale a pena confiar, porque demonstram seriedade e compromisso com o usuário!","5","11","0","2025-10-01 03:29:13","","","202509.2.6","",""
"d0c16ef6-8ebe-4e56-886e-c74cf7729d3d","Maria Glecia da silva","https://play-lh.googleusercontent.com/a/ACg8ocIefocdqWbRpj5d16FBhGEzEcDZHUmCHBKOhhNDd_90gk9Nmg=mo","muito obrigado pela resolução do problema, 👏👏👏👏","5","0","0","2025-09-26 10:36:39","","","","",""
"f9eab5e3-1811-458c-9706-b9cf5fc4f6d1","Jander Oliveira","https://play-lh.googleusercontent.com/a-/ALV-UjVT6H6o-bUQr59kBriKXsom8qBYrjpmoGsjHt__C__cTEfAi790","Blockchain tudo de bom.","5","0","0","2025-09-23 14:14:35","","","202509.1.6","",""
"8e6a813d-64ba-4ce3-84f2-ac1f78bfbcfb","José Otávio Gomes da Silva Neto","https://play-lh.googleusercontent.com/a/ACg8ocL2CCxn5lIjPgfn_3BHzbvc-hz_spZmqxYn9Y6henKTIHUBt-h7=mo","Muito prático e interessante","5","1","0","2025-09-19 11:44:25","","","202509.1.6","",""
"8a7994e8-4bb4-441c-9441-62b435e7e114","Arcaxe66 Sol","https://play-lh.googleusercontent.com/a/ACg8ocI0LUn2X9o8ChFqDnxQnftZQWDTzqASeCPIi6lIOijl5ccWPQ=mo","Ótimo","5","0","0","2025-09-19 11:24:01","","","202509.1.6","",""
"d7f36d0d-7bff-4862-8090-7e19056f56c6","L de Light","https://play-lh.googleusercontent.com/a-/ALV-UjVZrlCJJYcT40q5Gjw_lxNe4c0gnPWjJsbITemwFijcpZtnPQp-","Porque a rede XRP não tem na Blockchain? Você consegue apenas ver informações sobre a cripto, mas não tem a rede para depositar as XRPs.","4","5","0","2025-09-19 11:04:52","","","202505.1.5","",""
"c5f8763a-a297-4ca9-90ce-0f2a25477650","Davi Levy","https://play-lh.googleusercontent.com/a/ACg8ocKXuFHeZgAh8bTBvGWaoQoYTaXHAiqYOfaMOPlEKh6SRWiGcQ=mo","Perfect","5","0","0","2025-09-19 02:39:47","","","202509.1.6","",""
"a2f18c4b-1643-4a58-9c20-9df78b92b8ce","Paulo César","https://play-lh.googleusercontent.com/a/ACg8ocJq04qhjHXMO7eVubd55FMgBOO5h17iMTrsf7NaL9ngBkwDqQ=mo","muito bom","5","0","0","2025-08-26 21:06:33","","","202508.1.5","",""
"053fe059-f6f0-43a4-845b-3853f863cbab","marli dá silva Aluves","https://play-lh.googleusercontent.com/a-/ALV-UjW1KehfRp-FAXWjSCgE_mT3rxZPJhJB7uk-jOF50NQdCQhBqS7Afw","pessoal boa noite conselho que hoje eu dou a todos não entre nesse jogosentra em diretamente no seu próprio banco você consegue depositar deixar o dinheiro um tempo lá e sacar o dinheiro de voltaé só para conseguir roubar o nosso dinheiroAbra o olho enquanto é tempoporque me saquearam tudo que podia","1","1","0","2025-08-23 00:11:57","Hello, sorry for the inconvenience caused. To help us address your concern, kindly provide your Zendesk ticket number. If you haven't opened a ticket yet, please do so at https://support.blockchain.com/hc/en-us/requests/new and let us know the number. We appreciate your patience and cooperation. Regards, The Blockchain.com Support Team","2025-08-25 21:16:48","202508.1.4","",""
"b794152d-f91f-41d3-83ce-2295ee972abe","André Nolasco","https://play-lh.googleusercontent.com/a-/ALV-UjW2SvTcKruK8qkA3YTp88BKQTMMsIX3GYBi_LxvNiS3L22IzM8","top aplicativo","5","0","0","2025-08-19 22:11:28","","","202507.2.3","",""
"ada6f854-6c03-4070-b39a-c5ea48e79578","Mauricio Barbosa","https://play-lh.googleusercontent.com/a/ACg8ocIfQ-69myytSO3W8g9unjPw0Leri4iv4ehxwPB1LO-O1ZE1qbsz=mo","sucesso","5","0","0","2025-08-19 03:14:04","","","202507.2.3","",""
"6b28fded-a3be-4470-8c40-ce379f728ccb","Gelcimar Silva","https://play-lh.googleusercontent.com/a-/ALV-UjWn4eeNijACuIqY6Z2-CF5oY3bjjsX9wovyq-ipGHFG9tHUFAgCbw","péssimo,sem suporte e não responde","1","0","0","2025-08-18 19:41:18","Hello, we're sorry for any inconvenience you've experienced. To help us resolve your issue, please provide your Zendesk ticket number if you have one. If not, kindly open a ticket here: https://support.blockchain.com/hc/en-us/requests/new and share the number with us. Thank you for your cooperation and patience. Best regards, Blockchain.com Team","2025-08-18 22:15:55","202507.2.3","",""
"ed90ae97-d745-4215-a52f-b0c81817fb3e","Coisas intrigantes","https://play-lh.googleusercontent.com/a-/ALV-UjWlDkk6-AuO8DQBMNTahvGxOFlgZTwmt0_-_8eGOkbgC0rNqpgh","😎 tem sido um luva na minha mão ✋","5","0","0","2025-08-13 22:56:28","","","202507.2.3","",""
"56e7c31c-77f8-403b-9b29-1722e5ae09ad","OukitelC59Pro","https://play-lh.googleusercontent.com/a/ACg8ocJgzfOsnlc6pbkaLY1ge3Eeu4DhSz2igToch3LEqLHq1UazkQ=mo","são uns vigaristas, muito cuidado, você carrega e as moedas não aparecem, eles nem respondem! ladrões","1","5","0","2025-08-09 07:00:11","Hi, apologies for the trouble you're facing. To help us resolve this issue, could you please give us your Zendesk ticket number? If you don't have one, kindly open a ticket at https://support.blockchain.com/hc/en-us/requests/new and let us know the number. We appreciate your cooperation. Kind regards, The Blockchain.com Support Team","2025-08-18 23:26:46","202507.2.1","",""
"a2ea8b74-0792-445c-8628-ecb20f947aa3","Rejane Senra","https://play-lh.googleusercontent.com/a-/ALV-UjVolLDJ4HAh9GuZib485aS6NvSTf2HfUQa_B7Zf5D7C3AODINMzyg","ainda nao tenho experiencia e minhas carteiras foram usadas por outras.pessoas nao sei nada do que tem ou nao nelas","4","0","0","2025-08-08 14:50:39","","","202506.1.7","",""
"601b0adb-d41a-4554-930d-d92d1dbeb7ab","Esdras_Matias","https://play-lh.googleusercontent.com/a-/ALV-UjV1-rEbixtOWaJs2dVfuHsnqAi2Lm5ZmmXTXrFuYiavA4OFbqg","Hoje dia 08/08/2025 estou tendo problemas para acessar.eus fundo neste aplicativo. mais alguém ocorre ou ocorreu o mesmo problema? meus fundos do nada estão zerados. mas o app está dando erro quando acesso alguns setores dele. alega que estou desconectado.","5","18","0","2025-08-07 22:59:42","","","202507.2.1","",""
"a54e52e6-6af2-467d-8947-ff02457ac8a6","farmarsocial-jM3ebc8 dantas","https://play-lh.googleusercontent.com/a-/ALV-UjXUQMoIKk4IjcEk-U32jLHhkT9PTeTNmB8m3z6i_jnLsi-6Bnbv","falta adiciona o pix pra saque e depositos ae da bom","3","0","0","2025-08-07 21:19:00","","","202507.1.1","",""
"268d83fe-72f4-47e9-90bc-5c3e10c3a72b","Fabiano Fernandes","https://play-lh.googleusercontent.com/a-/ALV-UjVuAIJobjGaTuMGmvGo1qZn1Wul2CXc0hQQH4q73Eaco8pzElY","app muito seguro. bom","5","0","0","2025-08-07 10:24:35","","","202507.2.1","",""
"b68615a3-7a91-4a5c-bf50-984e38677141","Cassio Araújo","https://play-lh.googleusercontent.com/a/ACg8ocK_Z0ut3usr6pwWFUXIXNqG3yT-3lUHyEZ6JsVrO8VxALgFhgLx=mo","top de mais","5","0","0","2025-08-06 21:31:03","","","202507.2.1","",""
"3376f5e3-eb7d-4ddd-96d2-587f40e014e3","Marizam Santos Sodré","https://play-lh.googleusercontent.com/a/ACg8ocK6RGIdxQ3ckeCVosn4hxEdBJdUS4iOabUTI8UCeNMalspu8A=mo","muito bom!","5","0","0","2025-08-06 18:30:25","","","202507.2.1","",""
"3becd4c6-ccfd-40fc-83d8-4c8b80e48d36","Jeová Menezes de Barros","https://play-lh.googleusercontent.com/a-/ALV-UjW13yJ75NRE0Rizh3rybvLrRATH30lzKauhaV0kmRCjS4Kbvg3q","muito bom","5","0","0","2025-08-05 11:07:14","","","202507.2.1","",""
"018972ed-1a94-4b79-8c0f-eb94422603fa","Emanuel Migliorini","https://play-lh.googleusercontent.com/a-/ALV-UjXPxzUdWJanFRMILC3E2MI4NkDQUPPIiNwsOW3dOYzMA2o8kK4xvA","A carteira menos segura que existe! Roubaram todas as minhas moedas e a verificação em duas etapas não funciona. Mais de 2k transferidos sem qualquer verificação. Não existe suporte algum","1","0","0","2025-08-04 10:33:50","Hello, apologies for any trouble you've experienced. To resolve your issue, could you please provide your Zendesk ticket number? If you don't have one, please create a ticket at https://support.blockchain.com/hc/en-us/requests/new and let us know the ticket number. We appreciate your cooperation. Kind regards, The Blockchain.com Team","2025-08-20 20:54:49","202309.1.9","",""
"da375bf6-421c-4aad-bdcf-8aa8244f7801","Patrick Oliveira","https://play-lh.googleusercontent.com/a/ACg8ocJL7PXf0vWwqr5gmpXgAW4zigabXqT52bpdyKGGDbX7wNkNEQI=mo","passei a usar o blockchain tem uns 5 meses e consegui me adaptar bem, e depois desse tempo tô tentando a retirada do dinheiro e não consigo, diz que o cartão já está cadastrado, mas não tenho a opção de selecionar nenhum cartão. Já tentei 3 contas diferentes e acontece o mesmo.","2","6","0","2025-07-29 05:04:06","Hello, we're sorry for any inconvenience you're experiencing. To assist you, please provide your Zendesk ticket number if available. If you haven't created one yet, please submit a ticket here: https://support.blockchain.com/hc/en-us/requests/new and share the number with us. Thank you for your patience. Best regards, Blockchain.com Team","2025-08-21 22:02:55","202507.1.3","",""
"9593b82b-8d93-454d-a75d-3c9bc9475831","Darci Aires da Silva Filho","https://play-lh.googleusercontent.com/a-/ALV-UjXFPvJnwxSnBqmVRcrqExeaDdLNLoKfB9k74k7bVwXIyvTtMHAWYQ","Muito bom o aplicativo.","5","0","0","2025-07-23 11:52:15","","","202507.1.3","",""
"c619220e-0c86-4f73-a222-b5604e47873d","Pinturas Ólivers Efeitos Decorativos","https://play-lh.googleusercontent.com/a/ACg8ocKYLjPDkuYYggnofnfQxmWLqh-2dunHL54XNWXaAIEU5ikUa6Wi=mo","preciso fazer um saque e nao consigo . com quem eu falo ?","2","0","0","2025-07-22 21:40:57","Greetings, we're sorry to hear about the inconvenience. To assist you further, please provide your Zendesk ticket number. If you haven't opened a ticket yet, you can do so here: https://support.blockchain.com/hc/en-us/requests/new and share the number with us. Thank you for your patience and cooperation. Best regards, Blockchain.com Support Team","2025-08-25 21:37:53","202507.1.3","",""
"abb4132a-9eb2-47f0-9935-bb676364b10d","Carlos J Mendes","https://play-lh.googleusercontent.com/a-/ALV-UjVLyNqancSxl5n5cI-xve1wgUD4ynSNFQWLn6oJNaefsYE94uFlsA","Perfect!!!!","5","0","0","2025-07-22 15:39:59","","","202507.1.3","",""
"3f98e80a-1967-404f-a0fd-f7c50aa647ef","Daniel Correa Silveira","https://play-lh.googleusercontent.com/a-/ALV-UjV03IyTi-X_dC_q8Dr0QXB2JHm67UkbR-_h7OGZgdHkgZGhw4mWrA","The support function is not able to solve wallet connection glitch... it simply does not read the QR code from either lido finance or rocket pool in order to proceed with eth liquid staking","1","0","0","2025-07-20 11:25:35","Hello, we regret any inconvenience caused. To help us address your concern promptly, please share your Zendesk ticket number if you have one. If not, please create a ticket at https://support.blockchain.com/hc/en-us/requests/new and provide the number to us. Thanks for your patience. Best wishes, Blockchain.com Team","2025-08-25 21:54:29","202507.1.1","",""
"ea1752af-e609-4993-91f8-36b93baaf563","Zoar Teofilo","https://play-lh.googleusercontent.com/a-/ALV-UjXfClBCIBU0hbZvjleyn0uG1TqTHn1WeNDneu_d_lQnN8ckhbc0","top","5","0","0","2025-07-12 05:36:01","","","202506.2.3","",""
"6bbd3df7-ead6-47f7-a1df-84a7b8571dfc","Paulo Amaral","https://play-lh.googleusercontent.com/a-/ALV-UjWbMEwNITR45RFLVzGgADqoD4HvrcvblY5DyzlznyTO80pXe9OV","ótimo aplicativo","5","0","0","2025-07-09 12:05:22","","","","",""
"42e08f56-3734-448f-b398-b1f4a37894b9","Ana Da Silva Pereira","https://play-lh.googleusercontent.com/a/ACg8ocKP-vTAmMN4eJs0OTMm6F43xXjuCqr7pPoSGS8GelRvgXId-g=mo","me roubaram 2000 pelo app de vocês a segurança está orrivel","1","0","0","2025-07-08 15:07:39","Hello Ana, sorry for the inconvenience caused. To help us address your concern, kindly provide your Zendesk ticket number. If you haven't opened a ticket yet, please do so at https://support.blockchain.com/hc/en-us/requests/new and let us know the number. We appreciate your patience and cooperation. Regards, The Blockchain.com Support Team","2025-07-09 01:33:50","","",""
"82d983ac-20ae-4bc8-9333-51a268172cad","BRAD","https://play-lh.googleusercontent.com/a-/ALV-UjX_IsoVosjqnaibPMRzPPpm8QPmXW3FitAJzzx7_N7mWoRhVhT4","top","5","0","0","2025-07-04 21:00:49","","","202506.2.2","",""
"f4d1951b-1a81-48b5-8023-e5cc50a30e4a","Elis Barbosa","https://play-lh.googleusercontent.com/a-/ALV-UjVstdbkcxzJjegoLDACCDJUMV1RYZMpx4s_RnM3XZ9MggTqTSo-","Estou aprendendo conforme utilizo. Volto a avaliar quando estiver com mais prática.","5","3","0","2025-06-26 17:56:11","","","202506.1.7","",""
"b7644976-8491-44c4-94d8-acc8f58106cb","Júlio César Loureiro","https://play-lh.googleusercontent.com/a-/ALV-UjVd4-m8Ycm7NPlqGFkRa5e7y4eM-iAxYxQs4ZMabE1Ru3LOhxbo","top","5","0","0","2025-06-23 13:13:14","","","202506.1.7","",""
"d59a7ca2-6fb1-4249-bd6a-77c88d428942","Eduardo Alonso","https://play-lh.googleusercontent.com/a/ACg8ocIbFn5VujKJqca8icwHTmPu3zZBbL5Al_cZZRlzkT6Y2T3g9w=mo","Muito boa para acessar pelo computador, no smartphone é impossível acessar.","5","8","0","2025-06-06 12:57:15","Dear Customer, we regret any inconvenience you've encountered. To assist you promptly, please share your Zendesk ticket number if you have one. If you need to create a ticket, please visit: https://support.blockchain.com/hc/en-us/requests/new and provide us with the number. Thank you for your patience. Sincerely, Blockchain.com Team","2025-06-06 12:56:06","202506.1.1","",""
"0d286280-d521-4b6e-b5cd-a6b2b9c49758","João Neves","https://play-lh.googleusercontent.com/a-/ALV-UjU31KY0R9LiA6Hi84CXj1kuNm9kZJg2qN_GXwt1H73L-GCSEpIiLQ","Pior aplicação que já usei, tenho os meus fundos presos desde 2023 não há suporte ao cliente nenhum em quase dois anos ninguém foi capaz de resolver o meu problema. falo apenas com bots uma vergonha completa","1","1","0","2025-05-23 06:40:13","Hello, apologies for any trouble you're facing. To help us help you, could you please provide your Zendesk ticket number? If you don't have one, please create a ticket here: https://support.blockchain.com/hc/en-us/requests/new and share the number with us. We appreciate your understanding. Best, Blockchain.com Support Team","2025-05-23 12:32:38","","",""
"27a2a420-c130-4403-8dba-116680b5f54a","Luiz Henrique","https://play-lh.googleusercontent.com/a-/ALV-UjUvW2_278C4A2TzzPi7MqXnKXHAWduXNCk0A87TxDH4AY0yt87KtQ","topp","5","0","0","2025-05-23 00:33:05","","","202501.1.3","",""
"ed5fed32-2b74-484f-8a28-f57723b413fd","Maria Eunice SilvaLopes","https://play-lh.googleusercontent.com/a/ACg8ocJc2XMCinesroVo5Z9rxOFpHuF4IoDk-PkOvw-0dfcemZocig=mo","jente tô muito feliz e ter uma conta com a Blochain com biticom era meu sonho que se tornou realidade obrigado Blochain.","5","0","0","2025-05-20 18:25:58","","","","",""
"aedaf522-7196-4ac9-b4fa-9860f80a6625","Antonio Silva","https://play-lh.googleusercontent.com/a-/ALV-UjV8itthmcIJ4nQA2ElKMk1_H26AHIHncC7XpUA0pSZIO9tsAi-j","os algoritmos das críticas são válido porque repentem as % dos erros em mais de 70% Eu estalei só para acompanhar as negociações não vou tranza...","2","0","0","2025-05-16 09:49:56","Hi there, apologies for the trouble you're facing. Could you please provide your Zendesk ticket number so we can assist you further? If you haven't created one yet, please submit a ticket at https://support.blockchain.com/hc/en-us/requests/new and let us know the number. We appreciate your cooperation. Sincerely, The Blockchain.com Team","2025-05-19 08:59:36","202505.1.5","",""
"ce1949df-2845-4afc-af1d-1377c545c50a","BuzzCast TIGER'S AG","https://play-lh.googleusercontent.com/a-/ALV-UjWXrkmad1Pio6jgZER9GIMFOIHLU75F-gDxhHPng6zij3gyHcY","não me deixa validar o endereço","1","0","0","2025-04-24 20:18:18","Hi there, we're sorry you're having difficulties. To help us help you, please send us your Zendesk ticket number. If you haven't submitted a ticket, please open one here: https://support.blockchain.com/hc/en-us/requests/new and share the number with us. Thanks for your understanding and patience. Best, Blockchain.com Team","2025-04-25 12:49:12","202504.1.2","",""
"8872a212-0b82-450a-bdea-8a021f55e411","Felipe Eduardo de Moraes Gomes","https://play-lh.googleusercontent.com/a-/ALV-UjWrF4VHGYFGasbTAV_ymVDGuMMgfruv1Ab529sJkFMuVilrDqn0WQ","BTC Active Rewards....LOSS mode On. Regrettable....run run loss away .","1","0","0","2025-04-17 05:11:36","Hello, we're sorry for any inconvenience you're experiencing. To assist you, please provide your Zendesk ticket number if available. If you haven't created one yet, please submit a ticket here: https://support.blockchain.com/hc/en-us/requests/new and share the number with us. Thank you for your patience. Best regards, Blockchain.com Team","2025-03-10 08:06:55","202504.1.1","",""
"863c6b76-ce47-40f1-a542-b91524d058b7","Fabricio Ribeiro","https://play-lh.googleusercontent.com/a-/ALV-UjUjZPJRaFGKTQbcBdPVATqsYK95n0mgJw7-F3K8hvGtd4wASmJ9","ok","5","0","0","2025-04-14 21:12:18","","","202504.1.0","",""
"04307ac1-24e1-493c-ac01-497a3b412231","Adail José","https://play-lh.googleusercontent.com/a-/ALV-UjXBx2Q1aNFyA-WddPXagSy_QM_bG9hruy2Wquyi-O94dcQc8nk","Cada dia estou aprendendo mais.... Top","5","0","0","2025-04-07 21:18:20","","","","",""
"070422bc-8517-498b-a3d0-b49d2d56a8db","Tania Torre","https://play-lh.googleusercontent.com/a-/ALV-UjUQOS3c4Us9CeFr8VHPT73ti8CCze2KChAX_9bI5hQyEgPG_f3UwQ","tem mais de 20 anos de mercado com clareza rentabilidade destaque em rentabilidade","5","0","0","2025-04-06 19:58:24","","","202503.1.5","",""
"b43b67dc-f38e-460c-b1d0-296297889097","Mbemba Fawler","https://play-lh.googleusercontent.com/a-/ALV-UjVzcoTxf1eFVEiMiJG0lnmxL8LwSRlc8e7sdxoT8BM6oewiJdE","Eu quero ganhar","1","0","0","2025-03-17 22:36:21","Hello, sorry for the inconvenience caused. To help us address your concern, kindly provide your Zendesk ticket number. If you haven't opened a ticket yet, please do so at https://support.blockchain.com/hc/en-us/requests/new and let us know the number. We appreciate your patience and cooperation. Regards, The Blockchain.com Support Team","2025-03-19 02:24:29","202502.1.12","",""
"813f75a8-cdc1-4b6b-a4c8-da7fbea0995b","Lucimar Pinheiro","https://play-lh.googleusercontent.com/a-/ALV-UjWdlixH9fffRdemoy1qVJw2Saxl_yx2RipK--DLEGDM6WOfnkJ3","Como faço para recuperar moedas faz tempo sumiu não eu aonde foi para","4","0","0","2025-03-05 07:16:33","","","202502.1.9","",""
"0d09ebb9-21c4-445c-9a07-16869457b022","importação segura","https://play-lh.googleusercontent.com/a-/ALV-UjVKM0yzv6SRjAbDzNw2p3y4Apsnjn5EGu_dJtjUG2FWP_K3Cc4O","A blockchain chega um momento não dá não muito bugs suporte arrume e volta o problema Se a pessoa tem um btc lá a briga é feia na justiça Então todo cuidado é pouco","3","0","0","2025-03-04 22:08:13","Greetings, we're sorry for the inconvenience. To help us assist you better, please share your Zendesk ticket number if available. If you need to open a ticket, please do so here: https://support.blockchain.com/hc/en-us/requests/new and send us the number. Thank you for your understanding and patience. Kind regards, Blockchain.com Support Team","2025-03-05 03:07:03","202502.1.9","",""
"99e50462-4ff2-4f2c-9734-55d7c7f6ba35","canal Joaquim","https://play-lh.googleusercontent.com/a-/ALV-UjWoM8awX0KMcNqQ3sYjsUgmVPrdGU_s4NZXt-lWlFvycLKD6xSy","aplicativo perfeito, agora posso fazer minhas transferências de forma segura e confiável. se alguém estiver a procura de um aplicativo seguro para o recebimento e pagamentos em Bitcoins, a blockchain é uma ótima opção, já uso a 3 anos e nunca me arrependi!!!!","5","1","0","2025-02-27 22:07:15","","","202502.1.9","",""
"406b8d8a-4c4f-4e71-a6e6-7c95c3c3d857","Jean Carlos da Conceição Feitoza","https://play-lh.googleusercontent.com/a-/ALV-UjVjqalz8xp2Sk6NAwICJ_vkFbsNdjphHI5oYQBvsnYZZU_pqWYL","top","5","0","0","2025-02-21 09:34:24","","","202411.2.10","",""
"216a1f19-0dcb-48ca-baac-ab01a3c211e4","Lass Cassama","https://play-lh.googleusercontent.com/a/ACg8ocKWXE0VDqoRIAr-3zcUc8GW5bvRxoY4c3yydZvYNZw0OjSTjQ=mo","Coloquei meus wordcoins nesta plataforma e foi para deffi walet, simplesmente ficou la , não consigo fazer troca nem transferência , nem enviar, peço suporte e eles não respondem","1","0","0","2025-02-20 11:16:25","Dear Customer, we regret any inconvenience. To help us address your issue, please send us your Zendesk ticket number. If you need to submit a ticket, please visit: https://support.blockchain.com/hc/en-us/requests/new and then share the ticket number with us. Thank you for your patience and understanding. Sincerely, Blockchain.com Team","2025-02-21 07:56:17","","",""
"9196e517-eec4-4d7b-9ea0-0a63f10ce1a2","Fotos Autorais","https://play-lh.googleusercontent.com/a-/ALV-UjVQ6-xWanRnT8Qnzhl5qqyuK5aKRbt-n3AXnJKL9ucHR9GbiPg","EXCHANGE DESONESTA ! 1º se vc fizer uma compra de Crypto usando cartão vai ter que esperar três dias para poder sacar a crypto comprada, se comprou com ACH Pull tem que esperar uma semana pra sacar, provavelmente enquanto eles usam nossas cryptos em staking sem a gente ganhar nada. 2º BTC a 96 mil e eles tentando nos vender a 98 mil. Na Solana pior ainda: está a 180 e eles querem nos vender a 185! É para a gente negociar e deixar o lucro todo no bolso deles?!","2","0","0","2025-02-17 19:16:49","Hello Fotos, apologies for any trouble you've experienced. To resolve your issue, could you please provide your Zendesk ticket number? If you don't have one, please create a ticket at https://support.blockchain.com/hc/en-us/requests/new and let us know the ticket number. We appreciate your cooperation. Kind regards, The Blockchain.com Team","2025-02-19 01:46:02","","",""
"75cedfac-781c-4a45-bd47-b4a3a629a39f","Washington Filho","https://play-lh.googleusercontent.com/a-/ALV-UjUaTQJVXyNuqvvH-ES_aWlm1j9juaH13lAL2fjJrwyznuh86zq8","Não consigo criar uma conta","1","0","0","2025-02-08 21:27:23","Dear Customer, we're sorry to hear about the problem. To assist you better, please provide your Zendesk ticket number. If you haven't yet submitted a ticket, please do so here: https://support.blockchain.com/hc/en-us/requests/new and send us the number. Thank you for your understanding and patience. Sincerely, Blockchain.com Team","2025-02-10 11:11:50","","",""
"f1aadd1c-1da2-466a-b48c-d08dba1f6748","Marlon Muria","https://play-lh.googleusercontent.com/a-/ALV-UjUBuoIl8Dwn3ZHGKX-ypBHmZU4bJ-I-c3RjDmxPI2TUG6CE42EO","Bom minhas nfts sumiu da carteira e nao foi pra nenhuma carteira recomendo voces nao por nfts da falha de envio","2","0","0","2025-02-04 09:49:22","Hello Marlon, we're sorry for any inconvenience you're experiencing. To assist you, please provide your Zendesk ticket number if available. If you haven't created one yet, please submit a ticket here: https://support.blockchain.com/hc/en-us/requests/new and share the number with us. Thank you for your patience. Best regards, Blockchain.com Team","2025-02-05 02:33:53","","",""
"be431a42-b759-4345-babf-fe1b46db1556","RB RB","https://play-lh.googleusercontent.com/a/ACg8ocILKthqnNMHPN-se_ZGiQIh8YUV_1_DxHyJFK3V295mNWeahTE=mo","está fluindo","5","0","0","2025-01-30 06:33:00","","","202501.1.3","",""
"fc954487-31d2-4fe7-a337-35ccd1a8f03f","anonimo anonimo","https://play-lh.googleusercontent.com/a/ACg8ocJ1sRoYo8cfPLxX97dhePsq3OfjwX1ovAAXQXZqzSa4_0XCfQ=mo","Não estou conseguindo fazer a verificação de 2 etapas.... após eu por o código do país, e código da regiao e meu número, vem mensagem que "" falha ao guardar número de telefone""... Preciso resgatar meus fundos urgente!!!!!!","1","0","0","2025-01-29 13:12:37","Hello, we're sorry for any inconvenience you're experiencing. To assist you, please provide your Zendesk ticket number if available. If you haven't created one yet, please submit a ticket here: https://support.blockchain.com/hc/en-us/requests/new and share the number with us. Thank you for your patience. Best regards, Blockchain.com Team","2025-02-04 03:50:33","202501.1.5","",""
"ea737e06-c813-4426-af21-49ddb4e041bb","Manesmann","https://play-lh.googleusercontent.com/a/ACg8ocJwd8chyFT3QWlXXjfNPmx9tULC_dQEk8ke76A_Ztl2JMeh3gM=mo","se você não sabe falar inglês, não entre nesta cilada, pois o atendimento é somente em inglês. OUTRA COISA GRAVE, É QUANDO VOCÊ NÃO COLOCA O ENDEREÇO DE DESTINO PARA ENVIO DE CRIPTOATIVOS. A BLOCKCHAIN PROCESSA NORMALMENTE O ENVIO, SEM NENHUMA INCONSISTENCIA, AVISANDO PARA QUE O CLIENTE POSSA INSERIR A CARTEIRA DE ENVIO, DIANTE DISSO NÃO VOCÊ NÃO CONSEGUIRÁ MAIS RASTREAR O DESTINO CERTO(EXCHANGE OU ENTIDADE), LHE DANDO PREJUÍZO, FUJA DISSO, SE NÃO SABE OPERAR.","1","2","0","2025-01-28 09:50:22","Hello, we're sorry for any inconvenience you're experiencing. To assist you, please provide your Zendesk ticket number if available. If you haven't created one yet, please submit a ticket here: https://support.blockchain.com/hc/en-us/requests/new and share the number with us. Thank you for your patience. Best regards, Blockchain.com Team","2025-01-29 01:05:20","202411.2.10","",""
"5e3d3e1a-0ae1-48e7-af80-ca792794ff95","Halberto ferreira da silva","https://play-lh.googleusercontent.com/a-/ALV-UjUzzQmJZ3La43usuZ2YvnEj04ZNozW35jD6STrwbZOTjvWzuiEj5Q","O aplicativo de vocês é horrível pede verificação de dispositivos confima e não abre achei que era erro no Gmail coloquei outro o mesmo problema estão precisando aprender com outros aplicativos como nunbank e várias outras carteiras digitais o app de vocês não presta vocês estão jogando dinheiro fora está perdendo muitos clientes com toda certeza põem reconhecimento facial confirmação por telefone e Gmail libere o acesso não sei porque só vocês tem uma configuração tão ruim","1","2","0","2025-01-27 16:48:40","Hi there, apologies for the problem you're experiencing. Please provide your Zendesk ticket number so we can assist you further. If you haven't yet opened a ticket, please do so here: https://support.blockchain.com/hc/en-us/requests/new and let us know the number. We appreciate your patience. Best regards, The Blockchain.com Support Team","2025-01-27 11:25:40","202501.1.5","",""
"1691b7a2-99e1-4204-b256-afc73820d55a","Luiz Felipe Silva","https://play-lh.googleusercontent.com/a-/ALV-UjVtil8FyYerW7B_-yCLvWAMtCAO0FiaXHzY4Elg9Pqo_kRTgQjv","Baixei, a plataforma não permite fazer nada, não permite vender, não permite converter em outras cryptos, não permite enviar os tokens para outras carteiras, me arrependi de usar essa plataforma, cheia de frescuras.","1","3","0","2025-01-26 18:55:37","Hi, we're sorry to hear you're having difficulties. To assist you promptly, please let us know your Zendesk ticket number. If you haven't created a ticket yet, please do so at https://support.blockchain.com/hc/en-us/requests/new and provide us with the number. Thanks for your cooperation. Warm regards, The Blockchain.com Team","2025-01-27 11:28:17","202501.1.5","",""
"0e272a03-57d4-42e5-bae6-cdfbcf5aa58c","Manuel Sobrinho","https://play-lh.googleusercontent.com/a-/ALV-UjWq00DvJwAshSz0JIPc_6t7rlJzphXRRl-6QjuGkcVQEWN25xO9","Não tenho identidade atualizada, para agendar pra fazer a identidade demora 2 meses, eles tem a opção de aceitar cnh e mesmo assim não aceitam, entro em contato com o suporte e ninguém responde","1","1","0","2025-01-24 05:04:39","Hello, apologies for any trouble you're facing. To help us help you, could you please provide your Zendesk ticket number? If you don't have one, please create a ticket here: https://support.blockchain.com/hc/en-us/requests/new and share the number with us. We appreciate your understanding. Best, Blockchain.com Support Team","2025-01-28 03:05:54","202501.1.5","",""
"b9294706-47c5-4fbe-b5f3-ac383368d2a9","Patrick Silva","https://play-lh.googleusercontent.com/a-/ALV-UjVtZ8ba7DcDfBT9AGNTN5EXBKqtM0_MhT4jC4RxgT1MO4iDaxGo","tive um pouco de dificuldade no começo, até que deu certo.","5","0","0","2025-01-23 19:03:15","","","202501.1.3","",""
"cbdf118a-4b24-4283-91ff-5c62f53f3845","jonathan santos (LetoTK)","https://play-lh.googleusercontent.com/a-/ALV-UjXxCJQemc2a2ucbfCxN0Q2CJHCr4tjCFqZmQB4L_gCvQpPc7585","3 horas tentando fazer o cadastro sempre dá erro.","1","0","0","2025-01-21 17:12:29","Dear Customer, we're sorry to hear about the problem. To assist you better, please provide your Zendesk ticket number. If you haven't yet submitted a ticket, please do so here: https://support.blockchain.com/hc/en-us/requests/new and send us the number. Thank you for your understanding and patience. Sincerely, Blockchain.com Team","2025-01-28 03:12:42","202501.1.3","",""
"4bee3147-a3dc-4224-8827-4ba1c4781191","Jorge Lopes leite","https://play-lh.googleusercontent.com/a-/ALV-UjUcFYz1ZkhAFfdixLlbmRB8tyALno-qfjYP49x5OYgPwbIyyf9E","gostei.muito","5","0","0","2025-01-19 15:33:44","","","","",""
"1e1ab822-a97e-4b07-9401-e55f42949158","Belasko","https://play-lh.googleusercontent.com/a-/ALV-UjXB73igJAcBZZf9AvZ17kX1TC7c2xH3Y-_l2UwsOmNEGUm88VfD","Um lixo, não consigo passar do sistema de identificação por id, pede pra confirmar com alguns itens mas não consigo confirmar, pois a câmera se quer liga","3","0","0","2025-01-18 21:41:34","Hi, we're sorry to hear you're having difficulties. To assist you promptly, please let us know your Zendesk ticket number. If you haven't created a ticket yet, please do so at https://support.blockchain.com/hc/en-us/requests/new and provide us with the number. Thanks for your cooperation. Warm regards, The Blockchain.com Team","2025-01-20 05:29:42","202501.1.3","",""
"6897bd46-3acf-4727-8746-39316932d6e5","AJATO INTERNET ajatointernetrural","https://play-lh.googleusercontent.com/a-/ALV-UjX7Wz57d_hz_sY_o3DvttTVV7fNQSpM59Ai6C4S80HeBTUYoqFozQ","ok","5","0","0","2025-01-14 21:25:36","","","202411.2.10","",""
"ee14a764-68e5-4fe3-8cdd-1bb8e3eedc4c","marcelo da Flávia","https://play-lh.googleusercontent.com/a/ACg8ocKtESKpYbt3uhmpcQXnfvbnvlU_Rh22wCkkNhtfEh550L_sXurD=mo","Uma das melhores","5","0","0","2025-01-06 19:02:09","","","202411.2.10","",""
"0e07afc1-47b7-4993-8504-ba31e30d6299","Nomar Valdez","https://play-lh.googleusercontent.com/a-/ALV-UjU_lj_LBSqgG_SS5oRWUSKw2rLiHyZrXzEQNr-GVRlkenq7HsDC-g","Não indico e até reprovo, a uns anos atrás eu tinha dinheiro na minha carteira, do nada eles mudaram o meu código de acesso de palavras chaves para outra sem motivo aparente, quando fui acessar minha conta meu saldo estava zerado, tentei entrar em contato mas sempre me informaram que não havia nada de errado, por fim perdi uma quantia razoável e não tinha como recorrer em lugar algum. Não recomendo a ninguém, melhor usar o MB que é no BR.👎 olha a resposta que eles enviaram abaixo, parece piada","1","14","0","2025-01-05 18:37:45","Hi, we regret any inconvenience you've faced. To help us address your issue quickly, please share your Zendesk ticket number if you have it. If not, please submit a ticket via https://support.blockchain.com/hc/en-us/requests/new and provide us with the number. Thanks for your patience. Warm regards, The Blockchain.com Team","2025-01-05 15:19:07","202411.2.10","",""
"5dd7b42c-7386-4a8e-89f2-bc1f49d7061f","Maria Isaurete","https://play-lh.googleusercontent.com/a-/ALV-UjXyOdVFJhZ9yc5JO_YMrc1RVNsmVVLMaFe5nVhfriesMLKBJ7LQ","Estou a começar","4","0","0","2025-01-01 14:06:22","","","202411.2.10","",""
"74185b93-28b2-45ce-9b8d-9bf7080a8fc8","Pedro New world","https://play-lh.googleusercontent.com/a-/ALV-UjXgX4TcfywKOGiFt03hM3zFgjAz5aZUbOz1YCoR7vEEyKlQ4vzhxA","Se estiver acessível a conta eu mudo meu comentário tá a desejar a um tempo o modo de conexão de contas 🤌","3","0","0","2024-12-30 21:00:07","Hello, apologies for any trouble you're facing. To help us help you, could you please provide your Zendesk ticket number? If you don't have one, please create a ticket here: https://support.blockchain.com/hc/en-us/requests/new and share the number with us. We appreciate your understanding. Best, Blockchain.com Support Team","2025-01-01 01:55:48","202407.2.16","",""
"b08fffd1-4fe5-49ab-8982-371d4276787e","Angel Brunini","https://play-lh.googleusercontent.com/a-/ALV-UjWkZ1r-s21fbg69WjGSxawSf0FMy24fBXOzd3gDlzjXeVMMiqI_2g","Perfeito a carteira","5","0","0","2024-12-28 09:18:44","","","202411.2.10","",""
"9ae56d8b-7bc5-449f-a008-91a37b8d5cb1","Francisco Bruno","https://play-lh.googleusercontent.com/a-/ALV-UjVaTPHL3-oaVsvXbIauxYZn02F_0dTIAvwqjlfxdBaU0FKMwylg","Não consigo depositar nem comprar","4","0","0","2024-12-27 01:41:06","Greetings, we're sorry to hear about the inconvenience. To assist you further, please provide your Zendesk ticket number. If you haven't opened a ticket yet, you can do so here: https://support.blockchain.com/hc/en-us/requests/new and share the number with us. Thank you for your patience and cooperation. Best regards, Blockchain.com Support Team","2025-01-01 02:02:13","202411.2.10","",""
"a3a9dc8c-a0c8-490b-a862-00785a79ee1d","Ailton lima Santos","https://play-lh.googleusercontent.com/a-/ALV-UjU0L4jQpXxtnJcm1S6KTkb8SPScRtIO4aLyvDZywWFxljAd4hzPyg","Muito bom","5","0","0","2024-12-26 21:03:13","","","202411.2.10","",""
"ccb1a374-d584-43e9-866d-4934af92b9bc","gustavo badra","https://play-lh.googleusercontent.com/a/ACg8ocJ7ltVZZ-lWCIHELA1xE01akXjFVV_OHtrUYusmkxAd6BLwdw=mo","Não estou conseguindo acessar minha carteira . Recuperei minha conta recentemente","1","0","0","2024-12-25 15:20:48","Hi, we apologize for any issues you're experiencing. To resolve your problem, please provide your Zendesk ticket number if you have it. If not, you can open a ticket at https://support.blockchain.com/hc/en-us/requests/new and share the ticket number with us. Thanks for your cooperation and patience. Best wishes, Blockchain.com Team","2024-12-30 04:51:00","","",""
"bc3aa569-1772-42c9-9da9-12a6e0f73534","Tarcísio Filho","https://play-lh.googleusercontent.com/a/ACg8ocJSjaz5umFDvs0NNxsiN4NVRyueNWVPK3Ri5pMtZ5eIUkSnew=mo","ótimo app, fácil de usar.","5","1","0","2024-12-20 22:43:55","","","202411.2.7","",""
"e0a7d6b7-5f55-414f-ad90-16bec7079e29","Neto Arrelias","https://play-lh.googleusercontent.com/a-/ALV-UjV6dXUoMUad1q1ewIsqgqNDhBSbZuVcOP4OWF1DgLwe-tUIi8t6","Fiz um envio de BTC para minha carteira correta e não foi creditada a muitos dias, o aplicativo não carrega o histórico de envios e o suporte não responde a dias, não usem essa carteira eles somem com seu dinheiro","1","6","0","2024-12-20 09:09:18","Dear Customer, we're sorry to hear about the problem. To assist you better, please provide your Zendesk ticket number. If you haven't yet submitted a ticket, please do so here: https://support.blockchain.com/hc/en-us/requests/new and send us the number. Thank you for your understanding and patience. Sincerely, Blockchain.com Team","2024-12-23 14:57:20","202411.2.7","",""
"21576350-a617-4727-9799-4dafa631261c","Bap_Gamer","https://play-lh.googleusercontent.com/a-/ALV-UjXb_7gxGU-C3aZCWOWvn-rGpljU3X1uu8wnARdPOLof3EDxaMxj","gostei","5","0","0","2024-12-17 05:18:05","","","202411.2.6","",""
"593ac122-d053-4845-8c3d-aae7ecd35373","Assane Saide Trinta","https://play-lh.googleusercontent.com/a-/ALV-UjVFjpq97JlLSKmxf94P1ZHTZtQFOO79-bnTRFaRqy7FD9-G4rY","Sem comentários mais espero me convencé. Para quê quer me seguir nas minhas páginas só conhecido como SANTE DE MOZ 🇲🇿. Por exemplo tik TOK. YouTube. E muito mais....","5","0","0","2024-12-17 01:18:57","","","","",""
"94af2663-4db3-413d-a4db-b89c0c2dcac1","André Luís","https://play-lh.googleusercontent.com/a-/ALV-UjVwrLCNL-lV89BCvqolaMeFOVXLJwzQhgYpG1A7eyfgjzwk5ZJn","Blockchain e carteira TOP","5","0","0","2024-12-15 22:27:49","","","202411.2.5","",""
"beb89a92-4d92-47c9-a655-92455aa5b8ec","Murilo Abreu","https://play-lh.googleusercontent.com/a-/ALV-UjW0PLatBs-bI6PtdLj3-GsbKRhKVIiZgLXHEJFagS8ywFJWzfR9","muito segura","5","0","0","2024-12-13 12:13:55","","","202411.2.4","",""
"4ae8591a-c90f-4561-9487-c7aaa725c799","Kacthec santos e Silva Wanderley","https://play-lh.googleusercontent.com/a-/ALV-UjWx7A9nCGxcIgmFr4c7MVjIFR-UWsFVlF-5nM_6YVMBNiP83fUO","maravilhoso","5","0","0","2024-12-12 13:55:02","","","202411.2.3","",""
"a5d9049e-18e9-4ee7-8056-663db756af88","Jeferson","https://play-lh.googleusercontent.com/a-/ALV-UjVWrSU5gQD1heZrRdzNnmdZTY33QfB2FAMvDb53x3nzr19kKY0","Muito bom","5","0","0","2024-12-12 12:31:26","","","","",""
"80697db8-ff44-43a6-8725-254bdf56abab","VANILDO PUSCI","https://play-lh.googleusercontent.com/a/ACg8ocIWJ9Qg-8YCoAIL8FJHIw_dMGnctSXnFNSgKrmPXcHgNlrzc0Py=mo","muito bom e rápido","5","0","0","2024-12-12 08:07:00","","","202411.2.2","",""
"c9a686bd-92c8-4c48-a0f6-6ce42c33c878","Nasser Opincai","https://play-lh.googleusercontent.com/a-/ALV-UjWrW-I4VxWrg2rMPbQi_EbCP5rHY1-zvCa-y9k3RjDN5Ly1Wwqg","Super top","5","0","0","2024-12-11 23:21:30","","","202411.2.1","",""
"c44b4039-47bd-4d31-95e3-dee60f8aaec7","Adelson M Ferreira","https://play-lh.googleusercontent.com/a-/ALV-UjWT1LXECWpXQvxE1mfSH7Lbv3gAkV1IWWywqgr0T1Um73sc2i0","Minha opinião é a melhor","5","0","0","2024-12-11 16:17:48","","","202411.2.1","",""
"02fccc6c-4700-41c3-8f1b-2241b2cce3ca","Milton arcanjo oliveira","https://play-lh.googleusercontent.com/a-/ALV-UjXRPFoZoVGqWfwzmahj8a9-lou6vROwfAOEyylKoNeKW6L86iH0","EU PERDI NO DIA 27 11 2024 MAIS DE 50.000 DOLÁRES DE MINHA CONTA NÃO SEI COMO ENTRERAM EM MINHA CONTA SENDO QUE NÃO COMPARTILHEI MINHAS CREDENCIAS PARA NINGUÉM ESTOU UM TANTO DESISPERADO POR CONTA DESSA TRAGEDIA .","3","0","0","2024-12-10 18:32:53","Hello, apologies for any trouble you're facing. To help us help you, could you please provide your Zendesk ticket number? If you don't have one, please create a ticket here: https://support.blockchain.com/hc/en-us/requests/new and share the number with us. We appreciate your understanding. Best, Blockchain.com Support Team","2024-12-16 14:54:52","202411.2.1","",""
"fed5ffaa-b9d9-47ae-8daa-c220fc977ac2","José Osnildo Trombini","https://play-lh.googleusercontent.com/a-/ALV-UjUXNYTOUfZgVvIuvb4j9W5eNkBO-qsQ1zwKa27oB_5mah0ZFLg8","excelente!!","5","0","0","2024-12-10 10:55:30","","","202411.2.1","",""
