rank,title,link,video_id,channel,channel_id,published,description,views,likes,dislikes,comments,favorites,duration,definition,caption,tags,category_id,default_language,default_audio_language,live_broadcast_content,thumbnail_default,thumbnail_high,thumbnail_maxres,channel_custom_url,channel_description,regiao,idioma,termo,order
1,1 millions subscribe please #trading #music #cryptotrading #bitcoin #song #talwiinder #trading,https://www.youtube.com/watch?v=jGsigMoBOdc,jGsigMoBOdc,Finance guru ,UCt5cy3zboivmWkqjeCjg_3g,2025-12-12T03:27:53Z,1 millions subscribe please #trading #music #cryptotrading #bitcoin #song #talwiinder #punjabisong#trading #music #cryptotrading #bitcoin #song #talwiinder #trading,98,0,0,0,0,PT19S,hd,false,#trading #music #cryptotrading #bitcoin #song #talwiinder #punjabisong,27,en,,none,https://i.ytimg.com/vi/jGsigMoBOdc/default.jpg,https://i.ytimg.com/vi/jGsigMoBOdc/hqdefault.jpg,https://i.ytimg.com/vi/jGsigMoBOdc/maxresdefault.jpg,,,br,pt,bitcoin,date
2,CRYPTO LIVE TRADING|| 12 DEC | ‪@ClockTraderlive‬ #bitcoin #ethereum #crypto #btclivetrading,https://www.youtube.com/watch?v=D450RoGDmys,D450RoGDmys,Aryan trader Live,UCEz0D2lWquqW5tFZMhVFyTg,2025-12-12T02:37:06Z,"📢join my social platforms for updates and analysis
 
✅Instagram: https://www.instagram.com/clocktraderlive_?igsh=NjducWp0a2d4NXdx

✅Join my official WhatsApp channel: https://whatsapp.com/channel/0029VajSTkl1XquYZr3Bcw30

🌟 XM REGISTER AND GET 100% BONUS ON DEPOSIT- https://affs.click/6hD6p ( PARTNER CODE= FJX2F

🌟 VANTAGE Register https://vigco.co/la-com/MjPm3Uno PARTNER CODE= MjPm3Uno

🌟Exness- best platform to trade gold and forex=👉🏻 https://one.exnesstrack.org/a/tfksshkgxb partner code= tfksshkgxb

🌟Delta exchange- FIU registered =👉🏻 https://www.delta.exchange/?code=IJRXEA

🌟Bingx- register and get upto $12100 bonus💰=👉🏻 https://bingx.pro/invite/FCHPB7/  Refer code= FCHPB7

🏆Send your screenshot here after opening the account= 9266315787

🔥BEST INDIAN BROKER🔥: https://join.dhan.co/?invite=KBMNQ24852

🔥Best funded account upto $200k💰= https://my.fundedfirm.com/register?ref=077ff13fadd278c

⚠️⚠️⚠️Disclaimer:

✨📢THIS STREAM IS FOR EDUCATIONAL PURPOSES ONLY. NOT A BUY / SELL ADVICE/ WE ARE NOT THE SEBI REGISTERED ADVISOR. PLEASE CONSULT YOUR FINANCIAL ADVISOR.

📌 Indian Law Compliance – This stream is for education pupose only and does not promote, solicit, or offer trading services within India. It complies with FEMA Act, 1999 and other regulations.

🚨""Disclaimer: Forex and CFD trading involve significant risk and may not be suitable for all investors. Exness is an offshore broker and is not regulated by SEBI (Securities and Exchange Board of India). Indian laws allow forex trading only on SEBI-approved exchanges and INR-based currency pairs. Trading with an offshore broker may lead to legal and financial risks, including potential issues with fund withdrawals or regulatory actions by RBI or SEBI. Please do your own research and consult a financial advisor before investing.""

⚡Crypto live trading, live trading, bitcoin live, live crypto trading, bitcoin, bitcoin live trading, crypto trading, crypto trading live, crypto, live trading today, live day trading, bitcoin trading, trading strategy, crypto trading strategies, option trading, trading live, day trading live, crypto day trading, crypto leverage trading, crypto day trading bot, crypto trading signals, bitcoin news today, bitcoin price prediction, bitcoin price, day trading, live trading bitcoin, bitcoin technical analysis, btc, ab krypto, ab crypto, crypto news, trading crypto, bitcoin update, altcoin trading, live bitcoin trading, live trading intraday, live trading nifty, bitcoin live stream, market prediction for tomorrow, cryptocurrency, bitcoin analysis, bitcoin today, crypto live scalping, how to day trade altcoins, best altcoins to buy, altcoin buy alerts, learn how to day trade altcoins, day trade altcoins, advance crypto club, advanced crypto trader, advanced crypto trading live, advance crypto club live, bitcoin day trading, mayank singh live trading, market live trap trading, mayank live trading, live trading profit,bitcoin prediction, btc live, eth, btc price prediction, best altcoins, live scalping, crypto trader, bitcoin trading., nifty live, mayank trader, trade room, trap trading, ethereum, bitcoin update cryptolifer, bitcoin must see cryptolifer, bitcoin hold resistance banknifty, stockmarket, nifty50, finnifty, btc price, crypto news hindi, binance futures trading, altcoins, crypto trading live show, crypto banter live trading, crypto banter today, crypto banter live, live btc trading, bitcoin trading live, btc live trading, avax, ada, bitcoin livestream, stock market, live trade, btc supply, alt season, live bitcoin, banter crypto, money magic, btc live stream, bitcoin bulls cryptolifer, intraday trading live, live crypto trading in hindi, live options trading, live intraday trading chainlink, ams54k, polkadot, btc news today, xrp news today, solana price prediction,

Today's live trading
Search topics,
#bitcoinlivetrading 
#btclivetrading 
#livebitcointrading 
#liveLondonsectiontrading 
#livenewyorksectiontrading
#liveTokyosectiontrading 
#liveetherumtrading 
#liveforextrading 
#livetrading
#bitcoinlive
#crudeoillivetrading 
#goldlivetrading 
#xauusdlivetrading
#livetrading 
#currencypairlivetrading 
#ICTlivetrading
#Rrcconcepttrading 
#Mirrorconcepttrading 
#Ethlivetrading 
#Livestockmarket
#Livecryptotrading 
#Cryptotradingliveprofit
#Intradaydaylivetrading 
#Livetradingtoday
#Btctradingtoday 
#Solanalivetrading
#xrplivetrading 
#bitcoinlivetrading 
#livebtctrading 
#cryptolive
#Bitcoinlivetradingtoday
#Livetradingforexmarket
#Bankniftylivetrading
#Nifty trading live
#Stock option trading
#Stock market
#ethlivetrading
#hero zero bank nifty
#hero zero trade
#banknifty live trading
#nifty50 live

Btc live trading, Bitcoin live trading today, etherum live, live scalping, bitcoin, crypto, finance, forex, trading live, power of stock, swing trading, swing trading strategies, trading psychology, ema live trading, bitcoin price predicion, day trading live, day trading, btc, scalping, etherum live trading,",4259,1626,0,0,0,P0D,sd,false,"clock trader live, aryan trader live, live trading, live trading today, crypto live trading, btc live trading, bitcoin live trading, gold live trading, live btc trading, live gold trading, xauusd live trading, ethereum live trading, forex live trading, live aryan trader, live clock trader live, day trading live, share market live eth live trading, alt coin live, share market live, stock market live",27,en,hi,live,https://i.ytimg.com/vi/D450RoGDmys/default_live.jpg,https://i.ytimg.com/vi/D450RoGDmys/hqdefault_live.jpg,https://i.ytimg.com/vi/D450RoGDmys/maxresdefault_live.jpg,,,br,pt,bitcoin,date
3,"Пружина сжимается, иксы неизбежны ;) #bitcoin",https://www.youtube.com/watch?v=FYHRBlGoUfg,FYHRBlGoUfg,INTELLECT_city,UCULc_2cHBAV7oK_ZQWNHlKA,2025-12-12T02:36:33Z,Нам на руку то что паттерн даст сдвиг рынка.,108,3,0,0,0,PT3M,hd,false,,27,ru,ru,none,https://i.ytimg.com/vi/FYHRBlGoUfg/default.jpg,https://i.ytimg.com/vi/FYHRBlGoUfg/hqdefault.jpg,https://i.ytimg.com/vi/FYHRBlGoUfg/maxresdefault.jpg,,,br,pt,bitcoin,date
4,Ko Rey orang kaya lama #bitcoin #crypto#gabriel #podcast,https://www.youtube.com/watch?v=qedWBAAJSLU,qedWBAAJSLU,LFX TRADER,UCEJcUd4Nz4HpWTCdsuWB0zg,2025-12-12T02:05:52Z,,1269,17,0,0,0,PT30S,hd,false,,24,id,id,none,https://i.ytimg.com/vi/qedWBAAJSLU/default.jpg,https://i.ytimg.com/vi/qedWBAAJSLU/hqdefault.jpg,https://i.ytimg.com/vi/qedWBAAJSLU/maxresdefault.jpg,,,br,pt,bitcoin,date
5,Is BTC Really Been Manipulated ?? #crypto #bitcoin #cryptocurrency #trading #shorts #shortsvideo,https://www.youtube.com/watch?v=mwfNYrXd47Y,mwfNYrXd47Y,2Bit Crypto,UCKZychZHsAMTFilBlFyrAGA,2025-12-12T01:41:00Z,"Lets take a look at the most recent price action in bitcoin and the crypto market 
🏅 Join My Channel for Perks: https://tinyurl.com/Join2bit
🥇 Join the preimun discord keeping ahead of the market: https://whop.com/2bit-crypto

🎯 **Top Links & Bonuses**
💥 Trade Cryptowith New user Bonuses (No KYC, No VPN):  https://www.bitunix.com/activity/normal/2bitCrypto1031?vipcode=2bitcrypto
🐸 Memecoin YouTube Channel: https://www.youtube.com/@2bitCryptromemes
✨ Support my work here by becoming a memeber: https://tinyurl.com/Join2bit

🔥 **Watch Next (Don’t Miss These):**
📈 Huge altcoin plays to 10x: https://youtu.be/bujKfRBfkQ8
📉 Guide to taking profits: https://youtu.be/2XrCBP_i3U4
💸 XRP making you rich: https://youtu.be/hkv07RnCEDU
🚨 Crypto Tax Rules: https://youtu.be/JMJSI4A6NkM

📲 **Connect With Me:**
🎥 Subscribe for Daily Crypto Updates: https://bit.ly/3I8nz2A
📺 Live Every Day at 4PM EST: https://bit.ly/3tW0LxY
🎵 TikTok: https://www.tiktok.com/@2bitcryptouk
🐦 Twitter: https://x.com/2bitcrypto_YT
💬 Telegram: https://t.me/twobitcryptoYT
🔔 Free Discord: https://discord.gg/ybp7WtnkTx

🛠 **Crypto Tools & Partners:**
🛡️ Secure Crypto with Ledger: https://shop.ledger.com/?r=18d9112b0ace

📢 **SEO Keywords & Hashtags:**
#crypto #cryptocurrency #bitcoin #shorts 

⚠️ **Disclaimer:**
This video is for educational purposes only and NOT financial advice. Always do your own research (DYOR). I will NEVER DM you for money or crypto. Stay safe!",50,2,0,7,0,PT46S,hd,false,"crypto, 2bit crypto, 2bit, cryptocurrency, cryptoinvesting, cryptocurrency news, cryptotrading, technical analysis, cryptonews, bitcoin shorts, btc shorts, crypto shorts, bitcoin btc crypto, bitcoin price, btc update, crypto news, bitcoin trading, btc tips, crypto investing, blockchain",24,en-GB,en-GB,none,https://i.ytimg.com/vi/mwfNYrXd47Y/default.jpg,https://i.ytimg.com/vi/mwfNYrXd47Y/hqdefault.jpg,https://i.ytimg.com/vi/mwfNYrXd47Y/maxresdefault.jpg,,,br,pt,bitcoin,date
6,The Fed CUTS… and Bitcoin DROPS Below $90K?!,https://www.youtube.com/watch?v=u_H9gXNc630,u_H9gXNc630,Simply Bitcoin,UCB6Q0S1gUHXMe5-Jjx0_laQ,2025-12-12T00:05:53Z,"Jerome Powell just went full-dovish — QT is winding down, liquidity is returning, and rate hikes are off the table. Bitcoin dipped under $90K like every FOMC week this year, but the setup is still wildly bullish: rising liquidity, nonstop institutional buying, and analysts calling for the next major expansion phase. Meanwhile, Washington keeps slipping digital-control policies into huge bills, reminding everyone why Bitcoin matters now more than ever.

SPONSORS:
✅ Ledn
https://www.nmj1gs2i.com/8LJN3/9B9DM/?source_id=Youtube&sub1=Description
Simply Bitcoin clients get 0.25% off their first loan
Need liquidity without selling your Bitcoin? Ledn has been the trusted Bitcoin-backed lending platform for 6+ years. Access your BTC’s value while HODLing.

🛠️ The Bitcoin Way
https://www.nmj1gs2i.com/8LJN3/BP658/?source_id=Youtube&sub1=Description
Your IT Team In The Bitcoin World: The Bitcoin Way is a specialized IT team providing individuals and businesses with exceptional guidance and technical support. With over 20 years of expertise in cybersecurity and privacy, they excel at simplifying the intricacies of Bitcoin. The Bitcoin Way's mission is to empower individuals to utilize Bitcoin effortlessly while maintaining complete control over their funds.

📡 SAT123: 
https://www.nmj1gs2i.com/8LJN3/KMKS9/?source_id=Youtube&sub1=Description
Satellite phones, Starlink kits, Faraday bags
Use code SIMPLY for 15% off

CHAPTERS:
00:00:00 - Jerome Powell's Dovish Speech and Bitcoin's Reaction
00:02:00 - Understanding the Fed's Actions and Bitcoin's Patterns
00:04:00 - Tom Lee on ISM and Crypto Super Cycles
00:06:00 - The Impact of Monetary Policy on Bitcoin
00:07:30 - Washington's CBDC Controversy
00:10:00 - The Control Grid of Central Bank Digital Currencies
00:12:00 - Breaking the Four-Year Cycle Myth
00:14:00 - Institutional Demand and Bitcoin's Future
00:15:30 - The Potential for a New Bull Market
00:17:00 - Entering the Bitcoin Super Cycle
00:18:00 - Conclusion and Call to Action

✓ SUBSCRIBE - https://bit.ly/3QbgqTQ
✓ LEAVE A LIKE
✓ COMMENT

Follow Us:
► https://x.com/SatsforLife
► https://x.com/SimplyBitcoin

DISCLAIMER: All views in this episode are our own and DO NOT reflect the opinions/views of any of our guests or sponsors.

Copyright Disclaimer Under section 107 of the Copyright Act 1976, allowance is made for “fair use” for purposes such as criticism, comment, news reporting, teaching, scholarship, education, and research. If you are or represent the copyright owner of materials used in this video and have a problem using said material, please contact Simply Bitcoin.",9563,1180,0,77,0,PT18M22S,hd,false,"Bitcoin cycle dead, Bitcoin supercycle, Jerome Powell Bitcoin, Bitcoin FOMC, Bitcoin rate cuts, Bitcoin QE, liquidity flip Bitcoin, Bitcoin macro, Bitcoin halving dead, Cynthia Lummis Bitcoin bill, Bitcoin reserve, Bitcoin adoption, Bitcoin regulation, Fed Bitcoin, Bitcoin 2026, Trump Fed chair, Bitcoin reserve currency, Bitcoin price cycle, Bitcoin monetary shift, Bitcoin self-custody",25,en,en-US,none,https://i.ytimg.com/vi/u_H9gXNc630/default.jpg,https://i.ytimg.com/vi/u_H9gXNc630/hqdefault.jpg,https://i.ytimg.com/vi/u_H9gXNc630/maxresdefault.jpg,,,br,pt,bitcoin,date
7,ANÁLISE RÁPIDA DO BITCOIN! Sobe ou Desce?,https://www.youtube.com/watch?v=Gk7N5_42oOQ,Gk7N5_42oOQ,Pobre no Bitcoin,UCSaUMDoYYBl89Bizx4tMAsQ,2025-12-12T00:00:19Z,"Sou pobre com esperança em mudar de vida utilizando o Bitcoin, me siga para aprender mais sobre e acompanhar a caminhada.

#bitcoin #criptomoedas #ethereum",1,0,0,0,0,PT1M9S,hd,false,"bitcoin, ethereum, criptomoedas, cripto, crypto, cryptomoedas, como comprar bitcoin, bitcoin 2025, analise bitcoin, análise bitcoin, analise bitcoin hoje, bitcoin hoje, análise bitcoin hoje, comprar bitcoin, comprar criptomoedas, como comprar criptomoedas, criptomoedas hoje, criptomoedas para iniciantes, criptomoedas como funciona, como funciona criptomoedas",22,pt-BR,pt-BR,none,https://i.ytimg.com/vi/Gk7N5_42oOQ/default.jpg,https://i.ytimg.com/vi/Gk7N5_42oOQ/hqdefault.jpg,https://i.ytimg.com/vi/Gk7N5_42oOQ/maxresdefault.jpg,,,br,pt,bitcoin,date
8,"XRP definitely will not deliver the numbers Bitcoin has, but it is positioned for a massive run. 💯🔥",https://www.youtube.com/watch?v=dgUpfAGOpGI,dgUpfAGOpGI,Finance Decoded,UCPZBN8dxZAntvPa1K6PHAdQ,2025-12-11T23:33:54Z,#bitcoin #btc #crypto #macro #fedinjection #liquidity #qtover #qe #inflation #dollar #wealthtransfer #bankwithjosh #financialsovereignty,28,1,0,0,0,PT39S,hd,false,,22,en,en,none,https://i.ytimg.com/vi/dgUpfAGOpGI/default.jpg,https://i.ytimg.com/vi/dgUpfAGOpGI/hqdefault.jpg,https://i.ytimg.com/vi/dgUpfAGOpGI/maxresdefault.jpg,,,br,pt,bitcoin,date
9,"Investments: Real Estate, Gold, Bitcoin, or Crypto",https://www.youtube.com/watch?v=5Qt4QVdYxbQ,5Qt4QVdYxbQ,Simply Bitcoin,UCB6Q0S1gUHXMe5-Jjx0_laQ,2025-12-11T23:00:08Z,"Dante talks about Investments: Real Estate, Gold, Bitcoin, or Crypto

Brought to you by Bitcoinwell.com a bitcoin-only platform on a mission to enable independence.

#bitcoin #bitcoinnews #shortsopen",608,20,0,14,0,PT40S,hd,false,"Bitcoin, economics, macroeconomics, investing, cryptocurrency, simply bitcoin, simplybitcoin, bitcoin price, buy bitcoin, bitcoin news, bitcoin today, bitcoin price prediction, crypto news, crypto news today, crypto, bitcoin macro analysis, macro bitcoin, bitcoin analysis, btc, inflation",25,en,en-US,none,https://i.ytimg.com/vi/5Qt4QVdYxbQ/default.jpg,https://i.ytimg.com/vi/5Qt4QVdYxbQ/hqdefault.jpg,https://i.ytimg.com/vi/5Qt4QVdYxbQ/maxresdefault.jpg,,,br,pt,bitcoin,date
10,"BITCOIN PRICE FLIP LOADING... (Target Revealed)!!! - Bitcoin News Today, Ethereum &amp; Altcoins",https://www.youtube.com/watch?v=bCP9EbFyeeo,bCP9EbFyeeo,Crypto World,UCgY66N1YS_G9lYMvCQko6yw,2025-12-11T22:55:57Z,"BITCOIN PRICE FLIP LOADING... (Target Revealed)!!! - Bitcoin News Today, Ethereum & Altcoins
🔶 *Pionex* 👉 https://bit.ly/PIONEX_ 👈 *($1,050 BONUS)*

🔵 *Toobit* 👉 https://bit.ly/ToobitRevival 👈 *($200,000 Rewards)*
► *No KYC* required, & Earn Up To *$18,100 in Bonuses!*

🟢 *Bitunix* 👉 https://bit.ly/BITUNIX 👈 *($120,000 Prize Pool)* 
► *No KYC* required, & Earn Up To *$120,000 in Prizes!*

🟧 *Bybit* 👉 https://bit.ly/BybitJosh 👈 *($30,050 BONUS)*
► How To Trade on Bybit (Tutorial): https://youtu.be/oIr4rxDb82U

▬▬▬▬▬▬▬▬▬▬▬▬▬▬▬▬▬▬▬▬▬▬▬▬

💬 *My Official Social Media:*
► X (Twitter): https://twitter.com/CryptoWorldJosh
► Instagram: https://instagram.com/CryptoWorldJosh
► Backup YouTube channel: https://www.youtube.com/CryptoWorld2nd

▬▬▬▬▬▬▬▬▬▬▬▬▬▬▬▬▬▬▬▬▬▬▬▬
*Crypto World ESSENTIALS*
⬇⬇⬇⬇⬇⬇⬇⬇⬇⬇⬇⬇

💰 *Crypto Trading Course:* https://cryptoworldjosh.com

💳 *Bybit Card:* https://bit.ly/BYBITcard *(Up to 10% Cashback)*

📈 *TradingView:* https://bit.ly/TradingViewJosh *(TA Chart Platform)*
▬▬▬▬▬▬▬▬▬▬▬▬▬▬▬▬▬▬▬▬▬▬▬▬
Timestamps:
Bitcoin Price Analysis! 0:00
Bitcoin Dominance! 8:13
Ethereum Price Analysis! 8:50
Solana Price Analysis! 11:23
XRP Price Analysis! 12:42
Chainlink Price Analysis! 16:21

#Bitcoin​ #BTC #BitcoinPrice #Ethereum​ #ETH #Chainlink​ #CryptoWorld #Solana #SOL #Cryptocurrency​ #Invest​ #Crypto​ #TheFed​ #News​ #marketanalysis​ #entrepreneur​ #business​ #success​ #investment​ #finance​ #bitcoins​ #StockMarket​ #BestCryptocurrency​​ #AltcoinSeason #AltSeason #XRP #XRPnews #XRPripple #XRPcoin #XRParmy #XRPupdate #XRPcommunity #LINK #ChainlinkCrypto #AltcoinCrash

*DISCLAIMER*
The information presented in this video is for educational and entertainment purposes only and is not financial advice. I am not a financial advisor. Trading can result in loss of funds. Individuals must consider all risk factors including their own personal financial situation before trading. All individuals are responsible for their own trades and investments. Crypto World, ""Josh"" and affiliates are not responsible for individual loss due to poor trading decisions or any other actions which may lead to loss of funds.
 
This information is what was found publicly on the internet. This information could’ve been doctored or misrepresented by the internet. All information is meant for public awareness and is public domain. This information is not intended to slander harm or defame any of the actors involved but to show what was said through their social media accounts. Please take this information and do your own research.

This video relates to the following:
bitcoin, btc, bitcoin news, btc news, bitcoin price, btc price, bitcoin news today, bitcoin today, btc news today, btc today, crypto, cryptocurrency, cryptocurrencies, digital currency, digital currencies, crypto world, cryptoworld, cryptowrld, crypto news, cryptocurrency news, altcoins, altcoin news, best altcoin, best altcoins, ethereum, litecoin, bitcoin cash, news, bitcoin breakout, bitcoin price target, bitcoin price prediction, btc price target, btc price prediction, price prediction bitcoin, price prediction btc, ethereum price, eth price, ethereum today, eth today, ethereum price now, eth price now, ethereum news, eth news, ethereum breakout, eth breakout, price prediction 2025, price target 2025, btc target, eth target, bitcoin price breaking out, bitcoin price breakout, ethereum price breakout, ethereum price breaking out now, 2025, end for bitcoin, bitcoin crash, bitcoin price prediction, bitcoin price prediction 2025, bitcoin 2025, bitcoin crash, bitcoin crashed, crash bitcoin, bitcoin dump, bitcoin pump, bitcoin dip, buy the dip, bitcoin bear market, bitcoin bull market, new prediction, new bitcoin price prediction, bitcoin explained, bitcoin analysis, buy bitcoin, bitcoin sell off, bitcoin bottom, ethereum crash, ethereum breakdown, ethereum dip, ethereum crash 2025, buy ethereum, buying ethereum, alt season, altcoin season, altseason, altcoin season 2025, alt season 2025, technical analysis, bitcoin technical analysis, trending cryptocurrency today, crypto predictions today, when will bitcoin crash, ethereum technical analysis, ethereum signal, bitcoin conference, crypto news, recession, stock market, ethereum merge news, solana, sol, solana price prediction, solana crypto, solana news today, solana news, solana coin, solana technical analysis, bitcoin etf, btc etf, blackrock bitcoin etf, bitcoin blackrock etf, xrp price prediction, xrp news, xrp, cardano, cardano ada, cardano news, cardano price prediction, chainlink, chainlink crypto, link coin, link crypto, chainlink news today, chainlink price prediction, altcoin season 2025, alt season 2025, altcoin season coming, altcoin season prediction, alt season prediction, altseason 2025 prediction, trump coin, trump meme coin, trump memecoin, trump crypto, bitcoin reserve, strategic bitcoin reserve, bitcoin strategic reserve.

- Crypto World -",4664,272,0,67,0,PT18M15S,hd,false,"bitcoin, btc, bitcoin news, btc news, bitcoin price, btc price, bitcoin news today, bitcoin today, cryptocurrency, crypto world, crypto predictions today, ethereum, bitcoin price prediction, bitcoin crash, bitcoin prediction, bitcoin analysis, ethereum price, ethereum price prediction, ethereum news, ethereum news today",27,en,en,none,https://i.ytimg.com/vi/bCP9EbFyeeo/default.jpg,https://i.ytimg.com/vi/bCP9EbFyeeo/hqdefault.jpg,https://i.ytimg.com/vi/bCP9EbFyeeo/maxresdefault.jpg,,,br,pt,bitcoin,date
