"reviewId","userId","userName","userImage","content","score","thumbsUpCount","thumbsDownCount","at","date","url","replyContent","repliedAt","appVersion","device","androidOsVersion","ordenacao","ordenacao_nome"
"839cec0a-4f01-4dc5-9cbc-224d44831b75","","Jenailson Santos","https://play-lh.googleusercontent.com/a-/ALV-UjWsH9JIsQRroDYR00cKEGwxf3noqm2auwPHi4ZxVsNzzsJFf5zw","show","5","0","0","2025-10-22 16:23:56","","","","","","","","1","Mais novos"
"7f494bde-42ad-4598-9cb7-2484302f40b4","","Jai Araújo","https://play-lh.googleusercontent.com/a/ACg8ocJ6bGvgST29haWot1v2VJF8Ya_B7iOocLGHgU8QNu41EVeP=mo","um luxo de aplicativo","5","1","0","2025-10-08 14:29:43","","","Thank you for your high rating and positive review!
We are very pleased that the app meets your expectations. We are constantly working to improve it and appreciate your feedback.
If you have any suggestions or comments, feel free to contact us at support@simple.app or via the in-app chat. Best regards, The Development Team","2025-10-15 01:39:32","3.14.0","","","1","Mais novos"
"6a59166d-39ea-40d5-bd75-d35f93b48c6d","","FaGnanE GaMeS","https://play-lh.googleusercontent.com/a-/ALV-UjWvcGd6VIffh5t3_cWup3eYBW9zWtOaGh2_b5qQsg4DDVc-NkAW","Top esse app muito bom.","5","0","0","2025-09-25 01:28:22","","","","","","","","1","Mais novos"
"d0e1c35e-01a9-4b3e-8f01-222a4475b51d","","hilton hc","https://play-lh.googleusercontent.com/a-/ALV-UjX_I-qpd5u_YmoyUhckvYZl_iMv8Um2uFhLgzjDdtluiFneroYUmA","bora testar e pegar meus simple coin","5","1","0","2025-09-12 20:01:25","","","Thank you for your high rating and positive review!
We are very pleased that the app meets your expectations. We are constantly working to improve it and appreciate your feedback.
If you have any suggestions or comments, feel free to contact us at support@simple.app or via the in-app chat. Best regards, The Development Team
","2025-09-13 06:44:59","3.13.1","","","1","Mais novos"
"e5cc3e75-299c-433a-b153-17dd526097e5","","Meiras Sariem","https://play-lh.googleusercontent.com/a-/ALV-UjVy1PzqduR75dzmqwujr1Pv__ywD6bDd-I-xU3C1x-UBAMNOA4","muito bom , e simples de utilizar","5","2","0","2025-09-05 05:45:25","","","Thank you for your high rating and positive review!
We are very pleased that the app meets your expectations. We are constantly working to improve it and appreciate your feedback.
If you have any suggestions or comments, feel free to contact us at support@simple.app or via the in-app chat. Best regards, The Development Team","2025-09-12 04:38:10","3.13.0","","","1","Mais novos"
"176d43fc-1f0d-49b6-81e7-b384e52cb892","","Ednaldo Magalhães","https://play-lh.googleusercontent.com/a/ACg8ocLUp5BmgZ_b3pTEilXdlacA2zlDFdQG1qa3XpPyzKPig6kJow=mo","só não listou a própria moeda o Airdrop perdido","4","0","0","2025-08-26 18:52:43","","","Thank you for your high rating and positive review!
We are very pleased that the app meets your expectations. We are constantly working to improve it and appreciate your feedback.
If you have any suggestions or comments, feel free to contact us at support@simple.app or via the in-app chat. Best regards, The Development","2025-08-27 02:11:37","","","","1","Mais novos"
"a2d4ca5e-6412-48e3-b916-6c23da279697","","Sebastião Fragoso","https://play-lh.googleusercontent.com/a-/ALV-UjUmWrRwjxB38hr-5kDBjUnKRC10o_KJWu7QFWaN80sY8npBIhij","Excelente Aplicativo","5","1","0","2025-07-25 11:28:27","","","Thank you for your high rating and positive review!
We are very pleased that the app meets your expectations. We are constantly working to improve it and appreciate your feedback.
If you have any suggestions or comments, feel free to contact us at support@simple.app or via the in-app chat. Best regards, The Development Team","2025-07-25 17:39:05","3.10.4","","","1","Mais novos"
"56b1c323-8765-41ca-b4ee-11e287c9159c","","Paulo Serrão","https://play-lh.googleusercontent.com/a/ACg8ocKHjZfzOa7OxwF6zweHQA2o3swHKkJY-UG8VZgrBgZwJoz_hA=mo","Péssima experiência,no processo de verificação enviei por engano um documento errado,pedi novo link para enviar o correto e surpresa, já não posso enviar o correto. Uma M3&4@!","1","1","0","2025-07-23 15:48:36","","","Thank you for your feedback and review.
We’re sorry to hear that you encountered an issue while using the app. We’ll do our best to investigate and resolve it as soon as possible.
Please contact us at support@simple.app or via the in-app chat with more details — this will help us address the problem more efficiently. Best regards, The DevTeam","2025-07-25 17:45:18","3.10.4","","","1","Mais novos"
"7e65da34-ed01-44ef-b41f-7c27e4b2f324","","Helioenai Mariano","https://play-lh.googleusercontent.com/a-/ALV-UjWnbxB5n1S3srI33aFq3wpQcgmDyH5fz3R8POIHA_PtioIi59Q","bom","5","0","0","2025-07-21 21:37:33","","","Thank you for your high rating and positive review!
We are very pleased that the app meets your expectations. We are constantly working to improve it and appreciate your feedback.
If you have any suggestions or comments, feel free to contact us at support@simple.app or via the in-app chat. Best regards, The Development Team","2025-07-25 17:47:18","3.10.4","","","1","Mais novos"
"1fa31c97-1307-405d-a219-5d9b76879b43","","Luiz lucio Lucio","https://play-lh.googleusercontent.com/a-/ALV-UjXOyr2vHNcoFMCn5CXUEsng0Eb9krMHXJnuI6fVLLEAAAHTXXA","muito bom bem interessante","5","1","0","2025-07-21 16:28:07","","","Thank you for your high rating and positive review!
We are very pleased that the app meets your expectations. We are constantly working to improve it and appreciate your feedback.
If you have any suggestions or comments, feel free to contact us at support@simple.app or via the in-app chat. Best regards, The Development Team","2025-07-25 17:47:41","3.10.4","","","1","Mais novos"
"5e83f05c-3243-4725-a5e3-800181062fd4","","Junior Pestana","https://play-lh.googleusercontent.com/a-/ALV-UjUbBVGi3jifObxAhC7eIBeMelfpeYUggah41UAOSfoReBzYLz1D","top","5","0","0","2025-07-07 11:47:06","","","Thank you for your high rating and positive review!
We are very pleased that the app meets your expectations. We are constantly working to improve it and appreciate your feedback.
If you have any suggestions or comments, feel free to contact us at support@simple.app or via the in-app chat. Best regards, The Development Team","2025-07-08 21:56:40","3.9.5","","","1","Mais novos"
"2c12465f-0c49-443e-bc3f-3afb42ff2898","","Gilliard Nascimento","https://play-lh.googleusercontent.com/a-/ALV-UjWTxjoZeV93aQKwDwRb95by095DeqHicWAzvTp37LHTLpQ5yDT0","perfect","5","0","0","2025-07-06 18:01:53","","","Thank you for your high rating and positive review!
We are very pleased that the app meets your expectations. We are constantly working to improve it and appreciate your feedback.
If you have any suggestions or comments, feel free to contact us at support@simple.app or via the in-app chat. Best regards, The Development Team","2025-07-08 21:57:37","3.9.5","","","1","Mais novos"
"c86a3f65-442e-4a0c-9b1c-7c8bd5bb45a8","","Jorge araujo","https://play-lh.googleusercontent.com/a-/ALV-UjVLWXg-c88iKwXAVeZLdyQIM8E5dme_c1LtWoy_d7iBANp1SyE","Adotei está carteira.","5","1","0","2025-07-06 11:39:32","","","Thank you for your high rating and positive review!
We are very pleased that the app meets your expectations. We are constantly working to improve it and appreciate your feedback.
If you have any suggestions or comments, feel free to contact us at support@simple.app or via the in-app chat. Best regards, The Development Team","2025-07-08 21:58:46","3.9.5","","","1","Mais novos"
"48e26004-b284-4042-a43d-6a44a21e711c","","Eliana Lata","https://play-lh.googleusercontent.com/a/ACg8ocJpB2r9ngcP0huTE1Asyi3JvstGpTOSFp5oG4dvDUq5WetWEA=mo","ok","5","0","0","2025-06-25 18:40:17","","","Thank you for your high rating and positive review!
We are very pleased that the app meets your expectations. We are constantly working to improve it and appreciate your feedback.
If you have any suggestions or comments, feel free to contact us at support@simple.app or via the in-app chat. Best regards, The Development Team","2025-06-26 23:06:07","3.9.5","","","1","Mais novos"
"083ee4af-6f78-493a-86ca-17f8e1b13c22","","Henry Torrellas","https://play-lh.googleusercontent.com/a-/ALV-UjWVewqZLvZW1g_nuSIHveqYiwIxahOyP12ej8ZTjCjnpINqzN3z","I liked. top","5","0","0","2025-06-18 04:15:58","","","Thank you for your high rating and positive review! We are very pleased that the app meets your expectations. We are constantly working to improve it and appreciate your feedback.
If you have any suggestions or comments, feel free to contact us at support@simple.app or via the in-app chat. Best regards, The Development Team","2025-06-18 16:15:26","3.9.5","","","1","Mais novos"
"eb42bf6d-2623-423e-9ac9-b5d1f48adc7b","","Ricardo Daniel Cruz","https://play-lh.googleusercontent.com/a-/ALV-UjXN860c1U4XBVW47XBYBOx78dJRUE4c_gvhQ7meXEjv7hVPlhgO","até agora não tenho nada a dizer, vamos ver depois","5","0","0","2025-05-26 08:16:15","","","","","3.8.6","","","1","Mais novos"
"96528ad9-1c7a-4227-99da-ee7266f03f3c","","Doce Pão","https://play-lh.googleusercontent.com/a-/ALV-UjW9XcPMy-eBnmpl_xDQ3bmMNvNIJDyLeVqMaiJ74qZZQvW-FpYP","uma APP muito fácil de trabalhar.. recomendo ❤️","5","3","0","2025-05-15 10:37:08","","","Thank you for your high rating and positive review! We are very pleased that the app meets your expectations. We are constantly working to improve it and appreciate your feedback. If you have any suggestions or comments, feel free to contact us at support@simple.app or via the in-app chat. Best regards, The Development Team","2025-08-17 13:33:53","3.8.6","","","1","Mais novos"
"aa02aaf7-77e9-438f-a6c3-6d72065043a2","","Junior","https://play-lh.googleusercontent.com/a-/ALV-UjW3KAYT9_MqesgMP4xCy-Lqqi5rq-2BCz4QqrHyRzxtF2EASTfH","muito bom","5","0","0","2025-05-08 13:05:20","","","","","","","","1","Mais novos"
"1d1ca98d-df1f-4c8c-94fb-91b2d574954e","","Alisson Diego","https://play-lh.googleusercontent.com/a-/ALV-UjV38upngWHh-7RyaM1tk2h4ZvKiVAJVkW9K9tQ81v9_YL19kk4","ótimo","5","0","0","2025-05-03 00:09:49","","","","","","","","1","Mais novos"
"7dbfb5e2-a79b-45f3-93de-0b77c49bc91b","","Eduarda Silva (Duda)","https://play-lh.googleusercontent.com/a-/ALV-UjU-gE-XoAfkfk0NokHHbq3H8XKMaNC6i1YmpNR3q1HdZPC8n1YLZQ","ótimo app","5","0","0","2025-04-27 21:52:31","","","","","","","","1","Mais novos"
