rank,nome,link,app_id,estrelas,avaliacoes,desenvolvedor,desenvolvedor_id,categoria,categoria_id,instalacoes,preco,currency,free,descricao,summary,icon,screenshots,content_rating,ad_supported,contains_ads,released,updated,version,termo,idioma,pais,tentativa
1,Binance: Compre BTC e Cripto,https://play.google.com/store/apps/details?id=com.binance.dev,com.binance.dev,4.7946515,39975,Binance Inc.,Binance+Inc.,Finanças,FINANCE,100.000.000+,0,BRL,True,"Compre, venda e mantenha criptomoedas como Bitcoin (BTC), Ether (ETH), Solana (SOL), Notcoin (NOT) e Pepe (PEPE) com segurança e taxas de trading baixas. Usada por mais de 225 milhões de usuários em todo o mundo, a Binance é a maior corretora de criptomoedas* do mundo. Aqui está o porquê:

NEGOCIE SEUS TOKENS FAVORITOS E MAIS

Negocie mais de 350 criptomoedas listadas, incluindo Bitcoin (BTC) e Ether (ETH).
Acompanhe o mercado usando alertas de preços e negocie com ferramentas de negociação avançadas. 
Configure ordens recorrentes (DCA) para comprar criptomoedas a cada hora, dia, semana ou mês.
Aproveite a melhor liquidez em cada negociação de criptomoedas. 
Compre criptomoedas e adicione fundos na sua carteira em minutos com opções de pagamento flexíveis, incluindo cartão de crédito/débito, transferências bancárias e negociação ponto a ponto (P2P).
Encontre traders líderes e reproduza suas estratégias de negociação com um toque.

GANHE RECOMPENSAS DIÁRIAS COM SEUS ATIVOS PARADOS

Ganhe recompensas com staking e rendimento de farm. Aproveite os benefícios de fazer stake de criptomoedas em ativos populares como Bitcoin (BTC). 
Use o Investimento Automático para comprar criptomoedas e obter renda passiva ao mesmo tempo.**


CORRETORA DE CRIPTO SEGURA, CONFORME E REGULADA

A Binance é a corretora de criptomoedas mais regulamentada do mundo, com licenças, registros e aprovações em diversas jurisdições. 
Todos os fundos dos usuários são mantidos 1:1 em um Fundo Seguro de Ativos dos Usuários (SAFU) no valor de US$ 1 bilhão. 
Nosso sistema é protegido com medidas de segurança de última geração, incluindo monitoramento de riscos em tempo real, protocolos KYC rigorosos e criptografia avançada de dados de ponta a ponta.


GASTE E ENVIE SEU SALDO EM CRIPTO

Use os tokens da sua carteira para comprar passagens aéreas ou fazer compras em marcas que aceitam criptomoedas.
Faça transferências de criptomoedas seguras da sua carteira para amigos e familiares em todo o mundo. 


EXPLORE O MELHOR DA WEB3, CRIPTO E BLOCKCHAIN

Obtenha conteúdo personalizado Web3, blockchain e cripto. Disponível na página inicial do seu aplicativo. 
Participe das discussões da comunidade Binance sobre as últimas tendências de blockchain e criptomoedas.
Aprenda sobre criptomoedas com cursos e artigos sobre tópicos relacionados ao Bitcoin, trading e gerenciamento de suas finanças.
Ganhe recompensas em criptomoedas aprendendo e respondendo questionários sobre como funcionam certas criptomoedas. 
Use nossa carteira Web3 integrada para interagir com segurança com dApps, obter rendimento com DeFi e negociar mais de 10.000 tokens em diferentes blockchains.


ACESSE O ATENDIMENTO AO CLIENTE 24 horas por dia, 7 dias por semana
Deixe-nos ajudá-lo em sua jornada de criptomoedas, seja você um ávido negociante de criptomoedas ou um iniciante que deseja comprar Bitcoin.
Obtenha ajuda do suporte ao cliente por chat em tempo real 24 horas por dia, 7 dias por s",Acesse a maior corretora cripto* e carteira web3 a qualquer hora e lugar.,https://play-lh.googleusercontent.com/PcxBU8KDqmJXKsCXVLTeQ9oenPmvmW091JpbBmrlID6gapbBr1qemZAVmHKZCalkvQ,"https://play-lh.googleusercontent.com/vvhCQ-b0umkGCz3ZnpzRuc-RrVZ9khVAx9lmzNLKoIwavxGlC3inBHwdtt4eDpzSpRE, https://play-lh.googleusercontent.com/CFm7k9BLVBrJsbDU_CgiiRE1elhVEi34vdJby9h6A-EoH_p6iJyr_ezOX4DJXbnVmA, https://play-lh.googleusercontent.com/9g5okLXVfJmNsPfG1v6NlsjfgA92_XQODTtInhKqBgXnmdB94kComQK0OxAPpWDBc0g, https://play-lh.googleusercontent.com/gOSxPKYWxalBAWwJ10LNprdKfsra3bRZhI9gZafsou9W5MRN89ytNtQ0MLxwC5QGzg, https://play-lh.googleusercontent.com/DzZr6c4ob6OEPF7S0ZWBcpd-QcPc68evCCVlvDjmhCxydpVd8CDSyJj1RgFExXmhcgI, https://play-lh.googleusercontent.com/pHam03TfJSj43fjt6VwAHS7LSUaZzWrzRZsT_jZg_L2-_ge4L3_SDMN1OFv6lvxsEAM1, https://play-lh.googleusercontent.com/S4gIsB9Mh85qsn_q2BbzXuPtagEJ7_3YUSLW8ybL7kaVz28Ibjx72oRabn9BxzC7UMoU, https://play-lh.googleusercontent.com/9K9PPko2Q2-MHoSp04YxmuydGV-xOhdBb69jAb-JEjbZCcblGRXPf8_yoKT9S2aA1w, https://play-lh.googleusercontent.com/_hLrDusNJ4SVzTImFLq_3lz9b9JMVvgje7ySAaAAPf9ypWPhKHHa5CAAhKV3Ujb-Qpdv, https://play-lh.googleusercontent.com/Lrl4aZWuSY55cEo9-ExaRX3HwVN53AYQBXkh263S5Y_Ce_eyUXh2e5AisH7o-_Lw0Q",Classificação Livre,False,False,25 de out. de 2017,1765348367,3.7.4,bitcoin,pt,br,1
2,Carteira DeFi Bitcoin e Cripto,https://play.google.com/store/apps/details?id=com.bitcoin.mwallet,com.bitcoin.mwallet,4.5897436,348,Bitcoin.com Developer,Bitcoin.com+Developer,Finanças,FINANCE,10.000.000+,0,BRL,True,"Bitcoin.com Wallet: Sua Carteira DeFi de Bitcoin e Cripto com Autocustódia
A carteira multichain mais segura e fácil de usar que dá a você controle total sobre seus ativos.

Compre, venda, envie, receba e troque criptomoedas populares:
Bitcoin (BTC), Bitcoin Cash (BCH), Ethereum (ETH), Avalanche (AVAX), Polygon (MATIC), BNB Smart Chain (BNB), ZANO, fUSD e tokens ERC-20 selecionados. Pague com cartão de crédito, Google Pay e muito mais. Compatível com stablecoins como USDT, USDC, DAI, fUSD e outras.

Principais recursos:

Carteira cripto com autocustódia
Você controla suas chaves privadas e seus ativos — nem mesmo a Bitcoin.com pode acessá-los. Sem custodiante, sem bloqueios, sem risco de terceiros. Transfira suas criptos para qualquer carteira a qualquer momento.

Carteira DeFi não custodial
Conecte-se a DApps no Ethereum, Avalanche, Polygon e BNB Smart Chain usando o WalletConnect. Acesse as finanças descentralizadas: ganhe rendimento, forneça liquidez, empreste, tome empréstimos e interaja com DAOs e marketplaces de NFTs.

Compatível com multichain e cross-chain
Gerencie ativos em várias blockchains em um só aplicativo. Troque facilmente entre cadeias e acompanhe seu portfólio multichain.

Acesso rápido e seguro
Proteja sua carteira com impressão digital, Face ID ou PIN. Funciona perfeitamente em dispositivos Android. Ideal para pagamentos do dia a dia e armazenamento de longo prazo.

Backup em nuvem ou frases-semente manuais
Faça backup na nuvem com uma única senha mestra ou guarde suas frases-semente manualmente, como preferir.

Taxas de rede personalizadas
Defina suas próprias taxas de gás. Pague mais por velocidade ou economize quando não tiver pressa. Funciona com Bitcoin, Ethereum e todas as cadeias compatíveis.

Blockchains de baixo custo para DeFi e pagamentos
Use Bitcoin Cash, Polygon e BNB Smart Chain para pagamentos P2P, negociações e contratos inteligentes com taxas mínimas.

Suporte para ZANO e fUSD
Envie, receba, armazene e gerencie ZANO — o token nativo da blockchain Zano voltada para privacidade. Use tokens como fUSD (stablecoin privada) para pagamentos anônimos e sem censura. O Zano utiliza assinaturas em anel, endereços furtivos e memorandos criptografados por padrão.

Suporte para Ethereum, Avalanche, Polygon e BNB Smart Chain
Compre, venda, troque e gerencie ETH, AVAX, MATIC, BNB e seus tokens. Acesse protocolos DeFi rápidos, jogos NFT, trocas de baixo custo, yield farms e contratos inteligentes quase sem taxas de gás.

Carteiras multisig para equipes e famílias
Crie carteiras com múltiplas assinaturas para acesso compartilhado. Ideal para DAOs, poupanças familiares e tesourarias de empresas.

Widgets ao vivo
Adicione widgets de preços de criptos em tempo real à tela inicial.

Visão de mercado
Acompanhe preços, valor de mercado e volume das principais criptos como Solana, DOGE, SHIB, XRP e outras.

Notas e etiquetas
Adicione notas às transações para contabilidade, lembretes ou reg","Compre, venda, troque, invista e ganhe criptomoeda. BTC, BCH, ETH e muito mais!",https://play-lh.googleusercontent.com/UR2llx50nIVzw1l8OMZ2feCjyb4HOYtENKRG-9Ep4xSHpPTbVuG1875s3oqBzVGVQtSH,"https://play-lh.googleusercontent.com/xThCeJNdomn03x4mLX_oAWR7V13mmMvmJscuMleUQlJAkGCYesVoa9Uagp15x_xAMeA0SpGH0kelRweFknTRNrA, https://play-lh.googleusercontent.com/WkzVjz59SpZYPzUE0RM68HXWpIGE6PzYZQJC1AydaEVYy0pWGkL2kfTXSjYa9xvqS3AHkzJrULZFV_TxuW6_Yw, https://play-lh.googleusercontent.com/Fn8FwHdTWpIpJmmvBziBpPqEW_cwTH-csMnqYbNBP8ixyCJR0AixwoZ0C0mXfnET9levwJQmjGVCK9s-txVaLA, https://play-lh.googleusercontent.com/RIXRFYnaknZiJCd359oQQq6Fx0KmWyRs6otZ4jWuD4SsnPIEP5lxL_CUxiWD7fUwrRDOiKdnxuGOIY9kJDWuEg, https://play-lh.googleusercontent.com/ljGug5STXuITT6CbxGBhveGe_zMMCfx7sX6JtY0VymcWbgnxrUVHll6pOdfXHEVVE3F2Ls6zYXcYbZwu8Xzv_w, https://play-lh.googleusercontent.com/8hvPNUa6O1RRTCeqE4hrpkZdMBmhnQ-_6XHrfrJRPenN54gm9GhwK1L_gqBknie5K5nESmOBcFTfCaSlLWd2CQ, https://play-lh.googleusercontent.com/0XjcQlTXP0Xe5RcoNXepiKQWK92vOw8NouvrIcV6ecUvq4jv_2kt3nC0fWKUNgFiAhy0R0HfEZHM4ANEP-WI",Classificação Livre,True,True,19 de jun. de 2017,1765250151,9.2.1,bitcoin,pt,br,1
3,MB | Mercado Bitcoin: criptos,https://play.google.com/store/apps/details?id=br.com.mercadobitcoin.android,br.com.mercadobitcoin.android,4.5433426,20475,MERCADO BITCOIN SERVICOS DIGITAIS LTDA,6932869437920417400,Finanças,FINANCE,1.000.000+,0,BRL,True,"Negocie bitcoin (BTC), ethereum (ETH), XRP (XRP), tether (USDT), dogecoin (DOGE), solana (SOL) e outras criptomoedas na maior e mais segura plataforma de ativos digitais do Brasil. 

São diversas opções para ampliar seus investimentos, incluindo Renda Fixa Digital, Renda Fixa Variável, Crédito e Renda Passiva. Abra sua conta no MB e comece em poucos cliques!

<b>Por que escolher o MB?</b>
• Especialistas no segmento, com mais de 12 anos de experiência 
•Plataforma intuitiva, com saldo em reais e visão completa dos ativos
• Gráficos de preços em tempo real para tomar decisões com confiança
• Facilidade para compra e venda de criptoativos
• Atendimento 24/7 e feito por pessoas, não robôs 
• Selo RA 1.000 de excelência em atendimento ao cliente, concedido pelo Reclame Aqui
• Segurança reforçada com autenticação biométrica
• Ordens de compra e venda com a cotação atualizadas instantaneamente

Conheça as categorias disponíveis para você investir com segurança e inteligência:

<b>Criptomoedas</b>
Aqui é o lugar certo para investir em cripto! Tenha acesso a bitcoin (BTC), ethereum (ETH), XRP, tether (USDT), dogecoin (DOGE), solana (SOL), memecoins e outras centenas de criptomoedas. As criptos funcionam como meio de troca, reserva de valor e unidade de conta, ideais para diversificação de patrimônio.

<b>Renda Fixa Digital</b>
Invista na Renda Fixa Digital com previsibilidade e segurança. Aproveite a taxa zero e dinheiro na conta com prazos flexíveis para mais previsibilidade e risco controlado para sua carteira.

<b>Renda Variável Digital</b>
Descubra ativos inovadores e diversificados. Invista em setores de startups, participe da performance de atletas e explore novas oportunidades com possibilidades de ganhos exponenciais.

<b>Tokens e DeFi</b>
Expanda sua carteira com tokens e explore o universo DeFi. Aproveite a variedade de ativos digitais para criar estratégias modernas de investimento, com segurança e transparência.

<b>Dólar Digital e Stablecoins</b>
Stablecoins são criptomoedas estáveis, atreladas a ativos reais, como o dólar, euro, real e commodities. Combine variação e inovação, sem abrir mão da estabilidade e segurança! Além disso, oferece uma grande oportunidade de diversificação com dólar digital, uma das moedas mais fortes do mundo. 

<b>Renda Passiva</b>
Coloque suas criptomoedas para gerar renda passiva. Faça staking de ADA, ETH, CHZ,  NEAR, SOL, USDC ou USDT e CHZ e receba recompensas diárias sem precisar vender ativos.

<b>Cesta Inteligente</b>
Simplifica o investimento em criptomoedas, com uma estratégia pronta e com rebalanceamento automático, permitindo uma diversificação eficiente sem a complexidade da gestão manual. São diversos portfólios prontos para você adicionar a sua estratégia! 

Com mais de 4 milhões de clientes, o MB é referência em ativos digitais na América Latina!

Agora é a hora de ter bitcoin (BTC), ethereum (ETH), XRP, tether (USDT), dogecoin (DOGE),  Solana (SOL), diversas op","Invista em bitcoin, criptomoedas, renda fixa e diversifique seus investimentos!",https://play-lh.googleusercontent.com/GcNJiyiih8pbePtHoUAh3sVOxv1LCh6O35fFAb0fQXeH31QsyiHphXVD7yvAZyPnTQo,"https://play-lh.googleusercontent.com/AyZTDDG639U3JD7QKDyvvfWpwcrgTi0Y7JswYMRHa-UcLMTSbzI9bHIVzSm_jkZcgQ, https://play-lh.googleusercontent.com/0XrBKjze-xkVw1Q6jensxAjRSeRlwxE9jpityp3btp1USA-ki7SeCmdq_X8j74JaCGc, https://play-lh.googleusercontent.com/PlEkx5N7K4cAiqrHDAvJTWqKTKd2yYFcD4NAOFbNpKH_INTUDrywkemHf2LM9wvk-Wj-, https://play-lh.googleusercontent.com/xnY_Yh2XtPav1fD-ncovkGCr_9qlCFx74jKiDA5_Eoqzin04ol4xMRYDymyREcfLeow, https://play-lh.googleusercontent.com/thE0PY5HfZ1t1Nutml525Evhr3U09osPdmoOdqoea4evWz7zO2Ufd6yKslv7q5TSftOr, https://play-lh.googleusercontent.com/80N3h7388WdC38YR_HIWuKam2jGgZgv2mZgy72DNizZ-vCfb6wmIuXE5u8QJ6YqM4g, https://play-lh.googleusercontent.com/N67-hlrUGHoeYKssUpYV6JmtWvz0P8KGykOxLBIToAC8M658I6g-oz55KHvVQmD6T2A",Classificação Livre,False,False,11 de set. de 2018,1765405233,2.92.0,bitcoin,pt,br,1
4,Coinbase: Bitcoin & Ethereum,https://play.google.com/store/apps/details?id=com.coinbase.android,com.coinbase.android,4.637986,21752,Coinbase Inc,Coinbase+Inc,Finanças,FINANCE,50.000.000+,0,BRL,True,"A Coinbase é a maior exchange dos Estados Unidos, e a única listada na NASDAQ (Bolsa de Nova York). Como a única empresa de cripto parte do S&P 500, estamos moldando o futuro do dinheiro com mais segurança. Compre, venda e faça trade de Bitcoin, USDC, Ethereum e mais de 260 moedas com uma interface simples. 

Ativos suportados
Bitcoin (BTC), Ethereum (ETH), XRP (XRP), USD Coin (USDC)¹, Cardano (ADA), Polygon (MATIC), Polkadot (DOT), Solana (SOL), Tether (USDT), Dai (DAI), VeThor Token (VTHO), Pepe (PEPE), SHIBA INU (SHIB), Dogecoin (DOGE), e mais de 250 outros ativos.

O que a Coinbase oferece:

COMPRE, VENDA E GERENCIE CRIPTO COM MAIS SEGURANÇA
- Compre cripto a partir de R$10, via Pix, em segundos.
- Envie e receba cripto de forma segura e sem complicações.
- Faça staking de cripto e ganhe rendimentos com criptos como Ethereum e Solana¹
- Ganhe recompensas com stablecoins como USDC²
- Configure compras automáticas ou recorrentes com facilidade.
- Transfira cripto internacionalmente sem obstáculos.
- Indique amigos e ganhe recompensas em cripto.
- Coinbase One: Negociação com taxa zero, recompensas de staking e USDC aumentadas, suporte prioritário e muito mais.³

MODO AVANÇADO PARA TRADERS, SEM CUSTO
- Gráficos avançados do TradingView.
- Negociação de Spot e futuros, com pool de Liquidez em 552 mercados.
- Saldo em USDC, com rendimentos diários em dólar.
- Indicadores técnicos e listas de observação personalizadas.
- Taxas mais competitivas baseadas em volume.

EXCHANGE DE CRIPTO SEGURA E REGULADA
- A Coinbase é a única exchange de cripto de capital aberto com sede nos EUA (NASDAQ: COIN).
- Única empresa cripto parte do S&P 500.
- Todos os ativos dos clientes são mantidos 1:1, e nunca negociamos contra nossos clientes nem alavancamos seus fundos sem consentimento.
- Nossas finanças são públicas e auditadas trimestralmente por uma das 4 maiores empresas de contabilidade.
- Segurança e criptografia de ponta são o núcleo da nossa plataforma, e nossa equipe de segurança trabalha continuamente para garantir que você e seus ativos estejam protegidos contra novas ameaças.
- Oferecemos recursos de segurança poderosos para todos os nossos usuários, como autenticação de dois fatores automática (com suporte para chave de segurança), proteção com senha e retiradas com múltiplas aprovações no Coinbase Vault.


PRECISA DE MAIS AJUDA?
Visite help.coinbase.com para obter informações e entrar em contato com o Suporte da Coinbase.

PRIVACIDADE
Consulte a política de privacidade legal da Coinbase em https://www.coinbase.com/legal/privacy.

—
Coinbase Brasil LTDA
Alameda Santos 2300 Conj 11 Parte
Cerqueira Cesar
São Paulo SP
01418-200
—
¹ Disponível em territórios selecionados.
² Ao adquirir USDC, você será inscrito automaticamente para receber recompensas. Você pode cancelar a inscrição a qualquer momento. A taxa de recompensas está sujeita a alterações. Os clientes poderão ver as últimas taxas aplicáveis diretamente",Faça trade de criptos com taxa zero de negociação com o Coinbase One,https://play-lh.googleusercontent.com/PjoJoG27miSglVBXoXrxBSLveV6e3EeBPpNY55aiUUBM9Q1RCETKCOqdOkX2ZydqVf0,"https://play-lh.googleusercontent.com/YLufhIWV2OVrk7ZH1EqzXsnpvWh-YC2SfqQ-ss-TLQyvGGyb9qSiIGV-tZThgujtEw, https://play-lh.googleusercontent.com/QKy2TrOfde1TzXfgzGIrgIhcxxKSXeTE-j75p132jDkkh3e98NSX2qRBMxusWoNu5A, https://play-lh.googleusercontent.com/RIH9-meMhJqs0be7Ip-hz_PHZZZ0_e8MiwIBdTQamdMNrmLrrQRDs3rFWD_q6yG_Tg, https://play-lh.googleusercontent.com/lVOX5H4hH2dtVDGM-T4_TM_5GStytv6YUV_B87_irI34xD57-TSz3wZ_cQsSz4IwLP3R, https://play-lh.googleusercontent.com/WClVNTJPiiw_zvZUvJxaMnYi49VQGjlx_0CvOocpWuOSEsf1UNd4bV0eN2YaVEhKnvk, https://play-lh.googleusercontent.com/ugRq542uFxP0KMrAZCvGPOqtInC4rplMfNeCDkwBa09-u1ZaxI1v-W7LhoYLtlKdwuX5",Classificação Livre,False,False,6 de mar. de 2013,1764889130,13.45.27,bitcoin,pt,br,1
5,BitPay - Compre Cripto,https://play.google.com/store/apps/details?id=com.bitpay.wallet,com.bitpay.wallet,3.43,128,"BitPay, Inc.","BitPay,+Inc.",Finanças,FINANCE,1.000.000+,0,BRL,True,"Inscreva-se para obter um cartão BitPay e comece a gastar seus criptos instantaneamente. A aprovação leva apenas alguns segundos e o cartão virtual fica disponível para uso online imediatamente. Seu cartão físico chegará em algumas semanas e você poderá converter suas criptos em dinheiro no caixa eletrônico ou gastá-las em qualquer loja de varejo.  **Apenas nos EUA**

Gerencie sua cripto e bitcoin em um aplicativo com a segurança e o código aberto da BitPay Wallet. Armazene e envie fundos, ou compre vales-presente em mais de 90 grandes marcas. **Apenas nos EUA**

Com a BitPay Wallet, você controla suas chaves privadas e o dinheiro, além de usar um código 100% aberto para testes e auditorias da comunidade.
Os seguintes recursos são integrados a esta versão do aplicativo BitPay:

- Compra de vale-presente de grandes marcas em tempo real, incluindo Amazon.com
- Suporte para Bitcoin, Bitcoin Cash, Ethereum e XRP
- Suporte para tokens de stablecoin ERC-20 incluindo USD Coin (USDC), Paxos Standard (PAX), Gemini Dollar (GUSD) e Binance USD (BUSD)
- Criação e gerenciamento de carteira múltipla no aplicativo (incluindo SegWit)
- Capacidade de comprar bitcoin e outras criptomoedas
- Segurança multiassinatura intuitiva para carteiras pessoais ou compartilhadas
- Segurança baseada em dispositivo: todas as chaves privadas são armazenadas localmente, não em nuvem
- Geração de endereço determinístico hierárquico (HD) e backups da carteira
- Suporte ao protocolo de pagamento (BIP70-BIP73): solicitações de pagamento facilmente identificáveis e pagamentos seguros
- Suporte para mais de 150 opções de preços de moedas e denominação de unidade em BTC ou bits
- E-mail e notificações push para pagamentos e transferências
- Fluxo de proposta de gastos simples para carteiras compartilhadas e pagamentos em grupo
- Suporte para carteiras testnet
- Nome e pedido de carteiras personalizáveis
- Suporta múltiplos idiomas, incluindo francês, alemão, chinês (simplificado) e espanhol

O aplicativo BitPay é um software gratuito e de código aberto. Você também pode visualizar o código no GitHub em https://github.com/bitpay/copay.

Divulgação do cartão BitPay
AO USAR ESTE CARTÃO, VOCÊ CONCORDA COM OS TERMOS E CONDIÇÕES DO CONTRATO DO PORTADOR DO CARTÃO E A TABELA DE TAXAS, SE HOUVER. Este cartão é emitido pelo Metropolitan Commercial Bank (Membro FDIC) de acordo com uma licença da Mastercard International. A ""Metropolitan Commercial Bank"" e ""Metropolitan"" são marcas registradas do Metropolitan Commercial Bank © 2014. A Mastercard é uma marca registrada e o desenho dos círculos é uma marca comercial da Mastercard International Incorporated.","Compre Cripto, Gaste Cripto ou obtenha o cartão BitPay (inclui cartão virtual)",https://play-lh.googleusercontent.com/XrsJr63mKSp3_MJZKFwBlJuJ3ffKy0Zbc9_N8QiQYs5n56Zr_ASj_emoPZJt48mS7Q,"https://play-lh.googleusercontent.com/XPXNlaGQkVWQ8rFVGiw315_7O571VxXCn4jKRquyRO1RNK6rXvV590Uf5SRhorEHaKM, https://play-lh.googleusercontent.com/d886H_3q9jJbF_VwxkIJCzkwLLL5xV9gap1-oW1n-Oatd1vD5PcbEjTXNLypx0xx1Y0o, https://play-lh.googleusercontent.com/j3iLN7iy75vgVhLjKtxQoTwWFBqCKD-XhkhSW-_qbVg9-8IH587h74_vrV3Bk1xl0BQ, https://play-lh.googleusercontent.com/L4F-9HyM2M-jcNuqjNFw-qWl9CZ1LfYzQNjNwkx3xAtxOy1WKFJiEVpg6Sr-sb3Ciw, https://play-lh.googleusercontent.com/5H-eeKDC0fHwGP79ehExE-Uo2qj6Pk0GIYGBIyGh-67U31gFHCeCmVKRL13UWpbkgMA, https://play-lh.googleusercontent.com/trrhbcNHki_tYtCzw4qUGRfjt3j8gUoT1S-Ww75MhiTFVY1Pvd1bFwK-N7wNJu6LULk, https://play-lh.googleusercontent.com/yiPsJY9lc_7sPIxhLBohv4OmBIAncc2iSN3R7JxnFGhhyTQKTEIIr5OmiXO_LqVcFwXt, https://play-lh.googleusercontent.com/IIl-YTaRBrsFrEXz77uRUUBXadVPVM5nF8JUSZJP-wkrNF7ektLpcNqBoBsiyLWvhva-, https://play-lh.googleusercontent.com/yIpQmttIqnukK-wMLqMdZzwY29_urer1ryFl9XTHepnbTkRWcePgXOEsqqJwiEaA0fs, https://play-lh.googleusercontent.com/9PoZYXvvqTRDgm-eScXQcJox3h7Ic3YJx5Nhz1li8HzX2Q60UvO3fEICr5FRy6dVQg",Classificação Livre,False,False,21 de out. de 2016,1764725881,14.35.4,bitcoin,pt,br,1
6,BTCC - Trade Bitcoin & Crypto,https://play.google.com/store/apps/details?id=com.btcc.hy,com.btcc.hy,3.8765433,63,BTCC.COM,BTCC.COM,Finanças,FINANCE,1.000.000+,0,BRL,True,"Boas-vindas ao BTCC! Somos a bolsa de confiança de negociação em criptomoedas que fornece serviços de negociação seguros a milhões de usuários desde 2011.

Construa seu portfólio de criptomoedas a qualquer hora e em qualquer lugar com o aplicativo BTCC.

- 14 anos de segurança: 0 violações de segurança desde 2011.
- Benefícios do programa de negociação VIP: Tarifas mínimas de 0,03% - negocie mais e ganhe mais Aproveite a opção de atualizar para o status SVIP a partir de outras bolsas e acesse taxas ainda melhores.
- Os melhores preços: Com a liquidez líder no setor, você garante os melhores preços em cada transação.
Fácil negociação de cópia Siga os principais traders e copie automaticamente suas negociações de  (BTC), Ethereum (ETH), Solana (SOL) - de forma totalmente gratuita.
- Futuros de 380+ criptomoedas: Negocie futuros perpétuos USDT e futuros com margem de moeda usando ferramentas profissionais.
- 300+ pares de spot: Compre e venda criptomoedas populares como Bitcoin (BTC), Ethereum (ETH) e XRP (XRP) instantaneamente
- Tenha alavancagem de até 500x: Amplie o seu poder de negociação com alavancagem flexível de BTC, ETH, SOL, DOGE e outras grandes criptomoedas

Compra fácil de criptomoedas
Compre Bitcoin, XRP, Solana, Dogecoin e USDT em diversas formas de pagamento. Você também pode converter criptomoedas de forma prática em nossos aplicativo.

Depósitos instantâneos
Faça depósitos em criptomoedas rapidamente na sua conta ou compre diretamente em - comece a negociar em minutes

Copy Trading
Novo em criptomoedas? Ganhe enquanto os traders especialistas fazem o trabalho. Nossos traders de melhor desempenho ajudam os iniciantes a terem retornos consistentes.

Negociação profissional de futuros
Invista no longo ou curto prazo em Bitcoin, Ethereum, XRP e outras grandes criptomoedas com futuros ou com margem de moeda. Modos de margem disponíveis.

Spot Trading contínuo
Compre e venda criptomoedas instantaneamente a preços de mercado. Negocie Bitcoin, Ethereum, Solana e vários outros ativos digitais.

Ações tokenizadas
Negocie ações dos EUA sem as taxas de corretagem tradicionais e sem complicações. Ganhe exposição a grandes companhias por meio de ativos tokenizados.

Seus fundos estão protegidos
No mínimo 100% de reserva de apoio com auditorias Árvore de Merkle regulares de prova de reservas. Nunca usamos os fundos dos usuários para negociações ou empréstimos - sua criptomoeda continua sua.

Negociações de demonstração
Experimente nosso modo de demonstração de negociações para testar estratégias sem arriscar dinheiro real. Perfeito para aprender o básico das negociações em criptomoeda.

Suporte ao cliente 24 horas
Nossa equipe de suporte está disponível 24 horas por dia para auxiliar os usuários com qualquer dúvida ou problema.

Exchange for a better future
- Site oficial: https://www.btcc.com/
- E-mail: support@btcc.com

Siga nossas redes sociais:
- X: https://x.com/BTCCexchange 
- IG: https://www.ins","Bolsa de criptomoedas para negociações e investimentos | Negociações de BTC, ETH",https://play-lh.googleusercontent.com/TQ6AHm38YF_7o_oK03OBKIEdW-YFbUna53cj0v23I9hsI5HNioF-Ubg1K3v0QOiHiM90,"https://play-lh.googleusercontent.com/vMtm0dhAxulKDVVlT0FD009M9bel5MDPG5M9HiMSmAkfnmJ5PlO4b5fCHim_sCDauAnyfK1nLgXbvH3jrebeSQ, https://play-lh.googleusercontent.com/KpW7hmAie_Wfckl9qdhlDUrg4Y53ZUzDvxssCy5-X11Ni2puxf7fetV46TVLYszwnmr1QgfhUlvghT69iMWjfA, https://play-lh.googleusercontent.com/5h1YjvitLTTuYaRkd5ElV_S6hZhJ4j9dKdkTWgfxWB3g2SuNWPeh_uvGS5-cRyJqwj4Xge1OJS7gaqYyxbzoWdA, https://play-lh.googleusercontent.com/7iQxg1W4t6O-rxp13hitM8g_AFuitVuABg9EUdv8CDDCTgRYBSuKBXRVcQOsys1_TV9Pk3fUt-EO5GqrI7yMsg, https://play-lh.googleusercontent.com/2Gt37PAqfW6fwyO1AGVnQokS711nhQjUKjWOaXhyBy_rTMxfRr0wSwTafA0YRdBWLlK7uTfhBKzvLRQ6gQZV, https://play-lh.googleusercontent.com/F2v0yl1mJWuAxQRl1H0xTtrJE1KCiHjPJV8BBFOOqDgyR4fcTxFcTqLk4TakjYTZUyhsvd9NV2d8UOqulnBQqvM, https://play-lh.googleusercontent.com/X4-nP320EgpczirPMXIfYB3Gmnpk9TruUIPQG5E442qt7EPKGwHfaOAEyfKK4k_oebgfnBOwgXtYoT9xttFWRg, https://play-lh.googleusercontent.com/ljyf_0-t-q2qvqBS2LYeiHv1CNXRCaGvNSAbfLf64IWYErpi0e6fJXF5eeaXSnaez4WZyP6-0X6lg5ODRFfGXw",Classificação Livre,False,False,4 de ago. de 2020,1764856730,8.9.50,bitcoin,pt,br,1
7,Blockchain.com Wallet: Cripto,https://play.google.com/store/apps/details?id=piuk.blockchain.android,piuk.blockchain.android,4.637566,3305,Blockchain.com,Blockchain.com,Finanças,FINANCE,10.000.000+,0,BRL,True,"A Blockchain.com é a plataforma mais confiável do mundo para negociação de criptomoedas, com mais de 60 milhões de wallets criadas e mais de 500 bilhões de euros em volume de transações. A Blockchain.com oferece aos milhões de clientes em quase 200 países a forma mais estabelecida e utilizada de investir em criptomoedas.

A Wallet Blockchain.com oferece duas opções:
Versão não custodial – significa que somente o usuário tem acesso ao seu saldo cripto e às suas chaves privadas
Versão custodial – permite ao usuário acessar todas as funcionalidades adicionais, como comprar e vender, trocar uma criptomoeda por outra e transferir para uma conta de juros com até 12% de rendimento.

A maneira mais popular de comprar, vender e armazenar criptos. A Blockchain.com Wallet permite que você negocie e ganhe juros sem perder o controle do seu dinheiro.

Sempre que você usa a Blockchain.com Wallet, você também apoia todo o ecossistema cripto, garantindo que a wallet e o explorer permaneçam gratuitos e acessíveis a todos com acesso à internet. Assim como Coinbase, Crypto.com e Binance.

A Blockchain Wallet oferece tudo o que você espera de uma wallet de criptomoedas: segurança, funcionalidades ilimitadas e uma experiência de usuário líder de mercado. Essa funcionalidade diferencia nossa wallet de outras opções. Baixe nossa app Wallet no seu celular hoje mesmo na Play Store!

Criptomoedas disponíveis para comprar, vender, armazenar, enviar, receber e trocar:
Bitcoin (BTC)
Ethereum (ETH)
Bitcoin Cash (BCH)
Stellar (XLM)
ALGO (Algorand)
USDT (Tether)
wDGLD (Wrapped-DGLD)
USD Digital (USDD)

Adicionamos regularmente novas oportunidades promissoras de investimento, como Ripple, Chainlink, Polkadot e novos tokens DeFi.

Funcionalidades:
Use o Simple Buy para comprar as principais criptomoedas, como Bitcoin e Ethereum
Envie e receba ilimitadamente Bitcoin, Ethereum, Bitcoin Cash, Stellar, Algorand, Tether e USD PAX para quem quiser e onde quiser
Ganhe até 12% de juros anuais em BTC, ETH, USDT, PAX, XLM e BCH. As taxas de juros variam conforme a criptomoeda. As taxas atuais estão sempre disponíveis em nosso site.
Empréstimo instantâneo de USD Digital – receba USD Digital diretamente na sua Blockchain Wallet e use seu saldo em Bitcoin como garantia. A verificação Gold Level é necessária para usar essa funcionalidade.
Solicite pagamentos em criptomoedas com facilidade – a qualquer hora e em qualquer lugar (suporte a códigos QR para envio e recebimento)
Interface simples e intuitiva para troca de criptomoedas, garantindo uma experiência de usuário fluida e agradável
Disponível globalmente e em 8 idiomas

Mercados:
Compre e venda Bitcoin de forma contínua em 36 países e troque criptomoedas pelos principais preços de mercado diretamente de um ambiente seguro na sua wallet
Preços em tempo real e gráficos históricos
Acompanhe transações e endereços em tempo real pelo nosso inovador Block Explorer
As trocas de criptomoedas acontecem on-chain ","Carteira cripto, exchange e preços de Bitcoin, Ethereum, Bitcoin Cash e Stellar",https://play-lh.googleusercontent.com/CcboHyK1Id9XQWa8HXb_81Rvgqy7J816OHiTcGlezcwC-tx4cnrrXPx1x6cR0PowqA,"https://play-lh.googleusercontent.com/B9EnAFElrXGGrigCiPwiygR1rYJcwfTCJ2S5uAJrf0nV0Pj41HOrcDKMuo2p1ij8jT6msRhvfnHy96yoFzfw, https://play-lh.googleusercontent.com/8mFA5vxgTkSnenLgcs7Df07tDXl3t06244a07BsUCnxj5UkbkOX79fdZE_qMSEKMAIOklikyArsduDDjYmnE, https://play-lh.googleusercontent.com/b7dkvbXTPGW5vDJVAgYX8hlOXawI4qiokBZ-GzloQa11NVFh0_2W_eHLxFytKOSeQc0T25ZLXCq5DyMUQJpu6g, https://play-lh.googleusercontent.com/il1Y_a5SPc4T3IanvMDH8WZfN1fvmCk5NeizSJeJu-QHVK5paW89D_4C0cyVd7nCUAoNvBdVshhZo-Le79rRKeI, https://play-lh.googleusercontent.com/N_FrRJkXz9J0_5XZylxt42nzaLqnBA23-PfAqbVNE-i9atf29pyepzokdI9n-wra6S4fFceo3Z0aQ5zKdusdVg",Classificação Livre,False,False,3 de fev. de 2013,1765208944,202512.1.2,bitcoin,pt,br,1
8,"OKX: Cartão 0 IOF, BTC, Cripto",https://play.google.com/store/apps/details?id=com.okinc.okex.gp,com.okinc.okex.gp,4.502857,2038,OKX,5371535906587734619,Finanças,FINANCE,10.000.000+,0,BRL,True,"Tudo o que você precisa para comprar e investir em criptomoedas como bitcoin (BTC) com segurança, rapidez e praticidade no Brasil — agora com a nova conta digital em dólar da OKX e o Cartão OKX, aceito no mundo todo.

Com o app da OKX, uma das maiores exchanges de criptomoedas do mundo, você pode comprar bitcoin no Brasil, investir em ethereum (ETH), negociar USDT, USDC e milhares de criptoativos. Mais de 100 milhões de usuários em 160 países já confiam na OKX. Reconhecida pela TradingView como “Tecnologia Mais Confiável”, a OKX é a corretora de criptomoedas segura para iniciantes e traders experientes.

PRINCIPAIS FUNCIONALIDADES
 Comprar e vender bitcoin (BTC) e mais de 200 criptomoedas em segundos.
 Investir em Ethereum (ETH), stablecoins como USDT e USDC, e milhares de tokens.
 Negociar cripto no Brasil com taxas baixas.
 Comprar criptomoedas via PIX, sem taxa de depósito ou saque
 Usar o OKX Pay: envie e receba cripto e stablecoins instantaneamente, direto da sua conta digital em dólar.
 Cartão OKX: pague em qualquer lugar do mundo sem IOF, sem taxas de câmbio e sem travas.
 Ganhar rendimentos com staking de bitcoin, ethereum e outras moedas.
 Explorar DeFi, NFTs, Ordinals e Inscriptions no mesmo app.
 Negociação inteligente com IA e algoritmos de automação.
 Ferramentas avançadas de trading com gráficos da TradingView.
 

OKX PAY E CARTÃO OKX
Com o OKX Pay, você tem uma conta global em dólar digital, feita especialmente para brasileiros.
 Sem IOF e sem taxas ocultas.
 Gaste com o Cartão OKX, aceito em milhões de estabelecimentos no mundo inteiro.
 Proteja e renda seu dinheiro em dólares digitais com até 10% APY anual.
 Envie, receba, guarde e gaste seus dólares digitais de forma simples, rápida e 100% integrada ao app da OKX.
 

SEGURANÇA E TRANSPARÊNCIA
 Prova de reservas 1:1: cada depósito é 100% garantido.
 Carteiras auditáveis em blockchain, com total transparência.
 Tecnologia multi-sig e auditoria da Certik, referência em segurança blockchain.
 

POR QUE ESCOLHER A OKX NO BRASIL
 Depósito e saque via PIX, sem taxas.
 CNPJ e entidade local brasileira para mais confiança.
 Suporte em português 24h.
 Plataforma intuitiva para iniciantes e completa para traders profissionais.
 Parceira oficial do Manchester City e patrocinadora da McLaren F1 — confiança global, agora também no Brasil.
 

NEGOCIE OS PRINCIPAIS CRIPTOATIVOS
Na OKX, você encontra os criptoativos mais buscados:
 Bitcoin (BTC), Ethereum (ETH), Tether (USDT), USD Coin (USDC), Solana (SOL), Dogecoin (DOGE), Polygon (MATIC), Binance Coin (BNB), Chainlink (LINK), Avalanche (AVAX), Polkadot (DOT), Shiba Inu (SHIB), Tron (TRX), Ripple (XRP), Pepe (PEPE), Sui (SUI), World Liberty Financial (WLFI) e muitos outros.

SOBRE A OKX
A OKX é uma das maiores plataformas de criptomoedas do mundo, oferecendo segurança, liquidez e inovação. Nossa missão é simplificar o acesso ao universo cripto e à economia digital global, com soluções como o OKX Pay e",Compre bitcoin e cripto e use dolares digitais no seu cartão com zero IOF.,https://play-lh.googleusercontent.com/nqr8Q4Yh7p4Fm-Mz18a54onRyBu864g2ncOhtMh9gf8cyEXTAzGpBtZ3un8dROaF2To,"https://play-lh.googleusercontent.com/ZpJ_SYPDr_GM-kSnAwHWI7YPv-2dT8KiE4nEbkNaE8oiktGcJBk93zmT5YHFdmreTiwXGoiMj5_u_FTTIHlDdQ, https://play-lh.googleusercontent.com/tuvZrEH8t_uYxtFLTTlsafJqvPIkBE7gGOeafaICdw23tpRqUDk_rQ6tUhuINTZI7yyKCzb2YtGESSsIM7t2zg, https://play-lh.googleusercontent.com/N_kCg1RL0FGNjm2q3R5VnGsIVOxfSWhoWHaZjV9i0oO3o_oKk3JU4TAUF3pSc6vMc2plNPdVlN805Cuvwm_q, https://play-lh.googleusercontent.com/TVpzFRJTFOly7h3LmuuDgZkcX8L-QZsGECUNL5Mj3JdTSVgA4xM3DHF4nqW0PTbgisrmVnolQotpgO00iokoZQ, https://play-lh.googleusercontent.com/p62ATTyKnZLpKLswVeRHjlPlWkIFjELwLoQp2eHTSpCCKI5tFWbjzgMKzEJ2lcNN0DCJwfuCSYQCRH0gSKzi, https://play-lh.googleusercontent.com/n0DVdkZTVKnURYFWHKfxfoSOGLhiEIwG2qyWL1EMxULo8EpzAs6uvhhCkNO-V4XeX4vNPQS8rLH4Ld0f7x5c, https://play-lh.googleusercontent.com/cNEsVcvtK2MEziGJXwLIM4h2Ldo3Sk0GZBjKXiZYm2DdaxJ4bP-fqhCxZou_pgAZYNx7JsccLhCM0mrH3uZhYXw, https://play-lh.googleusercontent.com/a701u4K_vjbMJ5HbAILySBisxAlCeAblLU5AZecz0uPm9Yh--HUzDcxX0s471dNlX9NN7MxpKgCpbvVTl0jGDw, https://play-lh.googleusercontent.com/IF7TKniVDd9R_7nWIRhY-9L_0EPgojyrSxpZmhjufystHr2r542-DKi0GnErBYKfpW-s8oRmQfTojadPHNNP, https://play-lh.googleusercontent.com/Hc4WdsRTCTJwLYj_2I7ucT0VldwpoX9Z5RlphWa4B5QrbxjhM74ox_dmgeUk3odLN8MlGfgC7zSGOQKuCKJn",Classificação Livre,False,False,29 de out. de 2019,1765118113,6.148.0,bitcoin,pt,br,1
9,MEXC: Compre Bitcoin e Cripto,https://play.google.com/store/apps/details?id=com.mexcpro.client,com.mexcpro.client,4.716353,1853,MEXC Ltd,MEXC+Ltd,Finanças,FINANCE,10.000.000+,0,BRL,True,"MEXC é uma das principais exchanges de ativos digitais do mundo. Com as taxas mais baixas do setor (taxas zero), a maior variedade de pares de negociação (mais de 3,000) e um motor de negociação seguro e confiável, a MEXC oferece uma experiência de negociação de primeira classe, conquistando a confiança de mais de 40 milhões de usuários globalmente. A MEXC torna as negociações mais eficientes e simples!

Na MEXC, você pode obter:
- Mais pares: Mais de 3,000 pares de negociação listados, permitindo que você aproveite ao máximo as oportunidades de riqueza.
- Menores taxas: Taxa de maker 0 para negociação no spot e em futuros, com taxas de taker entre 1bps–2bps.
- Melhor profundidade de mercado: Liquidez líder no setor para spreads menores, negociação mais estável e execução mais rápida.
- Maiores retornos: Recompensas de até $8,000 para novos usuários, e rendimento de até 60% para quem segura MX.
- Segurança garantida: A cada dois meses, a plataforma publica seus ativos de reserva e a proporção de reserva.

1. Grande variedade de criptomoedas
Explore mais de 3,000 ativos cripto, incluindo Bitcoin (BTC), Ethereum (ETH), Solana (SOL), Ripple (XRP), Tether (USDT), MX Token (MX), Dogecoin (DOGE), Shiba Inu (SHIB), PEPE (PEPE), Notcoin (NOT), Toncoin (TON), USDC (USDC), Binance Coin (BNB), People DAO (PEOPLE), Chainlink (LINK), Cardano (ADA), Polkadot (DOT), Decentraland (MANA), Gala Games (GALA), Polygon (POL) e mais.

2. Taxas 0 de negociação
- Negociação Spot: Taxas maker 0 e taxas taker entre 1bps–2bps.
- Negociação de Futuros: Taxas maker 0 e taxas taker entre 1bps–2bps.
- Faça hold de mais de 1,000 MX: Desfrute de taxas de taker de 1bps (aplicável à negociação spot e futuros).
- P2P: Transferências bancárias e mais de 30 opções, com taxa 0 para negociação P2P.

3. Liquidez líder no setor
Nos mercados de futuros e spot, o volume negociável no preço médio ±0,05% (5 bps) é significativamente superior ao dos concorrentes. Isso resulta em spreads menores, negociação mais estável e execução mais rápida.

4. Retornos estáveis
- Ganhe tokens negociando: Participe do evento diário M-Day—quanto mais você negociar, mais você ganha.
- Rendimentos com MX: Faça hold de MX e aproveite rendimentos de até 60%.

5. Garantia de segurança
Não poupamos esforços para proteger a segurança de seus fundos. A MEXC publica suas reservas de plataforma e a proporção de reserva a cada dois meses. Você pode verificar as proporções de reserva para Bitcoin (BTC), Tether (USDT) e Ethereum (ETH), entre outros.



Junte-se à vibrante comunidade de traders da MEXC:
X: https://x.com/MEXC_Official
Facebook: https://www.facebook.com/mexcofficial
Instagram: https://www.instagram.com/mexc_official/
Telegram: https://t.me/MEXCPortugal","Negocie BTC, ETH, SOL sem taxas e +3000 tokens | Exchange cripto segura",https://play-lh.googleusercontent.com/nwTKN5i_FrGt2zmWDhaqNoPjS2N7e4gaxa2H09dl9_4FTve103brHDEPeAr_kwTxF40,"https://play-lh.googleusercontent.com/sMpLd2Y3fnbGNuHLxrysAsvGtDikJIzO4Hr2N4w4N03wM8SHUM-wtL2NMhnHzsx1a5U, https://play-lh.googleusercontent.com/rsl7bFRsCguTdqFJbbENckHBn2uom8aI8IrEZIQy89uDw-PvpRyw8-QAqI2oW95-pA, https://play-lh.googleusercontent.com/n3auPE86ZOrpK5hE7WH49LJ6cttRIdu-Irirsr_yANhtHNaNqTCEC1dOadCOrB8S1w, https://play-lh.googleusercontent.com/6EeHgBTaBM1aH_6Z-cBp-1THr8crLP09IBgnaAKrMV-uKmZDE9-yz7F1foJpfKzSZyc, https://play-lh.googleusercontent.com/i2KdNrFUSlmb1BQIP-02ReZ31QI4C44I6nHypNhQJuFh6fthnvRzAU6byz-4ILPQtg, https://play-lh.googleusercontent.com/5m_OJIp3WF2l7spuM_HRsr6ZBYYm6vtnEHEnl_yDU2X6fTM0_ytYaFTHfiD4cKEyDXA, https://play-lh.googleusercontent.com/VVi2EtFuwb3JQppsdxPMsXfWmf3CBUfy7D57KncK_MXt7FRAfVQbGeCXfAyv07stuy4, https://play-lh.googleusercontent.com/YHnOYVI90aMsPEeE58dnp9V2vryjoQGxC4Wf8k0CvJByfxHrUlATLyl32hXHOav2LA",Classificação Livre,False,False,23 de jul. de 2020,1765289975,6.36.1,bitcoin,pt,br,1
10,Bybit: Compre Bitcoin & Cripto,https://play.google.com/store/apps/details?id=com.bybit.app,com.bybit.app,4.790069,5258,Bybit,Bybit,Finanças,FINANCE,10.000.000+,0,BRL,True,"Entre no mundo do Bitcoin e das criptomoedas com a Bybit

Junte-se a 78 milhões de usuários e experimente o trading de criptomoedas de forma integrada, segura e confiável. Negocie, gerencie e aumente seu portfólio de Bitcoin (BTC) e criptomoedas hoje mesmo com nossa simples e inovadora plataforma. Seja você um iniciante ou um profissional, ou esteja de olho em Bitcoin (BTC), Ethereum (ETH), Solana (SOL), Mantle (MNT) ou outras das principais criptomoedas, estamos aqui para tornar sua experiência de trading simples, segura e confiável.

Trading de Bitcoin e outras criptos simplificado
Nossa missão é simplificar a compra de criptomoedas populares, como Bitcoin (BTC), Ethereum (ETH), Ripple (XRP), Solana (SOL), Cardano (ADA), Chainlink (LINK), Polkadot (DOT), PEPE, Mantle (MNT), Litecoin (LTC), Dogecoin (DOGE) e Hedera (HBAR). Negocie com facilidade pares em Spot e Derivativos com moeda fiat ou criptomoedas, incluindo os contratos BTCUSDT, ETHUSDT e XRPUSDT.

Nossos recursos de trading
- Trading de Derivativos: Negocie Perpétuos, Futuros e Opções de forma simples com ferramentas avançadas de gerenciamento de risco.
 - Trading em Spot: Use recursos como Take Profit/Stop Loss (TP/SL) e maximize a eficiência das suas negociações.
- Negocie de forma fácil: Aproveite as oportunidades do mercado acelerado de Bitcoin (BTC) e de criptomoedas com facilidade.
- Grandes operações e monitor de posições: Acompanhe grandes negociações de Bitcoin (BTC) e criptomoedas com atualizações em tempo real.
- Cartão Bybit: Gaste seus Bitcoins (BTC), Ethereum (ETH), Solana (SOL), Mantle (MNT), USDT e outras criptomoedas em milhões de estabelecimentos comerciais online e físicos em todo o mundo para ganhar até 10% de cashback em criptomoedas.
- Bybit Pay: Envie ou gaste Bitcoin (BTC), Ethereum (ETH), Solana (SOL), Mantle (MNT) e outras criptomoedas instantaneamente — sem taxas de gás e com liquidação rápida e segura.
- Bybit Alpha: Acesso facilitado ao mundo do trading on-chain — conectando usuários da Bybit a DeFi, NFTs e dApps por meio de um ecossistema Web3 totalmente integrado.
- Gerenciamento de ativos da Bybit: Crie seu portfólio com ferramentas como Bybit Investimento e Mineração de liquidez e maximize seus ganhos de Bitcoin (BTC) e outras criptomoedas recém-listadas.
- Copy Trading Siga traders especializados e aplique as estratégias deles em suas negociações de Bitcoin (BTC) e outras criptomoedas.
- Mercado NFT da Bybit Compre, venda ou negocie NFTs com facilidade em um mercado em expansão.

Por que escolher a Bybit para suas negociações de Bitcoin e outras criptomoedas?

Trading instantâneo de cripto
Negocie Bitcoin (BTC), Ethereum (ETH), Ripple (XRP), Solana (SOL), Mantle (MNT) PEPE e outras criptomoedas instantaneamente usando cartões de crédito, transferências bancárias ou outros métodos de pagamento.

Experiência otimizada
Nossa interface de usuário simplificada para trading em Spot e Derivativos torna o trading de Bitcoin (BTC), Ethere","Negocie Bitcoin, Ether e outras criptos de maneira segura na Bybit",https://play-lh.googleusercontent.com/SJxOSA2a2WY2RYQKv99kKCQVVqA5tmgw2VHn_YY0gL4riv7eDDjZ46X5_6Jge-Ur8uo,"https://play-lh.googleusercontent.com/BqrJBUVxMysOZVCeJVtS2AaarVjSacBCWVZqNiTz7bLhs0kTx4wTbSHkVjLMQ5jwl3E2ScEYf1Y9KO2KLCHmbQ, https://play-lh.googleusercontent.com/C1hV3UkbZNvHAQo9BG9dRtAG0bdqqRHJSVnAkm9YOQLzs4eKek602tVo9aJ0Ygx8OzfBxCQrYKa12ToqU2KK9A, https://play-lh.googleusercontent.com/GDinIddavizN3NWWLplQLR3_nhFSo34FnLexGIC9n-Y7qYgQO4Rt8LLhCSp8RPrYTwO4nPgHBazjEy78XGzXiA, https://play-lh.googleusercontent.com/5Rq66MNJ2M6frarCdUQzNLBx7UbltLMnjnIOCGSaa1Wrn39hfPtrLqxTbuDxQBAI7vJTR-KAGyfQ4DHQVpuUkw, https://play-lh.googleusercontent.com/VxB50hhmBXc5Qa6jeOyS0iHE0k3imQkgByvg20ADYmo1UGP2zfglFQ_2RquelSYrF04CD17bh-fi8aMhY2st, https://play-lh.googleusercontent.com/ntg1qDi9q1qvmVGeMxAvgHm8lPRKI1neAj1n_TuKN8mkl5pbVwY17yIcztf1_GbDrc0A0baQskDZq6bj5pBlsl0, https://play-lh.googleusercontent.com/Z4AyGKy6ehg52TStDowWgY54cWu0iHYP2DDyEOG5nWzCbTgXCXMSBNt_aomA2str2LCpnCC62dLJhbZfA03xRQ, https://play-lh.googleusercontent.com/o9IygB0AV00YeiDaZ7QHtdZIZuwq0F8v7S41pOJq92fXLKibDCnKshCw-OP1t_w0VMGEwudmPxVUOPcW0tKRjA, https://play-lh.googleusercontent.com/CxALKzuB_cTnM1n2mcksv1kLeo7V892twgIp_CYq6tp97ZFFucvdwQnjYRNaMn8DsjeZ4AXghib__qpvxmMjxEI, https://play-lh.googleusercontent.com/auZOYN0sjUJ_G1C0635wxqVcABIq4Mbm5D1RIYJ2CmXq2VtmrlKV504tJ2WuFZFcnjI3X0fZoubFfTMJ5zbWag",Classificação Livre,False,False,31 de out. de 2019,1764471761,5.8.0,bitcoin,pt,br,1
