rank,title,link,subreddit,subreddit_id,score,upvotes,downvotes,comments,upvote_ratio,created,created_utc,author,author_flair,selftext,is_self,is_video,over_18,gilded,stickied,locked,domain,url,termo,sort
1,Bipa é boa para comprar?,https://reddit.com/r/BitcoinBrasil/comments/1o6hjh2/bipa_é_boa_para_comprar/,BitcoinBrasil,2wqav,7,7,0,19,1.0,2025-10-14T11:48:01,1760453281.0,Fantastic_Bag_7878,,"Bom dia, glr. O que vcs acham do app ""bipa""? Bitcoin no pix a partir de 1 real  e sem taxa, é um bom lugar para quem quer fazer buy and hold e autocustódia?",True,False,False,0,False,False,self.BitcoinBrasil,https://www.reddit.com/r/BitcoinBrasil/comments/1o6hjh2/bipa_é_boa_para_comprar/,bipa,relevance
2,Gibt es hier eigentlich Menschen die unironisch zum BIPA gehen?,https://reddit.com/r/scheissaufnbilla/comments/1o99fir/gibt_es_hier_eigentlich_menschen_die_unironisch/,scheissaufnbilla,d09lzb,38,38,0,62,0.72,2025-10-17T15:38:03,1760726283.0,Chess-Gitti,,"Selber Konzern selbe Scheiße. Aber mir würde im Traum nicht einfallen zum Bipa zu gehen. Macht das noch wer? 

Alle heiligen Zeiten gehe ich zum DM für die Eigenmarke Mundspülung. Der Rest bringt Amazon und das Scheißhauspapier vom Hofer ist für meinen Arsch noch gut genug.",True,False,False,0,False,False,self.scheissaufnbilla,https://www.reddit.com/r/scheissaufnbilla/comments/1o99fir/gibt_es_hier_eigentlich_menschen_die_unironisch/,bipa,relevance
3,A bipa pode falir em breve?,https://reddit.com/r/criptomoedas/comments/1cisp75/a_bipa_pode_falir_em_breve/,criptomoedas,73nn6,4,4,0,10,0.75,2024-05-02T19:24:44,1714688684.0,New_Suit_1856,,"Comecei a comprar btc recentemente através da bipa, sei que caso a corretora vá a falência é provável que todo o crédito em bitcoin vá de Vasco junto, a pergunta é,  vocês acham que a Bipa pode vir a falência no próximo ano? Eu pretendo transferir o meu saldo pra uma cold wallet quando atingir 0.1BTC(o que possivelmente vai demorar até o fim do ano)
",True,False,False,0,False,False,self.criptomoedas,https://www.reddit.com/r/criptomoedas/comments/1cisp75/a_bipa_pode_falir_em_breve/,bipa,relevance
4,"Why Jinu's busking failed, Part 1: Tumultuous Times",https://reddit.com/r/KpopDemonhunters/comments/1lx7aid/why_jinus_busking_failed_part_1_tumultuous_times/,KpopDemonhunters,ej2i46,45,45,0,26,0.98,2025-07-11T10:44:37,1752241477.0,Sapphic_Starlight,,"Judging by his skill as a Saja Boy as well as his solo lament, it's clear Jinu has impressive musical talent. But if that's the case, how is it so that he couldn't make a living for himself playing for money on the streets? This study intends to delve into deeper detail, using historical and cultural clues as evidence.

From Gwi-Ma and Jinu's conversation, we know that Jinu lived 400 years ago when he was a human, placing his origins in the Joseon dynasty. Assuming the ""present day"" parts of the movie take place in 2025, 400 years ago is around 1625 A.D. And according to the history of the Joseon eraa, ""tumultous times"" doesn't even *begin* to describe how rough his life would have been.

The [Imjin War](https://en.m.wikipedia.org/wiki/Imjin_War), a large-scale invasion from Japan that had left Joseon ravaged and weakened, had only ended around 30 years ago (1598). So soon after a large war the sociopolitical climate was highly unstable, and people were not affluent enough to pay much to street musicians. Making matters worse, [King Gwanghaegun](https://en.m.wikipedia.org/wiki/Gwanghaegun_of_Joseon) chose this time to rebuild the royal palaces damaged in the Imjin War (1610 and 1616)... which had the effect of draining what little was left of the already struggling government budget. Needless to say, Joseon was put in even direr straits.

This among many diplomatic and domestic blunders caused more conservative members of the royal court to stage a coup against Gwanghaegun and install [King Injo](https://en.m.wikipedia.org/wiki/Injo_of_Joseon) as the new king **(1623)**, bringing even more political instability into the atmosphere. King Injo's government was corrupt and ineffective, led largely by the forces that had installed the king and not the king himself. Furthermore, some members of the coup were not pleased with how the rewards were distributed after their success. One such instance blew up into [Yi Kwal's rebellion](https://en.m.wikipedia.org/wiki/Yi_Kwal%2",False,False,False,0,False,False,reddit.com,https://www.reddit.com/gallery/1lx7aid,bipa,relevance
5,Bipa kao poslodavac,https://reddit.com/r/askcroatia/comments/1gq8pqv/bipa_kao_poslodavac/,askcroatia,4m6s1o,1,1,0,6,0.67,2024-11-13T05:57:31,1731488251.0,Morbidia86,,"Neki sam dan vidjela oglas u kojem Bipa traži prodavača u mojoj okolici pa sam razmišljala o prijavi na isti, čisto iz razloga što volim kozmetiku te bi mi bio gust savjetovati kupce u tom području.  No sudeći prema recenzijama i onome što sam pročitala na forumu Bipa mi se ne čini kao idealan poslodavac - navodno su plaće premale za ono što se od zaposlenika traži te su se neki požalili da im prekovremeni nisu bili plaćeni i još svašta nešto.  Ima li ovdje netko tko radi za njih i je li se tijekom 2024. godine išta promijenilo nabolje (recenzije koje sam čitala su uglavnom stare nekoliko godina)? Ima li se smisla prijavljivati? Koliku plaću očekivati? Radno vrijeme? Svaka informacija mi je vrijedna.",True,False,False,0,False,False,self.askcroatia,https://www.reddit.com/r/askcroatia/comments/1gq8pqv/bipa_kao_poslodavac/,bipa,relevance
6,"Grocery store’s facial recognition flagged me as a banned shoplifter, denied entry, can I force deletion and get damages under BIPA",https://reddit.com/r/legaladvice/comments/1oer3pa/grocery_stores_facial_recognition_flagged_me_as_a/,legaladvice,2rawz,1593,1593,0,160,0.94,2025-10-24T04:10:57,1761289857.0,Xadrianala,,"Location: Illinois, Chicago. Today I tried to enter a neighborhood chain store and the turnstile flashed red with a screen saying access denied see manager. Manager told me their camera system matched my face to a prior shoplifting incident from March and I am trespassed for 1 year. I have never stolen anything, I was at work that day, I can pull badge logs. I saw a tiny sign at the door about security imaging, no clear consent. They would not let me shop, would not show the alleged match, and said appeals go through corporate only. I emailed corporate and got a ticket number, no timeline. I kept my reciept from last week and bank records show I am a reg customer. This is messing with my day job since it is the closest store to my office and I am a caregiver for my mom.  
Questions. Under the Illinois Biometric Information Privacy Act, can I demand they provide the faceprint data, the vendor name, retention policy, and the specific time and match score. Do I have a private right of action for statutory damages if they collected or shared my biometric data without written consent and a policy. Should I send a spoliation letter now so they do not delete logs. If they keep refusing entry, is this a trespass order I must honor, or can I enter once I object in writing. Do I need a lawyer or can I start with a BIPA notice on my own. I can provide badge logs, calender, and video from my building.

",True,False,False,0,False,False,self.legaladvice,https://www.reddit.com/r/legaladvice/comments/1oer3pa/grocery_stores_facial_recognition_flagged_me_as_a/,bipa,relevance
7,Rank the 8 main songs from KPDM from your favourite to least favourite. I'll make a chart on popularity in four days with the results.,https://reddit.com/r/KpopDemonhunters/comments/1ndg6ug/rank_the_8_main_songs_from_kpdm_from_your/,KpopDemonhunters,ej2i46,2014,2014,0,2682,0.99,2025-09-10T11:46:02,1757515562.0,Caelis_909,,"⬇️⬇️⬇️ IMPORTANT INFORMATION ⬇️⬇️⬇️

Your vote won't be included if you:

a) Don't include all the songs in your ranking;

b) Create ties;

c) Comment your ranking under someone else's comment.

⬆️⬆️⬆️ IMPORTANT INFORMATION ⬆️⬆️⬆️



Okay, I'mma need you guys to lock in for this one.



Rank the 8 main songs from the movie from your favourite to least favourite. Example:

1. Free;  2. Takedown;  3. Soda Pop;  4. Golden;  5. What It Sounds Like;  6. Jinu's Lament;  7. How It's Done;  8. Your Idol.

Points will be given to each song according to the placement each person gives:

1st place: 11 points.

2nd place: 9 points.

3rd place: 7 points.

4th place: 5 points.

5th place: 4 points.

6th place: 3 points.

7th place: 2 points.

8th place: 1 point.

By the end, I will add up all the points from every comment/ranking.



If I answer your comment with a heart (♡), that means I already counted your vote.",False,False,False,0,False,True,reddit.com,https://www.reddit.com/gallery/1ndg6ug,bipa,relevance
8,Findets ihr eig den Bipa genauso gschissen?,https://reddit.com/r/scheissaufnbilla/comments/1mbauh2/findets_ihr_eig_den_bipa_genauso_gschissen/,scheissaufnbilla,d09lzb,110,110,0,67,0.97,2025-07-28T05:39:18,1753691958.0,Gschitldruckerin,,"Ich bin ja ein riesengroßer DM Fan und könnt dort Stunden verbringen. Die haben sich so gemausert und Ahnung vom Gschäft. Der Bipa is nur Nachzügler mMn aber irgendwie def. auch leiwander als der BILLA. Irgendwie alles auch in die Jahre gekommen und die Produkte alle sowieso auch beim dm erhältlich und diese Naturprodukte jo super, wow. Kennts eich spoan. ",True,False,False,0,False,False,self.scheissaufnbilla,https://www.reddit.com/r/scheissaufnbilla/comments/1mbauh2/findets_ihr_eig_den_bipa_genauso_gschissen/,bipa,relevance
9,"Umjesto spustanja cijena, Bipa ih frisko printa skoro 2 eura vece.",https://reddit.com/r/hrvatska/comments/1idjl1k/umjesto_spustanja_cijena_bipa_ih_frisko_printa/,hrvatska,2qyq1,259,259,0,68,0.98,2025-01-30T06:51:35,1738230695.0,pinchofsaalt,,I prije je bilo skupo a sad je smjesno. ,False,False,False,0,False,False,i.redd.it,https://i.redd.it/su02rweas3ge1.jpeg,bipa,relevance
10,"Perdeu Zecão, ela agora é a Bipa",https://reddit.com/r/porramauricio/comments/q8f8b3/perdeu_zecão_ela_agora_é_a_bipa/,porramauricio,kq1zw,1245,1245,0,74,0.99,2021-10-15T00:03:05,1634266985.0,FellowOfHorses,,,False,False,False,0,False,False,i.redd.it,https://i.redd.it/96xbjog75jt71.jpg,bipa,relevance
11,"Nachbar klaut Rabattmarken (Spar, BIPA etc.) aus den Postkästen im Haus",https://reddit.com/r/wien/comments/1kld196/nachbar_klaut_rabattmarken_spar_bipa_etc_aus_den/,wien,2scoa,80,80,0,73,0.88,2025-05-13T01:20:45,1747110045.0,Important-Cheek-5892,,"Es ist mir vor ein paar Tagen zufällig aufgefallen. Ich habe kurz in den Postkasten geschaut, bevor ich rausgegangen bin. Da waren ein Brief und ein Werbeprospekt mit BIPA Pickerln drinnen. Da ich das nicht mitnehmen wollte, ließ ich es im Postkasten. Als ich nach einer Stunde zurückkehrte, war nur mehr der Brief im Postkasten. Mir ist schon seit längerer Zeit aufgefallen, dass ich selten Pickerl bekomme. Jetzt habe ich einen eindeutigen Beweis, dass sie von wem anderen entnommen werden. Ein älterer Nachbar geht immer wieder zu den Postkästen, aber bisher hab ich mir nicht viel dabei gedacht....was kann ich unternehmen? Die gelben Zettel von der Post wären ja theoretisch auch leicht rauszufischen.... ",True,False,False,0,False,False,self.wien,https://www.reddit.com/r/wien/comments/1kld196/nachbar_klaut_rabattmarken_spar_bipa_etc_aus_den/,bipa,relevance
12,New requirement for Twitter Blue users (this is 100% real),https://reddit.com/r/EnoughMuskSpam/comments/15t1byz/new_requirement_for_twitter_blue_users_this_is/,EnoughMuskSpam,3blr7,8249,8249,0,894,0.96,2023-08-16T17:38:37,1692218317.0,dreamcastfanboy34,,,False,False,False,0,False,False,i.redd.it,https://i.redd.it/xr0s0oav9jib1.png,bipa,relevance
13,Unheilige Dreifaltigkeit beim BIPA,https://reddit.com/r/scheissaufnbilla/comments/1ocorqz/unheilige_dreifaltigkeit_beim_bipa/,scheissaufnbilla,d09lzb,72,72,0,33,0.97,2025-10-21T17:55:07,1761080107.0,narime,,"Heute zum ersten Mal seit Ewigkeiten beim BIPA gewesen (dm>müller>>>>bipa), aber ich hab von Kolleginnen eine Gutscheinkarte geschenkt bekommen, daher Preise verglichen und Dinge geholt, die sich eigentlich lohnen sollten.

Bei der Kassa dann aber auf die Inkompetenz in Person (Rewe-Mitarbeiterin unterster Hierarchie) gestoßen.

1. Wollte ich eine Bonus-Box um 250 Ös mitnehmen, weil ich eh kaum noch zum Billa geh um die dort einzulösen. Mitarbeiterin scannt den Code und sagt dann: haben wir aber nicht da. ??
Muss die Filialleitung rufen, holt das Kassa-Handbuch raus. Die Filialleitung kommt, versichert mir, zeigt auf der Rechnung, wenn sie die Box mit dem Code nicht scannen, werden auch keine Ös abgezogen dafür. Steht so auf der Rechnung.
Ich geh raus (Filiale ist extrem klein und beengt, draußen besseres Licht) und mach am Absatz kehrt. Die Ös wurden nicht abgezogen, ABER 2,99€ (!) FÜR DIE BOX, DIE NICHT MAL GESCANNT WURDE. Also wieder rein, wo bei der (immer noch einzigen geöffneten Kassa) jetzt noch immer eine Schlange ist, aber egal. Da wäre ja noch....

2. Ein Produkt um 3,99 wurde doppelt verrechnet. Also bereits über 6 Euro (ich habe einen 10% App-Gutschein verwendet) mehr verrechnet als ich gezahlt hab. Sie rechnen zurück, ich bekomme das Geld raus, neue Rechnung.

3. Auf der Rechnung steht ein Produkt für 5,99€, dabei habe ich keines um diesen Preis gekauft. Stellt sich heraus: es war das, was mit ""Dauertiefpreis seit 17.09.2025"" als 4,95€ ausgeschrieben war. Diesmal direkt mit der Filialleitung reklamiert, die das Etikett direkt aus dem Regal entfernt und mir einen weiteren Euro aus der Kassa aushändigen hat lassen.

Bonus: Ich habe reduzierte Sonnencreme mitgenommen. Auf die hat der App-Rabatt natürlich nicht gegolten.

Folgt mir für mehr Life-Hacks, wie man aus Gutschein-Geld wieder Bargeld macht!",True,False,False,0,False,False,self.scheissaufnbilla,https://www.reddit.com/r/scheissaufnbilla/comments/1ocorqz/unheilige_dreifaltigkeit_beim_bipa/,bipa,relevance
14,"British-Irish naval patrols needed to protect undersea cables, says BIPA",https://reddit.com/r/ireland/comments/1o6mawv/britishirish_naval_patrols_needed_to_protect/,ireland,2qhb9,60,60,0,32,0.86,2025-10-14T14:42:34,1760463754.0,Dazzling_Lobster3656,,,False,False,False,0,False,False,irishtimes.com,https://www.irishtimes.com/politics/2025/10/14/british-irish-naval-patrols-needed-to-protect-undersea-cables-says-bipa/,bipa,relevance
15,This is the BIPa (Parapsychological Investigations Bureau),https://reddit.com/r/vtm/comments/1oxdmd0/this_is_the_bipa_parapsychological_investigations/,vtm,2t2nt,50,50,0,12,0.98,2025-11-14T21:36:10,1763166970.0,AbsconditusArtem,,,False,False,False,0,False,False,i.redd.it,https://i.redd.it/5p0qoveyeb1g1.jpeg,bipa,relevance
16,This is the BIPa (Parapsychological Investigations Bureau),https://reddit.com/r/WhiteWolfRPG/comments/1oxdlzx/this_is_the_bipa_parapsychological_investigations/,WhiteWolfRPG,2u6fa,134,134,0,2,0.97,2025-11-14T21:35:43,1763166943.0,AbsconditusArtem,,"The history of BIPa begins in mid-1974, when, at age 25, Lieutenant Antônio Carlos Pereira Roux was attached to the Army Information Center (""Centro de Informações do Exército"" or CiEx), where he played a crucial role in monitoring and neutralizing threats to the country's political and social stability during the military regime, acting in various surveillance, infiltration, and sensitive data collection missions. During his work for CiEx, Roux became aware of the existence of supernatural beings and took up their study and extermination as a personal crusade.

In 1978, he was incorporated into the National Information Service (""Serviço Nacional de Informações"" or SNI) as a liaison member with the national army in a new department of his creation, simply called ""Birô"" (Bureau), whose main mission was the study and monitoring of anomalous phenomena and creatures. He was also one of the key figures in the creation of the Secret Special Operations Battalion (""Batalhão de Operações Especiais Secretas"" or BOES) within the elite police forces throughout the country, to act as an armed force against the supernatural. The Cross and Sword operation was then initiated, consisting of the identification and attack against supernatural entities in the country's major capitals, lasting throughout the 1980s. Roux remained in office until the dissolution of the SNI in 1990.

During the Collor administration, with the creation of the Department of Intelligence (DI/SAE), the ""BIRO"" acted as an independent agency, with Major Roux as its director. There, he coordinated several strategic intelligence operations focused on unconventional risk situations and organized attacks against potential anomalous threats and similar events that threatened national security. His experience and leadership distinguished him in coordinating high-level operations, both within the country and in cooperation missions with international intelligence agencies, serving as one of the links between Brazil and",False,False,False,0,False,False,i.redd.it,https://i.redd.it/5p0qoveyeb1g1.jpeg,bipa,relevance
17,Conheça o BIPa (Birô de Investigações Parapsicológicas)!,https://reddit.com/r/VampiroBrasil/comments/1oxd39w/conheça_o_bipa_birô_de_investigações/,VampiroBrasil,5ab86p,42,42,0,7,0.92,2025-11-14T21:13:12,1763165592.0,AbsconditusArtem,,"A história do BIPa inicia-se em meados de 1974, quando, com seus 25 anos, o Tenente Antônio Carlos Pereira Roux foi anexado ao Centro de Informações do Exército (CiEx), onde chegou a desempenhar papel crucial em operações de monitoramento e neutralização de ameaças à estabilidade política e social do país durante o regime militar, atuando em diversas missões de vigilância, infiltração e coleta de dados sensíveis. Durante seu trabalho para o CiEx, Roux teria tomado ciência da existência de sobrenaturais, e tomou seu estudo e extermínio como cruzada pessoal.

Em 1978, fora incorporado ao SNI (Serviço Nacional de Informações) como membro de conexão com o exército nacional em um novo departamento, de sua criação, denominado unicamente de o ""Birô"", tendo como principal missão o estudo e monitoramento de fenômenos e criaturas anômalas, sendo também um dos pivôs para criação do Batalhão de Operações Especiais Secretas (BOES) dentro das forças policiais de elite de todo país, para atuar como braço armado contra o sobrenatural. Foi então iniciado a operação Cruz e Espada, que se consistiu na identificação e investida contra sobrenaturais nas maiores capitais do país, que perdurou durante toda a década de 80. Roux permanece no cargo até a dissolução do SNI em 1990.

Durante o governo Collor, com a criação do Departamento de Inteligência (DI/SAE), o ""BIRO"" atuou como uma agência independente, tendo, o agora Major Roux, como seu diretor. Foi onde coordenou várias operações de inteligência estratégica focadas em situações de risco não convencional e organizou ataques a potenciais ameaças de caráter anômalos e eventos de mesmo caráter que ameaçavam a segurança nacional. Sua experiência e liderança o destacaram nas coordenações de operações de alto nível, tanto em território nacional quanto em missões de cooperação com agências internacionais de inteligência, sendo um dos elos entre o Brasil e a Coalizão.

Em 1999 ocorreu a dissolução do BIRO e a anexação de seus membros a nova ag",False,False,False,0,False,False,i.redd.it,https://i.redd.it/njm1xp0cza1g1.jpeg,bipa,relevance
18,Bipa x Nubank,https://reddit.com/r/BitcoinBrasil/comments/1mp2n0q/bipa_x_nubank/,BitcoinBrasil,2wqav,11,11,0,25,1.0,2025-08-13T09:07:56,1755086876.0,Status-Yam2273,,"Dúvida séria. Pq a Bipa é melhor que o Nubank na opinião de vcs.

- não ligo para LN, além disso o nubank ta implementando lightspark

Eu me forço a usar a Bipa pq gosto da ideia de BTC Only etc, mas na pratica é melhor mesmo? Acho que a Bipa é mais caro, tem a UX mt pior, atendimento é triste demais. Eu entro naquele chat do diabo e ninguém responde, a parte de declaração de imposto do nubank é bem mais intuitiva tbm, o cartao do nubank é 1% de cashback que vc pega o dinheiro e compra btc ou deixa rendendo 200% do cdi.

Eu sou cliente fiel da Bipa, sou fã demais da ideia de uma fintech btc only, mas é difícil quando outras soluções melhores estão aí. E como btc é quase que inevitável, é de se esperar que o nubank e afins continuem a desenvolver experiências melhores pra bitcoiners.

Por isso eu queria perguntar para vcs o que eu não estou vendo, se tem alguma vantagem monstra que não sei etc.

Abs! 
",True,False,False,0,False,False,self.BitcoinBrasil,https://www.reddit.com/r/BitcoinBrasil/comments/1mp2n0q/bipa_x_nubank/,bipa,relevance
19,"30%popusta koji nije nikakav popust, (Bipa)",https://reddit.com/r/hrvatska/comments/1o0qorr/30popusta_koji_nije_nikakav_popust_bipa/,hrvatska,2qyq1,27,27,0,12,0.92,2025-10-07T17:44:14,1759869854.0,mariannishere,,"Nisam mogla prije, pa ponavljam. Ovaj puta sa slikama.
Da vidite da subote u Bipi nisu ono što neki kažu : da su vikendi sjajni. I Valja onda skoknuti I kupiti ono što je na popustu.


Kupila baš zato što sam mislila da je good bargain.
NA polici je pisala 6 I nešto eura.
Znam da je ovaj proizvod drugdje iznad 7, ali kada dođem do blagajne i platim, na računu vidim 9,65eura!!!

Povisili su za taj dan cijenu da bi spustili na 30%.
Da bude minimalno ipak nekakav popust naspram ostalih.

A na će dulji piše MPC 7,20 eura od 5.mjeseca!

Ako je 30%popusta valja staviti taj popust na normalnu cijenu, a ne podignutu!

Ne volim kada ovako preveslaju ljude! 
",True,False,False,0,False,False,self.hrvatska,https://www.reddit.com/r/hrvatska/comments/1o0qorr/30popusta_koji_nije_nikakav_popust_bipa/,bipa,relevance
20,Verarscht uns Bipa?,https://reddit.com/r/scheissaufnbilla/comments/1nf1ik6/verarscht_uns_bipa/,scheissaufnbilla,d09lzb,39,39,0,14,0.95,2025-09-12T09:11:30,1757679090.0,Appropriate_Bar_4376,,"Weiß nicht, ob das Thema hier passt, aber ich würde echt gern wissen, ob das ein einmaliger Fehler ist, oder ob sowas eine übliche Vorgehensweise bei Bipa ist. Es geht darum: ich hab mir (zum ersten Mal überhaupt), den Bipa Flyer in der JÖ App angesehen und mich über eine Aktion gefreut, die seit gestern gültig ist. Es geht um ein Katzenfutter, das einzige, welches meine Katzen fressen. 

Bin also zum Bipa ums Eck und sehe, dass die -25% nicht, wie üblich, am Regal angeschrieben waren. 
Habe eine Schachtel Katzenfutter zur Kassa gebracht und gefragt, ob das aktuell in Aktion ist. Kassiererin schob es über den Scanner und sagt nein. Ich zeig ihr das Flugblatt in der App. Kassiererin spricht Chefin an und erklärt das Problem. Chefin meint, sie muss immer auf diesen einen Button klicken, damit die Preisreduktion abgezogen wird. Das war für mich der erste Schock: ist das immer so, dass das nicht automatisch geht?! Und warum weiß die Kassiererin nichts davon. 
Also, Button wurde gedrückt, -25% abgezogen, Chefin stellt fest, dass es eh in Aktion ist. 
Ich sag ihr noch, dass die Aktion aber nicht hinten bei den Regalen angeschrieben ist. Chefin kontrolliert ihr Handheld und sieht, dass die Preisetiketten des Katzenfutters dort ohne Preisreduktion angezeigt werden. Also sagt sie mir, dass sie keine Informationen erhalten haben, diese Aktion auszuschildern. 
Zweiter Schock: Es gibt ernsthaft Aktionen, die im Flugblatt stehen, aber im Geschäft nicht ausgeschildert sind? In Kombination mit dem ersten Schock, dass die Aktionen nicht automatisch abgezogen werden, frage ich mich wirklich, wie oft ich schon ein Produkt in Aktion für den vollen Preis gekauft habe.",False,False,False,0,False,False,i.redd.it,https://i.redd.it/vbqze1nc6qof1.png,bipa,relevance
21,PC NAO BIPA NEM DA VIDEO,https://reddit.com/r/computadores/comments/1mmw9pn/pc_nao_bipa_nem_da_video/,computadores,59xys9,17,17,0,17,0.95,2025-08-10T19:35:07,1754865307.0,Physical_Monitor890,,"Já fiz de tudo que é possivel e ja troquei todas as peças tbm pra ver se nao era isso, neste momento mesmo com NADA ENCAIXADO na placa mae ainda assim nao bipa, pensei que poderia ser o processador,porem mesmo trocado nao funciona 😭😭😭 chuto que possa ser a bios que corrompeu e infelizmente nao tenho o troço pra corrigir a bios, se tiver ALGUMA FORMA de resolvir isso sem ser com milagre ou com o troço de troca bios agradeceria muito !!!(alias começou depois que o pc deu uma travada apos tremer a mesa)",False,False,False,0,False,False,i.redd.it,https://i.redd.it/h37gqda1r9if1.jpeg,bipa,relevance
22,Notebook liga roda ventoinha e bipa quando tira e coloca o carregador e não dá vídeo,https://reddit.com/r/hardwarebrasil/comments/1pk2jci/notebook_liga_roda_ventoinha_e_bipa_quando_tira_e/,hardwarebrasil,4ubii6,2,2,0,0,1.0,2025-12-11T13:54:45,1765472085.0,zero_6963,,"Oi, sou novo na comunidade, e já venho com  um problema a uma semana, o meu notebook após uma limpeza ele não inícia mais, ele faz isso mais depois ele funciona normal, mais eu estranhei a demora dele iniciar, eu já fiz de tudo e nada resolveu, e eu quero voltar com os meus projetos logo ",False,True,False,0,False,False,v.redd.it,https://v.redd.it/wzervcbxul6g1,bipa,relevance
23,This is the BIPa (Parapsychological Investigations Bureau),https://reddit.com/r/WorldOfDarkness/comments/1oxdmmi/this_is_the_bipa_parapsychological_investigations/,WorldOfDarkness,2skzb,4,4,0,2,1.0,2025-11-14T21:36:32,1763166992.0,AbsconditusArtem,,,False,False,False,0,False,False,i.redd.it,https://i.redd.it/5p0qoveyeb1g1.jpeg,bipa,relevance
24,Bipa não funciona,https://reddit.com/r/BitcoinBrasil/comments/1oq3ldb/bipa_não_funciona/,BitcoinBrasil,2wqav,3,3,0,3,0.81,2025-11-06T13:30:35,1762446635.0,Fantastic_Bag_7878,,"Eu não sei qual é o problema, já é a terceira vez que tento abrir conta na bipa e meus dados sempre são recusados. Hora a selfie não bate com o documento, hora o rg é considerado inválido, como o rg pode ser inválido??? Alguém já teve esse problema e resolveu?",True,False,False,0,False,False,self.BitcoinBrasil,https://www.reddit.com/r/BitcoinBrasil/comments/1oq3ldb/bipa_não_funciona/,bipa,relevance
25,Bipa ou Bitybank?,https://reddit.com/r/BitcoinBrasil/comments/1nv9qgj/bipa_ou_bitybank/,BitcoinBrasil,2wqav,7,7,0,7,1.0,2025-10-01T11:28:47,1759328927.0,Ok_Income_8002,,Estou em dúvida sobre qual cartão aderir!,True,False,False,0,False,False,self.BitcoinBrasil,https://www.reddit.com/r/BitcoinBrasil/comments/1nv9qgj/bipa_ou_bitybank/,bipa,relevance
26,Does BIPA apply to Palantir and other Federal contractors?,https://reddit.com/r/illinois/comments/1oe2woh/does_bipa_apply_to_palantir_and_other_federal/,illinois,2qhco,24,24,0,2,0.95,2025-10-23T10:12:32,1761225152.0,greiton,,"BIPA is the anti-biometric tracking law that keeps costing tech companies millions. I know that there are exemptions for state agencies and companies contracting for the state, but does that exemption apply to ICE and the 3rd party tracking tools they are building of protesters and people recording them?

If it does apply which office would be in charge of enforcement?",True,False,False,0,False,False,self.illinois,https://www.reddit.com/r/illinois/comments/1oe2woh/does_bipa_apply_to_palantir_and_other_federal/,bipa,relevance
27,Conheça o BIPa (Birô de Investigações Parapsicológicas)!,https://reddit.com/r/RPGdesignBR/comments/1oxdc9m/conheça_o_bipa_birô_de_investigações/,RPGdesignBR,8fbil4,8,8,0,0,0.83,2025-11-14T21:23:40,1763166220.0,AbsconditusArtem,,,False,False,False,0,False,False,i.redd.it,https://i.redd.it/njm1xp0cza1g1.jpeg,bipa,relevance
28,Computador xeon liga mas não dá post e nem bipa,https://reddit.com/r/computadores/comments/1p1blyp/computador_xeon_liga_mas_não_dá_post_e_nem_bipa/,computadores,59xys9,1,1,0,0,1.0,2025-11-19T13:04:10,1763568250.0,General_Finish_9406,,"O pc funcionava normalmente até ontem mas fui conectar os cabos usb do painel frontal e acabei plugando o usb 2.0 no tpm 2.0 na pressa e nem notei, desde então o computador só liga as fans mesmo. Será que a placa mãe sofreu algum dano permanente por causa desse erro? ",True,False,False,0,False,False,self.computadores,https://www.reddit.com/r/computadores/comments/1p1blyp/computador_xeon_liga_mas_não_dá_post_e_nem_bipa/,bipa,relevance
29,Rewe: Bipa Westbahnhof,https://reddit.com/r/scheissaufnbilla/comments/1nw0mtm/rewe_bipa_westbahnhof/,scheissaufnbilla,d09lzb,0,0,0,6,0.28,2025-10-02T07:59:51,1759402791.0,Relevant_Pitch_9347,,"Heute war die Neueröffnung vom Bipa am Westbahnhof.. und man muss schon sagen, dass es ein riesengroßes Update ist zum Alten Geschäft.
Die haben die erste Self-Checkout Kassa im Bipa eröffnet nur leider ist da ein Tor wo man mit dem Bon erst raus kommt außer man geht die Runde.
Ich habe die Jö App Digital Rechnung eingeschalten darum weiß ich nicht wie man da dann tut.
PS: Wegen der Neueröffnung konnte man beim Glücksrad drehen und Gratis Sachen bekommen wie, Handcreme, Haaröl und vieles mehr.
Wir haben ein Baby-Ess-Lern-Set GRATIS bekommen. Perfekt für meinen 1Jährigen. Kommt selten vor das man was geschenkt bekommt 😂",False,False,False,0,False,False,i.redd.it,https://i.redd.it/ft4dcqpsjosf1.jpeg,bipa,relevance
30,Estratégia DCA BTC na BIPA,https://reddit.com/r/BitcoinBrasil/comments/1lshqy7/estratégia_dca_btc_na_bipa/,BitcoinBrasil,2wqav,8,8,0,15,1.0,2025-07-05T16:19:17,1751743157.0,Ok-Spread-5410,,"Uso a estratégia de Dollar-Cost Averaging (DCA) na BIPA e considero uma abordagem altamente eficiente e de baixo custo para acumular Bitcoin:

**Estratégia DCA na BIPA: Compra de R$ 1 por Hora de SATS**

**Condições de Taxa na BIPA:**

* **Compras Recorrentes (DCA) por Hora e Diárias:**
   * **Período Inicial (Primeiros 7 dias):** As ordens de compra terão a taxa normal da BIPA aplicada. 
   * **A partir do 8º dia:** Todas as ordens recorrentes de compra teM **isenção total de taxa de comissão**. Isso significa que, após o período inicial, 100% do valor investido será convertido em Bitcoin.
* **Compras Recorrentes Semanais e Mensais:**
   * **Primeira Ordem:** Taxa normal aplicada.
   * **A partir da Segunda Ordem:** Isenção total de taxa de comissão.

**Condições de Saque na BIPA:**

* **Saque a Custo Zero:** A BIPA oferece a possibilidade de sacar Bitcoin para uma carteira externa (autocustódia) **sem custo de taxa de rede** a partir de **100.000 SATs** (Satoshis) acumulados.
* **Velocidades de Saque:** A BIPA oferece opções de velocidade de saque (Prioritária, Normal e Grátis), sendo a opção ""Grátis"" a que não cobra taxa, mas pode levar até 48 horas para ser processada.

**Vantagens da Estratégia:**

* **Custo Efetivo Zero a Longo Prazo:** A eliminação das taxas de compra recorrente e a possibilidade de saque gratuito tornam o custo de acumulação de Bitcoin na BIPA praticamente nulo após o período inicial.
* **Máxima Diluição da Volatilidade:** A frequência horária de compra é a forma mais granular de DCA, o que permite capturar o preço médio do Bitcoin de forma extremamente precisa, minimizando o impacto de flutuações de curto prazo.
* **Acúmulo Otimizado de Satoshis:** Cada real investido (após a isenção) se traduz diretamente em satoshis, maximizando sua acumulação.
* **Automação e Disciplina:** A funcionalidade de ordens recorrentes da BIPA automatiza o processo, promovendo a disciplina e evitando decisões emocionais.
* **Acessibilidade:** Permite investir em",True,False,False,0,False,False,self.BitcoinBrasil,https://www.reddit.com/r/BitcoinBrasil/comments/1lshqy7/estratégia_dca_btc_na_bipa/,bipa,relevance
31,[VtM] Conheça o BIPa (Birô de Investigações Parapsicológicas)!,https://reddit.com/r/rpg_brasil/comments/1oxdbm8/vtm_conheça_o_bipa_birô_de_investigações/,rpg_brasil,felz6,2,2,0,0,0.75,2025-11-14T21:22:53,1763166173.0,AbsconditusArtem,,,False,False,False,0,False,False,i.redd.it,https://i.redd.it/njm1xp0cza1g1.jpeg,bipa,relevance
32,Bipa não funciona,https://reddit.com/r/criptomoedas/comments/1oq3lya/bipa_não_funciona/,criptomoedas,73nn6,2,2,0,0,1.0,2025-11-06T13:31:09,1762446669.0,Fantastic_Bag_7878,,,False,False,False,0,False,False,,/r/BitcoinBrasil/comments/1oq3ldb/bipa_não_funciona/,bipa,relevance
33,"Neu auf iamstudent.at: -15% auf jeden Einkauf bei BIPA. Das Studentenleben ist schön - und gemeinsam mit BIPA noch schöner! Denn im Online Shop und in der BIPA App bekommst du auf jeden deiner Einkäufe 15% Studentenrabatt*. Vom Parfüm bis zur Zahnpasta, jetzt wird alles günstiger!",https://reddit.com/r/studentenrabatte/comments/1oi5gho/neu_auf_iamstudentat_15_auf_jeden_einkauf_bei/,studentenrabatte,fi88k2,1,1,0,0,1.0,2025-10-28T07:13:18,1761646398.0,iamstudent_DACH,,,False,False,False,0,False,False,iamstudent.at,https://www.iamstudent.at/g/bipa-gutschein-mit-15-prozent-studentenrabatt?utm_source=reddit&utm_medium=organic_social&utm_campaign=redditautoposts&mtm_source=reddit&mtm_medium=organic_social&mtm_campaign=redditautoposts,bipa,relevance
34,Bahan Pembelajaran BIPA Kemendikdasmen (Hilang?),https://reddit.com/r/indonesian/comments/1npw89w/bahan_pembelajaran_bipa_kemendikdasmen_hilang/,indonesian,2rzr4,5,5,0,2,1.0,2025-09-25T00:20:46,1758770446.0,mothenata,,"Baru minggu lalu saya download Sahabatku 1 dari website Kemendikdasmen. Cuma hari ini saya coba download lagi, tapi di website Kemendikdasmen tulisannya ""Error 503: No server was able to handle this request."" Adakah teman-teman di sini yang kebetulan punya file-file lainnya dari sana? 

Edit: Atau adakah yang tahu, apakah website tersebut akan bisa dipakai lagi?",True,False,False,0,False,False,self.indonesian,https://www.reddit.com/r/indonesian/comments/1npw89w/bahan_pembelajaran_bipa_kemendikdasmen_hilang/,bipa,relevance
35,Howell BIPA settlement,https://reddit.com/r/classactions/comments/1la77y8/howell_bipa_settlement/,classactions,2wxnr,5,5,0,13,1.0,2025-06-13T01:37:58,1749789478.0,awg_shonuff_da_pro,,,False,False,False,0,False,False,i.redd.it,https://i.redd.it/eo74damhim6f1.jpeg,bipa,relevance
36,Korean Bipa,https://reddit.com/r/UnusualInstruments/comments/1nc8cil/korean_bipa/,UnusualInstruments,2t098,2,2,0,3,1.0,2025-09-09T00:24:48,1757388288.0,El-Chip,,It’s similar but not the same thing to a Chinese pipa. Is there any place I can find this???,True,False,False,0,False,False,self.UnusualInstruments,https://www.reddit.com/r/UnusualInstruments/comments/1nc8cil/korean_bipa/,bipa,relevance
37,"Billa, Bipa, eh alles der selbe verein",https://reddit.com/r/scheissaufnbilla/comments/1n0q7pf/billa_bipa_eh_alles_der_selbe_verein/,scheissaufnbilla,d09lzb,5,5,0,4,0.7,2025-08-26T13:16:31,1756224991.0,Degree_Federal,,"War heut (23.08) beim Bipa, und selbes ist mir auch beim Billa passiert, nur das ist schon ein Jahr her. 

Dort war ne Aktion angeschrieben 2+1, die am 13.08 bereits abgelaufen war. Bei einem Tag sag ich ja nix, aber 10?!?!? 

Weiß jemand wie sowas rechtlich aussieht?
Bei Media damals mussten sie mir den Artikel günstiger geben auf dem der falsche Preis stand, könnt Ma das beim Supermarkt auch verlangen, wenn so ne Aktion noch immer ausgeschrieben is? ( Datum steht halt Mini-Klein drauf )",True,False,False,0,False,False,self.scheissaufnbilla,https://www.reddit.com/r/scheissaufnbilla/comments/1n0q7pf/billa_bipa_eh_alles_der_selbe_verein/,bipa,relevance
38,Sonnencreme-Wahnsinn in Österreich,https://reddit.com/r/Austria/comments/1lj7ckv/sonnencremewahnsinn_in_österreich/,Austria,2qo9i,760,760,0,204,0.98,2025-06-24T07:16:21,1750760181.0,Weirdy19,,"Ich war lang stiller Mitleser, aber heute hats mich echt zrissn.

Für die Family war ich einkaufen für einen Sonnenspray. Damals im Urlaub im Ausland haben wir den transparenten Spray von Nivea gekauft der uns ganz gut tolle Dienste geleistet hat. Dürfte unter 8 Euro gekostet haben.

Dachte ich mir in Österreich ab in den Handel und sobald ich dort war: ich spinne komplett. Kostet das Ding im Regal bei uns einfach 21,49 Euro, also über 100 Euro pro Liter. Oida??

Dann hab ich mal recherchiert mit den Seiten die ihr hier immer empfehlt und gesehen, zwischen Austria und Deutschland liegt da einfach ein Preisunterschied von über 10 Euro. Amazon noch bisserl mehr.

Aber zumindest hat Bipa eine überteuerte 2+1 Aktion <3

Also unser Handel hat an kompletten Schuss. Großes Bussi an die AK, die das Vergleichsportal betreibt wo ich das gefunden habe.",False,False,False,0,False,False,i.redd.it,https://i.redd.it/93wota3tou8f1.jpeg,bipa,relevance
39,"Computador não da video, nem bipa, mesmo acionando o cooler e placa de video.",https://reddit.com/r/hardwarebrasil/comments/1mcjf9b/computador_não_da_video_nem_bipa_mesmo_acionando/,hardwarebrasil,4ubii6,1,1,0,7,1.0,2025-07-29T15:30:15,1753813815.0,Snoo-29909,,"Mesmo ligando semi-perifericos, o computador nao da video e nem bipa, mesmo fazendo todos os testes possiveis em memoria, plada de video e processador, seguindo testes com multimetro, o powergood (fio cinza) nao bate 5v e sim 4.84v e o fio amarelo de aliemtação não bate 12v e sim 11.36v, nesse caso poderia ser a fonte mesmo? ou minha placa mãe / processador morreram?

",True,False,False,0,False,False,self.hardwarebrasil,https://www.reddit.com/r/hardwarebrasil/comments/1mcjf9b/computador_não_da_video_nem_bipa_mesmo_acionando/,bipa,relevance
40,"So, are you allowed to buy alcohol outside a state monopoly store in your country, or do you also live in civilization?",https://reddit.com/r/2westerneurope4u/comments/1fpafco/so_are_you_allowed_to_buy_alcohol_outside_a_state/,2westerneurope4u,66zq15,992,992,0,348,0.95,2024-09-25T14:39:32,1727285972.0,boomerintown,,,False,False,False,0,False,False,i.redd.it,https://i.redd.it/643b4udrrzqd1.png,bipa,relevance
41,"Computador bipa, reinicia e liga normalmente",https://reddit.com/r/computadores/comments/1ko1f8o/computador_bipa_reinicia_e_liga_normalmente/,computadores,59xys9,4,4,0,13,1.0,2025-05-16T10:53:23,1747403603.0,Victorpinho0,,"Bom dia pessoal!

Realizei a troca da fonte, gabinete e CPU Colller. Após isso o meu pc sempre ao ligar apresenta um bipe, reinicia e liga normalmente, segue o vídeo de como acontece ",False,True,False,0,False,False,v.redd.it,https://v.redd.it/b71t7vruf51f1,bipa,relevance
42,"Das Geschäftsfeld Lebensmittelhandel (BILLA, BILLA PLUS, PENNY, ADEG) der REWE Group erzielte ein Umsatzplus von + 9,1 Prozent, der Drogeriefachhandel (BIPA) legte um + 13,2 Prozent zu",https://reddit.com/r/Austria/comments/1cb3nhd/das_geschäftsfeld_lebensmittelhandel_billa_billa/,Austria,2qo9i,172,172,0,21,0.97,2024-04-23T09:43:14,1713876194.0,Vic-Ier,,,False,False,False,0,False,False,rewe-group.at,https://rewe-group.at/de/unternehmen/zahlen-fakten,bipa,relevance
43,Irreführende Preise bei -25 % Rabattsticker beim Bipa,https://reddit.com/r/scheissaufnbilla/comments/1m8z0iw/irreführende_preise_bei_25_rabattsticker_beim_bipa/,scheissaufnbilla,d09lzb,10,10,0,3,0.81,2025-07-25T10:21:18,1753449678.0,ValliMallli,,"Ich weiß, das ist jetzt nicht der Billa, aber gehört zum Rewe, also im Herzen das Gleiche.

Diese Woche mit den Stickern die blend-a-med Rundumschutz Extra Frisch Clean Zahncreme gekauft. Am Regal steht DAUERTIEFPREIS 1,85 €. Auch [online](https://www.bipa.at/p/blend-a-med-rundumschutz-extra-frisch-clean-zahncreme/B3-511256) der gleiche Preis, somit lässt sich hier ein veraltetes Preisschild am Regal ausschließen.

[Das Ding in der Mitte](https://preview.redd.it/td99jqtpt0ff1.jpg?width=3021&format=pjpg&auto=webp&s=488dca4f8c639ed3db12c0eb1cab376fec62fe31)

Nun der Wahnsinn. Wird ein Rabattsticker genutzt, gilt plötzlich der Statt-Preis von 2,09 €, und von diesem Preis zieht es dann die -25 %, statt von den 1,85 €, ab.

https://preview.redd.it/vd8k92uwt0ff1.jpg?width=664&format=pjpg&auto=webp&s=3bcbbef3fccb8fe2ee179fdacf1c5f5774130d8d

Ist das bewusste Täuschung oder ein Fehler?",True,False,False,0,False,False,self.scheissaufnbilla,https://www.reddit.com/r/scheissaufnbilla/comments/1m8z0iw/irreführende_preise_bei_25_rabattsticker_beim_bipa/,bipa,relevance
44,Bipa uma empresa descentralizada de compra e venda de BtC,https://reddit.com/r/BitcoinBrasil/comments/1m19l46/bipa_uma_empresa_descentralizada_de_compra_e/,BitcoinBrasil,2wqav,0,0,0,5,0.22,2025-07-16T08:00:28,1752663628.0,Samuelakacwjevskay,,"A bipa, no contexto de compra e venda de Bitcoin (BTC), é uma plataforma ou serviço que facilita a troca de criptomoedas, como o Bitcoin, por moedas tradicionais (como reais) ou outras criptos. Funciona como uma corretora, onde usuários podem comprar BTC com dinheiro ou vender seus Bitcoins para receber em outra forma de pagamento. A bipa geralmente oferece uma interface simples, com cotações em tempo real, taxas claras e opções de depósito ou saque. É importante escolher uma bipa confiável, com boa reputação e segurança, para evitar riscos como fraudes. Além disso, o usuário precisa estar atento às variações de preço do BTC, que podem ser bem voláteis.",False,False,False,0,False,False,reddit.com,https://www.reddit.com/gallery/1m19l46,bipa,relevance
45,"Kenapa orang luar selalu nyebutnya ""Bahasa"" instead of ""Indonesian""?",https://reddit.com/r/indonesia/comments/1lukj9f/kenapa_orang_luar_selalu_nyebutnya_bahasa_instead/,indonesia,2qkte,817,817,0,149,0.98,2025-07-08T06:53:55,1751968435.0,SanaKanae,,,False,False,False,0,False,False,i.redd.it,https://i.redd.it/vwic8hzmhmbf1.jpeg,bipa,relevance
46,arbeitserfahrung beim dm/bipa,https://reddit.com/r/graz/comments/1mheoyj/arbeitserfahrung_beim_dmbipa/,graz,2svgw,7,7,0,1,0.89,2025-08-04T11:17:30,1754317050.0,Practical_Hurry_6850,,"hallo :) ich würd gern einen nebenjob bei dm oder bipa in graz anfangen. ich wollte fragen, ob vielleicht jemand erfahrung in diesen bereichen hat, wie das arbeitsklima bei euch war, leitung, gehalt, erwartungen, arbeitszeiten und allgemein eure meinung zu eurem job dort.",True,False,False,0,False,False,self.graz,https://www.reddit.com/r/graz/comments/1mheoyj/arbeitserfahrung_beim_dmbipa/,bipa,relevance
47,A Bipa é confiável?,https://reddit.com/r/BitcoinBrasil/comments/1iltytd/a_bipa_é_confiável/,BitcoinBrasil,2wqav,11,11,0,17,0.92,2025-02-09T21:48:44,1739148524.0,Easy_Marionberry_830,,"Tenho um pouco mais de 340 reais na Bipa, estou juntando até 600 reais para conseguir o saque grátis. Acabei de ver alguns relatos no Reclame Aqui e muitas pessoas estão dizendo que tiveram suas contas bloqueadas. Por causa disso, estou um pouco inseguro sobre a corretora.",True,False,False,0,False,False,self.BitcoinBrasil,https://www.reddit.com/r/BitcoinBrasil/comments/1iltytd/a_bipa_é_confiável/,bipa,relevance
48,Which BIPA branches have self kiosk?,https://reddit.com/r/graz/comments/1khmfmk/which_bipa_branches_have_self_kiosk/,graz,2svgw,1,1,0,9,0.54,2025-05-08T07:08:58,1746698938.0,bobbledi,,"Hello!! I can't speak German so good and it's quite stressful for me to shop especially when I need to use campaigns. I want to try if my coupon is still valid so which BIPAs have self kiosk(other than SCS)?
",True,False,False,0,False,False,self.graz,https://www.reddit.com/r/graz/comments/1khmfmk/which_bipa_branches_have_self_kiosk/,bipa,relevance
49,Deixo na bipa?,https://reddit.com/r/BitcoinBrasil/comments/1h2bire/deixo_na_bipa/,BitcoinBrasil,2wqav,6,6,0,24,0.87,2024-11-28T23:20:48,1732846848.0,Luccafol,,"Eu tenho mais ou menos 200rs em bitcoin comprado na bipa. A taxa para eu transferir pra minha cold wallet está muito cara, O que seria melhor? Deixar na corretora mesmo, até bater o mínimo para o saque gratis? Ou eu pago o valor da taxa mesmo sendo caro?",True,False,False,0,False,False,self.BitcoinBrasil,https://www.reddit.com/r/BitcoinBrasil/comments/1h2bire/deixo_na_bipa/,bipa,relevance
50,"I wish they added the song Jinu sings with his Bipa in the Demon Realm at the beginning of the film (""Will he let the Fire go out"" is the name, I suppose) to the soundtrack",https://reddit.com/r/KpopDemonhunters/comments/1lq3djr/i_wish_they_added_the_song_jinu_sings_with_his/,KpopDemonhunters,ej2i46,28,28,0,1,1.0,2025-07-02T15:25:28,1751480728.0,ProtoChan44,,"The number has a really cool sound to it and even though it was super short, I loved it. Jinu's actor sings it so smoothly, Jinu's background with music (Especially the bipa) is given form, and there's even a bit of early characterization for Jinu and his disdain for Gwi-Ma via his tone as he sung. I was surprised when I got the album that the song wasn't there.

They even could have made an extended version of the song that had even more hints of Jinu's character (Or, if I may be so bold, the rest of the Saja Boys could get some extra moments of singing should they want to incorporate some harmonies in there)",True,False,False,0,False,False,self.KpopDemonhunters,https://www.reddit.com/r/KpopDemonhunters/comments/1lq3djr/i_wish_they_added_the_song_jinu_sings_with_his/,bipa,relevance
51,"Computador liga bipa, desliga e liga novamente",https://reddit.com/r/hardwarebrasil/comments/1ko3lrw/computador_liga_bipa_desliga_e_liga_novamente/,hardwarebrasil,4ubii6,12,12,0,5,1.0,2025-05-16T12:24:09,1747409049.0,Victorpinho0,,"Bom dia pessoal!

Realizei a troca da fonte, gabinete e CPU Colller. Após isso o meu pc sempre ao ligar apresenta um bipe, reinicia e liga normalmente, segue o vídeo de como acontece:",False,True,False,0,False,False,v.redd.it,https://v.redd.it/jm5pydg2w51f1,bipa,relevance
52,"For The only normal person Bobby won...Now for ""Uhh...what's your name again?"" DAY 5✨",https://reddit.com/r/KpopDemonhunters/comments/1nrqe9o/for_the_only_normal_person_bobby_wonnow_for/,KpopDemonhunters,ej2i46,536,536,0,131,0.98,2025-09-27T05:56:19,1758963379.0,Particular-Rain116,,,False,False,False,0,False,False,i.redd.it,https://i.redd.it/3asibp229orf1.png,bipa,relevance
53,Bipa vs Binance,https://reddit.com/r/criptomoedas/comments/1gd6cwg/bipa_vs_binance/,criptomoedas,73nn6,7,7,0,21,0.82,2024-10-27T05:26:37,1730017597.0,PrimarySpiritual9341,,Vejo algumas pessoas falando sobre essa Bipa mas não entendi muito bem o porque as pessoas preferem sacar o dinheiro por la? A binance cobra por saques e ela não?,True,False,False,0,False,False,self.criptomoedas,https://www.reddit.com/r/criptomoedas/comments/1gd6cwg/bipa_vs_binance/,bipa,relevance
54,Entrevista a Ione Belarra en Las Mañanas de RNE sobre la corrupción bipa...,https://reddit.com/r/plazaPodemos_Noticias/comments/1lfc802/entrevista_a_ione_belarra_en_las_mañanas_de_rne/,plazaPodemos_Noticias,671i0n,1,1,0,0,1.0,2025-06-19T11:29:28,1750343368.0,alforo_,,,False,False,False,0,False,False,youtube.com,https://youtube.com/watch?v=2kA7KSrV2gM&si=oPuF6c5IVtzwSL6p,bipa,relevance
55,BIPA class action lawsuit in Illinois,https://reddit.com/r/LittleCaesars/comments/176smug/bipa_class_action_lawsuit_in_illinois/,LittleCaesars,30hj3,2,2,0,46,0.75,2023-10-13T03:55:02,1697180102.0,MaintenanceNo4222,,"Has anyone else gotten an email about this lawsuit, it’s for workers who worked there between 2014-2019 and I was wondering if it was real or if I should be suspicious in thinking it’s a scam. Google says the lawsuit exists but I’ve never had something like this happen to me before.",True,False,False,0,False,False,self.LittleCaesars,https://www.reddit.com/r/LittleCaesars/comments/176smug/bipa_class_action_lawsuit_in_illinois/,bipa,relevance
56,Need Help Submitting Closed Corporation Docs to BIPA in Person (Namibia),https://reddit.com/r/Namibia/comments/1kpi62m/need_help_submitting_closed_corporation_docs_to/,Namibia,2sg39,2,2,0,2,1.0,2025-05-18T08:51:32,1747569092.0,PirateDue2301,,"Hey everyone,

I'm in the process of registering a *closed corporation (CC)* in Namibia through BIPA, but I just found out that they don’t accept mailed or emailed submissions for the registration documents — they have to be submitted *in person*.

I’m currently not in Namibia, so I’m looking for someone who could act as my agent and hand-deliver the forms to BIPA for me. I’ll make sure everything is filled out and ready — I’d just need you to submit it and send me confirmation.

If you’ve done this before or you’re based in Windhoek and willing to help, please DM me. I’m happy to compensate you for your time and effort.

Thanks in advance!",True,False,False,0,False,False,self.Namibia,https://www.reddit.com/r/Namibia/comments/1kpi62m/need_help_submitting_closed_corporation_docs_to/,bipa,relevance
57,"Ao ligar ele bipa, reinicia e liga normalmente",https://reddit.com/r/pchelp/comments/1kobn9u/ao_ligar_ele_bipa_reinicia_e_liga_normalmente/,pchelp,2r9gk,2,2,0,2,1.0,2025-05-16T17:57:06,1747429026.0,Victorpinho0,,"Resolvi trocar a fonte e o cpu cooler do meu pc, após isso meu pc está com esse problema ao ligar.

Configurações 
Qd4 x99
RX 6600 eagle
Fonte MSI 650w

 Segue vídeo da inicialização do Pc:
",False,True,False,0,False,False,v.redd.it,https://v.redd.it/ei2rkjrij71f1,bipa,relevance
58,"Pc liga, não da video e não bipa",https://reddit.com/r/computadores/comments/1kirfay/pc_liga_não_da_video_e_não_bipa/,computadores,59xys9,1,1,0,2,1.0,2025-05-09T16:44:54,1746819894.0,Esguicho762,,"Liguei meu Pc na terça feira de manhã e ele ligou tranquilo beleza legal,mais tarde no mesmo dia liguei ele e ele começou a não dar video nem com reza braba

fiz alguns procedimentos pra tentar descobrir o que era, inicialmente tirei e limpei as memorias rams, continuo sem video, testei memoria ram por memoria ram em todos ls encaixes, não deu boa

passei pra placa de video, tenho um i5 de 7 geração, esse mesml possui video integrado (ate aonde eu pesquisei), tirei a placa de video pluguei o hdmi no encaixe correto dele eeeee não deu boa continuou sem video.


agora chego a um ponto que marquei outro teste com um amigo, aonde vamos testar colocar as memorias rams e placa de videos minhas no pc dele para isolar mais ainda o erro, mas acredito que deva ser a placa mãe ou o processador (se qualquer um dos dois der pau vai ser uma pancada do mesmo jeito) 

observações uteis:

- ao ligar o pc todas as vetoinhas acionam, placa de video aciona ventoinha, processador tudo bonitinho

- tive uns incidentes antigos, um do pc desligando do nada (era cpu esquentando demais pq tava mal encaixado o cooler do cpu) e outro de pc não dando video (era memoria ram)

alguém tem alguma ideia de teste que eu possa fazer de bate pronto aqui pra isolar já a causa?

",True,False,False,0,False,False,self.computadores,https://www.reddit.com/r/computadores/comments/1kirfay/pc_liga_não_da_video_e_não_bipa/,bipa,relevance
59,Bipa bloqueando conta,https://reddit.com/r/BitcoinBrasil/comments/1gpkyxq/bipa_bloqueando_conta/,BitcoinBrasil,2wqav,11,11,0,15,1.0,2024-11-12T10:41:26,1731418886.0,White_Chess,,"Alguém já passou por isso? 



Fui comprar BTC ontem na Bipa e a transação ficou como ""pendente"". Abri chamado e tals, geraram protocolo de atendimento... Beleza.



Hoje de manhã, entrei na Bipa pra ver se resolveu alguma coisa e... surpresa! Conta foi bloqueada. ",True,False,False,0,False,False,self.BitcoinBrasil,https://www.reddit.com/r/BitcoinBrasil/comments/1gpkyxq/bipa_bloqueando_conta/,bipa,relevance
60,My oil painting of a tomatoes on a newspaper,https://reddit.com/r/painting/comments/1pak1ho/my_oil_painting_of_a_tomatoes_on_a_newspaper/,painting,2qirl,1235,1235,0,34,1.0,2025-11-30T11:49:04,1764514144.0,JuliaStankevych,,I use real newspaper as a canvas ,False,False,False,0,False,False,i.redd.it,https://i.redd.it/p7rxwy2hqe4g1.jpeg,bipa,relevance
61,Robinhood Selfie For ID Verification - Illinois BIPA,https://reddit.com/r/privacy/comments/1i5jy8r/robinhood_selfie_for_id_verification_illinois_bipa/,privacy,2qhlc,8,8,0,10,0.9,2025-01-20T03:22:40,1737354160.0,arthurpeer,,"Hello privacy fellows,

This evening happened something that absolutely frustrated me. Robinhood suddenly wanted me to verify my identity after I logged our and logged back in. I felt so invaded, after their 3rd party service called Persona first asked to upload my ID , the. Asked to take 3 selfies, front , left and right. Being and Illinois resident with a Biometric Information Privacy Act, is it even legal by these companies to collect my biometric data?
",True,False,False,0,False,False,self.privacy,https://www.reddit.com/r/privacy/comments/1i5jy8r/robinhood_selfie_for_id_verification_illinois_bipa/,bipa,relevance
62,BIPA Settlement Check Date,https://reddit.com/r/LittleCaesars/comments/1akmzm6/bipa_settlement_check_date/,LittleCaesars,30hj3,3,3,0,34,0.71,2024-02-06T19:39:58,1707259198.0,Remarkable-Angle6415,,"Hey y’all just wanted to update that the checks are scheduled to mail out on February 9th 2024 (Illinois current/former 2014-2019 employees only) I thought our attorney meant that they had already been mailed out when he asked for confirmation from the settlement admin on where the check was mailed to. So my initial timeline estimate was right we should be receiving them sometime next week. 

The wait is almost over 😭",True,False,False,0,False,False,self.LittleCaesars,https://www.reddit.com/r/LittleCaesars/comments/1akmzm6/bipa_settlement_check_date/,bipa,relevance
63,Dúvidas sobre BISQ x BIPA x P2P (DEX / CEX / P2P),https://reddit.com/r/BitcoinBrasil/comments/1hxbbwc/dúvidas_sobre_bisq_x_bipa_x_p2p_dex_cex_p2p/,BitcoinBrasil,2wqav,8,8,0,9,0.91,2025-01-09T09:05:13,1736424313.0,Electrical_Canary275,,"Aos usuários da BISQ

1. Na hora de realizar um pagamento via PIX, não fica nada no extrato como BISQ, fica só o nome/cpf da outra parte p2p correto?
2. Se das formas mais seguras que tenho pra comprar BTC NO-KYC é P2P ou DEX, não tem perigo comprar via PIX (Sei que mesmo tendo a auto custódia, a Receita ou BC ainda podem facilmente me identificar, pois eles que criaram o PIX e podem saber que comprei cripto caso a outra pessoa me delate)
3. Fora DEX e P2P conhecem outra forma ainda mais anônima de se comprar BTC?

  
Aos usuários de BIPA e CEX em geral

1. No registro do cartão de crédito / PIX aparece ""BIPA"" depois de feita a compra?",True,False,False,0,False,False,self.BitcoinBrasil,https://www.reddit.com/r/BitcoinBrasil/comments/1hxbbwc/dúvidas_sobre_bisq_x_bipa_x_p2p_dex_cex_p2p/,bipa,relevance
64,The Korean Hyang Bipa lute,https://reddit.com/r/PipaChineseLutes/comments/1jvxw3q/the_korean_hyang_bipa_lute/,PipaChineseLutes,d8idd5,3,3,0,2,1.0,2025-04-10T10:27:29,1744291649.0,roaminjoe,,"A direct descendant of the Chinese pipa lute, gifted to the courts of Goguryeo during the tribute era of what is now Korea.  Its use declined during Japanese occupation of Korea until this day.

Seeking a revival:

https://m.koreaherald.com/article/3255480",True,False,False,0,False,False,self.PipaChineseLutes,https://www.reddit.com/r/PipaChineseLutes/comments/1jvxw3q/the_korean_hyang_bipa_lute/,bipa,relevance
65,Comprar Bitcoin pela Bipa é uma boa ?,https://reddit.com/r/BitcoinBrasil/comments/1can54h/comprar_bitcoin_pela_bipa_é_uma_boa/,BitcoinBrasil,2wqav,9,9,0,26,0.81,2024-04-22T18:49:56,1713822596.0,Ducross04,,,True,False,False,0,False,False,self.BitcoinBrasil,https://www.reddit.com/r/BitcoinBrasil/comments/1can54h/comprar_bitcoin_pela_bipa_é_uma_boa/,bipa,relevance
66,"""The total payment amount is estimated to be between $210 and $350"" 🙄 (Sosa vs. Onfido BIPA lawsuit)",https://reddit.com/r/classactions/comments/1ihddhz/the_total_payment_amount_is_estimated_to_be/,classactions,2wxnr,3,3,0,5,0.81,2025-02-04T05:45:49,1738658749.0,Cyrone007,,,False,False,False,0,False,False,i.redd.it,https://i.redd.it/cal4vu1353he1.png,bipa,relevance
67,dinge in österreich/wien die meine deutsche freundin faszinierend findet,https://reddit.com/r/okoidawappler/comments/1lhjhc4/dinge_in_österreichwien_die_meine_deutsche/,okoidawappler,w2zxy,607,607,0,130,0.96,2025-06-22T05:59:43,1750582783.0,Ennjayne,,"sie war das erste mal in österreich, hier ihre highlights

1. die leute stehen rechts auf der rolltreppe
2. kasleberkassemmel
3. das männchen vom gehweg verkehrsschild trägt einen hut
4. eristoff mischgetränke
5. ''hier sind so viele hübsche personen''
6. dass leute mäcci/mci statt mecces sagen
7. der mann der verwöhnt
8. überall wo man essen geht gibt es himbeersoda (''was haben wiener eigentlich immer mit himbeeren?'')

dinge die negativ aufgefallen sind

1. bipa preise
2. kiffen illegal",True,False,False,0,False,False,self.okoidawappler,https://www.reddit.com/r/okoidawappler/comments/1lhjhc4/dinge_in_österreichwien_die_meine_deutsche/,bipa,relevance
68,"Pc bipa e não da vídeo, apenas da video quando uso secador de cabelo.(Dava)",https://reddit.com/r/hardwarebrasil/comments/1jwxkk7/pc_bipa_e_não_da_vídeo_apenas_da_video_quando_uso/,hardwarebrasil,4ubii6,1,1,0,0,1.0,2025-04-11T15:55:24,1744397724.0,Adventurous-Lime-172,,"Cpu: i5 9400f
Gpu: rtx3060 12gb msi
Placa mãe: Asus Prime H310M E R2.0/BR
Ram: 2x8 BraveX 3000mhz
Fonte: CoolerMaster MWE BRONZE V2 750W
1 SSD NVME KINGSTON 1TB
1 SSD SATA KINGSTON 120GB
",False,True,False,0,False,False,v.redd.it,https://v.redd.it/gvxmt7ey59ue1,bipa,relevance
69,The Korean Hyang Bipa lute,https://reddit.com/r/InstrumentsfromChina/comments/1jvxwgz/the_korean_hyang_bipa_lute/,InstrumentsfromChina,amo3wl,1,1,0,0,1.0,2025-04-10T10:28:00,1744291680.0,roaminjoe,,,False,False,False,0,False,False,,/r/PipaChineseLutes/comments/1jvxw3q/the_korean_hyang_bipa_lute/,bipa,relevance
70,Taxa alta na Bipa pra fazer auto custódia (sou iniciante ),https://reddit.com/r/BitcoinBrasil/comments/1fnkbc3/taxa_alta_na_bipa_pra_fazer_auto_custódia_sou/,BitcoinBrasil,2wqav,3,3,0,14,0.81,2024-09-23T10:22:08,1727097728.0,Soggy-Box3526,,"Compro meus Bitcoins na Bipa, quando fui mandar pra BLUE wallet paguei uma taxa absurda,  mas eu mandei apenas 50 reais, devo mandar valores mais altos pra não pagar tanta taxa ? Quanto seria o ideal?",True,False,False,0,False,False,self.BitcoinBrasil,https://www.reddit.com/r/BitcoinBrasil/comments/1fnkbc3/taxa_alta_na_bipa_pra_fazer_auto_custódia_sou/,bipa,relevance
71,Dúvida sobre a BIPA,https://reddit.com/r/BitcoinBrasil/comments/1gumxk7/dúvida_sobre_a_bipa/,BitcoinBrasil,2wqav,2,2,0,10,0.75,2024-11-18T23:40:18,1731984018.0,Western_Zucchini_964,,Alguém ai sabe o pq a cotação da bipa é tão diferente? Algum lugar que vocês me recomendariam para acompanhar a cotação com mais detalhes? ,False,False,False,0,False,False,reddit.com,https://www.reddit.com/gallery/1gumxk7,bipa,relevance
72,Hapkin BIPA,https://reddit.com/r/cerveja/comments/1jfy3a3/hapkin_bipa/,cerveja,345fz,6,6,0,0,0.88,2025-03-20T17:02:10,1742500930.0,otapita,,Balanço interessantíssimo da cultura belga de cerveja com IPA 🍻🍻,False,False,False,0,False,False,i.redd.it,https://i.redd.it/p6z4bsaphwpe1.jpeg,bipa,relevance
73,Billa/Bipa - männlich oder weiblich? Wie sagt ihr dazu?,https://reddit.com/r/Austria/comments/13lzdb6/billabipa_männlich_oder_weiblich_wie_sagt_ihr_dazu/,Austria,2qo9i,4,4,0,42,0.61,2023-05-19T12:49:32,1684511372.0,Nivaris,,"""Billa"" steht ja bekanntlich ursprünglich für ""Billig-Laden"", also männlich, während ""Bipa"" für ""Billig-Parfümerie"" steht, also weiblich. Korrekt wäre demnach: der Billa / die Bipa. 

Nun verwenden aber alle Leute, die ich kenne, entweder für beide Geschäfte den männlichen oder aber für beide den weiblichen Artikel. (Glaube nicht, dass irgendjemand den neutralen Artikel verwendet, aber ich lasse mich gerne eines Besseren belehren.)

Wie sagt ihr dazu, welche(n) Artikel verwendet ihr?",True,False,False,0,False,False,self.Austria,https://www.reddit.com/r/Austria/comments/13lzdb6/billabipa_männlich_oder_weiblich_wie_sagt_ihr_dazu/,bipa,relevance
74,bipa me deu golpe,https://reddit.com/r/criptomoedas/comments/1hhr8er/bipa_me_deu_golpe/,criptomoedas,73nn6,6,6,0,6,0.81,2024-12-19T08:51:24,1734609084.0,Igor_Calisto,,"Pessoal preciso de ajuda, ontem dia 18/11 fiz diversas compras de bitcoin na bipa, porém as 20 horas quando fui acessar minha conta simplesmente a bipa bloqueou minha conta sem motivo algum, tentei contato com o suporte  da bipa e eles somente falam para esperar 4 dias, minha preocupaçao aumentou quando fui abrir reclamaçao no reclame aqui e basicamente vi diversas pessoas que estao passando o mesmo que eu, pessoas q ja estao a 30 dias ou mais e nao receberam um real de volta, isso está com muita cara de golpe, nao vi nenhuma conta sem saldo ser bloqueada, porem com cripto, aaa, ai pode, o absurdo começa a piorar porque agora a bipa me bloqueou te falar com suporte somente porq tentei falar com auporte 5 vezes e supostamente atingi limite de tentativas, reclame aqui ninguem me responde, linkedin da bipa, dos Ceos ninguem da suporte, nada de falarem cmg por email ou telefone, preciso de ajuda",True,False,False,0,False,False,self.criptomoedas,https://www.reddit.com/r/criptomoedas/comments/1hhr8er/bipa_me_deu_golpe/,bipa,relevance
75,Anyone with the BNSF BIPA second check got a hold at their bank?,https://reddit.com/r/ClassActionSettlement/comments/1j450c2/anyone_with_the_bnsf_bipa_second_check_got_a_hold/,ClassActionSettlement,2zl59,5,5,0,0,1.0,2025-03-05T12:00:57,1741186857.0,Confident_Peak_3991,,Reason I think their is a hold is that when you were supposed to give your SSN for your 1099 from the settlement administrator most people didn't and then they got a second check anyway as they cashed the first one. But because they didn't they were not authorized the funds and after a few checks went bad banks got hesitant. I made my depo at a teller in Bank Of America and this happened. Can anyone with more knowledge chime in on this? ,True,False,False,0,False,False,self.ClassActionSettlement,https://www.reddit.com/r/ClassActionSettlement/comments/1j450c2/anyone_with_the_bnsf_bipa_second_check_got_a_hold/,bipa,relevance
76,Bipa removeu o sistema de níveis ,https://reddit.com/r/criptomoedas/comments/1g9xp74/bipa_removeu_o_sistema_de_níveis/,criptomoedas,73nn6,3,3,0,10,0.81,2024-10-22T21:37:04,1729643824.0,padaran_,,"Na ultima compra de BTC pela bipa, percebi que a taxa passou a ser variável. A linha de nível bipa que determinava uma taxa fixa com base no volume de exchanges mensal, desapareceu. Agora, pra mim que fazia o preço médio comprando um pouquinho todos os dias, estão aplicando mais de 3%. Conhecem algum lugar seguro pra fazer preço médio com uma taxa menor?",True,False,False,0,False,False,self.criptomoedas,https://www.reddit.com/r/criptomoedas/comments/1g9xp74/bipa_removeu_o_sistema_de_níveis/,bipa,relevance
77,Bass Company agrees to settle BIPA class action lawsuit with cash payments to current and former employees,https://reddit.com/r/claimdepot/comments/1j8xb9i/bass_company_agrees_to_settle_bipa_class_action/,claimdepot,altpp1,2,2,0,0,1.0,2025-03-11T15:08:05,1741716485.0,ClaimDepot,,,False,False,False,0,False,False,claimdepot.com,https://www.claimdepot.com/settlements/bipa-settlement-bass-company,bipa,relevance
78,Bipa (plataforma),https://reddit.com/r/criptomoedas/comments/1ixl3h9/bipa_plataforma/,criptomoedas,73nn6,1,1,0,1,1.0,2025-02-25T00:10:17,1740453017.0,Cadu_Silveira,,"E aí, galera! Tudo certo?
Fiz o meu primeiro investimento em Bitcoin, na plataforma Bipa. Vocês sabem dizer se é uma boa? Se não, poderia me recomendar uma melhor? Tenho a pretenção de transferir o valor acumulado pra uma wallet que eu tenha auto custódia.",True,False,False,0,False,False,self.criptomoedas,https://www.reddit.com/r/criptomoedas/comments/1ixl3h9/bipa_plataforma/,bipa,relevance
79,"Claim $1,000 or more: Good To Go Food settles Illinois BIPA class action lawsuit",https://reddit.com/r/claimdepot/comments/1j4asus/claim_1000_or_more_good_to_go_food_settles/,claimdepot,altpp1,1,1,0,0,1.0,2025-03-05T15:58:38,1741201118.0,ClaimDepot,,,False,False,False,0,False,False,claimdepot.com,https://www.claimdepot.com/settlements/good2go-bipa-settlement,bipa,relevance
80,BIPA or DM azelaic acid recs,https://reddit.com/r/EuroSkincare/comments/1dd86sc/bipa_or_dm_azelaic_acid_recs/,EuroSkincare,3j88u,5,5,0,16,1.0,2024-06-11T04:18:19,1718090299.0,auberielle,,"Hello everyone I am in Croatia and in need of azelaic acid, I only know the one from The ordinary but I don’t think I’ve seen it being sold here in these stores so any other recommendations I would really appreciate",True,False,False,0,False,False,self.EuroSkincare,https://www.reddit.com/r/EuroSkincare/comments/1dd86sc/bipa_or_dm_azelaic_acid_recs/,bipa,relevance
81,"Vine un nou jucător major - Proprietarul Penny a lansat aducerea în România a BIPA, cea mai mare rețea de drogherii din Austria",https://reddit.com/r/Romania2/comments/1iofyka/vine_un_nou_jucător_major_proprietarul_penny_a/,Romania2,5k35pv,2,2,0,1,1.0,2025-02-13T07:13:30,1739441610.0,IUsedToBeAMod,,,False,False,False,0,False,False,profit.ro,https://www.profit.ro/povesti-cu-profit/retail/foto-vine-un-nou-jucator-major-proprietarul-penny-a-lansat-aducerea-in-romania-a-bipa-cea-mai-mare-retea-de-drogherii-din-austria-21931702,bipa,relevance
82,No comment… ,https://reddit.com/r/GhostAdventures/comments/1hydy69/no_comment/,GhostAdventures,2s9x1,541,541,0,208,0.95,2025-01-10T17:23:05,1736540585.0,Hot-Heat-5042,,,False,False,False,0,False,False,i.redd.it,https://i.redd.it/4hwjw08q68ce1.jpeg,bipa,relevance
83,Saque bipa falhou ,https://reddit.com/r/BitcoinBrasil/comments/1hokj3i/saque_bipa_falhou/,BitcoinBrasil,2wqav,6,6,0,3,1.0,2024-12-28T22:15:47,1735434947.0,Western_Zucchini_964,,"Pessoal, já aconteceu com vocês do saque falhar? Nunca usei o saque grátis da Bipa, mas já da primeira vez falhou e não sei se é normal. Alguém ai sabe o pq? ",False,False,False,0,False,False,i.redd.it,https://i.redd.it/jmfgnji3vo9e1.png,bipa,relevance
84,DX Enterprises settles BIPA class action for $1.52M,https://reddit.com/r/claimdepot/comments/1in4q7w/dx_enterprises_settles_bipa_class_action_for_152m/,claimdepot,altpp1,1,1,0,0,1.0,2025-02-11T14:56:16,1739296576.0,ClaimDepot,,,False,False,False,0,False,False,claimdepot.com,https://www.claimdepot.com/settlements/dxenterprises-bipa-settlement,bipa,relevance
85,Online Guide for BIPA (Bahasa Indonesia bagi Penutur Asing)?,https://reddit.com/r/indonesian/comments/1g14z3s/online_guide_for_bipa_bahasa_indonesia_bagi/,indonesian,2rzr4,7,7,0,7,0.9,2024-10-11T05:23:24,1728635004.0,princephotogenic,,"Hi everyone, I would like to learn BI for my own enrichment. I managed to download a copy of BIPA 1 online, but it's entirely in BI. Just wondering if anyone has an online guide (like Youtube or something) to take learners through the book?

Thanks!",True,False,False,0,False,False,self.indonesian,https://www.reddit.com/r/indonesian/comments/1g14z3s/online_guide_for_bipa_bahasa_indonesia_bagi/,bipa,relevance
86,TRANSFERÊNCIA DE BTC DA BINANCE PARA BIPA,https://reddit.com/r/criptomoedas/comments/1f52t4r/transferência_de_btc_da_binance_para_bipa/,criptomoedas,73nn6,6,6,0,9,0.76,2024-08-30T15:44:21,1725043461.0,Raikiri_Br,,"Sou iniciante nesse mercado de criptomoedas, e analisando as postagens do grupo, descobri que o Nine(Lula) colocou uma taxa 15% em cima das corretoras estrangeiras.

Utilizo a Binance como corretora, e como recomendação me indicaram a Bipa (corretora brasileira) consigo enviar meus BTC da Binance para Bipa? Se a resposta for sim, tem taxa de transferência? Por favor, me tirem essa duvida! 

",True,False,False,0,False,False,self.criptomoedas,https://www.reddit.com/r/criptomoedas/comments/1f52t4r/transferência_de_btc_da_binance_para_bipa/,bipa,relevance
87,Eu to vendo direito??,https://reddit.com/r/computadores/comments/1obzh62/eu_to_vendo_direito/,computadores,59xys9,116,116,0,194,0.85,2025-10-20T22:08:11,1761008891.0,Nevascaw,,Mais um motivo pra mudar pro linux,False,True,False,0,False,False,v.redd.it,https://v.redd.it/mxybibnj7dwf1,bipa,relevance
88,Beifahrer holt sich Vorsorgevollmacht,https://reddit.com/r/Austria/comments/1lu07fb/beifahrer_holt_sich_vorsorgevollmacht/,Austria,2qo9i,537,537,0,109,0.95,2025-07-07T14:23:50,1751909030.0,WoesIsWoed,,Errate das Bundesland,False,False,False,0,False,False,i.redd.it,https://i.redd.it/5iczoapvkhbf1.jpeg,bipa,relevance
89,Bipa ou binance ,https://reddit.com/r/criptomoedas/comments/1i6hr6u/bipa_ou_binance/,criptomoedas,73nn6,1,1,0,0,1.0,2025-01-21T09:44:16,1737463456.0,ChaplauzeraDosRole,,"Nunca comprei cripto-moedas na vida, sou meio leigo na área. Onde qual seria a melhor opção?(aceito outras sugestões) ",True,False,False,0,False,False,self.criptomoedas,https://www.reddit.com/r/criptomoedas/comments/1i6hr6u/bipa_ou_binance/,bipa,relevance
90,💸 Receba e Envie PIX com Bitcoin usando a BIPA! 🚀 Você sabia que agora é possível integrar o poder do Bitcoin com a praticidade do PIX?,https://reddit.com/r/FortalezaTotal/comments/1hui6g3/receba_e_envie_pix_com_bitcoin_usando_a_bipa_você/,FortalezaTotal,daawz9,1,1,0,0,1.0,2025-01-05T18:42:25,1736113345.0,BadCollina,,"# 📥 Como receber PIX em Bitcoin:

1️⃣ Crie sua conta na BIPA e gere seu QR Code PIX.  
2️⃣ Compartilhe o QR Code com seus clientes.  
3️⃣ Assim que o pagamento via PIX for feito, ele será convertido automaticamente para Bitcoin e depositado na sua carteira BIPA.

💡 **Vantagens**:  
✅ Proteja-se da inflação: transforme seu faturamento em um ativo deflacionário.  
✅ Simplifique a integração: receba pagamentos de qualquer banco direto em Bitcoin.  
✅ Expanda possibilidades: ideal para quem quer diversificar seus recebimentos!

# 📤 Como enviar PIX usando Bitcoin:

1️⃣ Acesse sua carteira na BIPA e escolha a opção de envio via PIX.  
2️⃣ Informe a chave PIX ou os dados da conta do destinatário.  
3️⃣ Pronto! O valor será convertido automaticamente de Bitcoin para reais e enviado como PIX.

💡 **Por que usar a BIPA**?

* **Praticidade:** Integra Bitcoin e PIX em um só lugar.
* **Velocidade:** Transações rápidas e diretas.
* **Liberdade financeira:** Use Bitcoin sem abrir mão do sistema bancário tradicional.

🔗 **Comece hoje mesmo**! Transforme o jeito como você gerencia pagamentos e explore as vantagens da descentralização com a BIPA.

📲 A revolução financeira está ao alcance de suas mãos!

**#Bitcoin #PIX #LiberdadeFinanceira #BIPA**",True,False,False,0,False,False,self.FortalezaTotal,https://www.reddit.com/r/FortalezaTotal/comments/1hui6g3/receba_e_envie_pix_com_bitcoin_usando_a_bipa_você/,bipa,relevance
91,"The CVS on Irving/Pulaski installed these screens on their fridges, so you can't see through them. What was wrong with standard glass???",https://reddit.com/r/chicago/comments/p8s7ab/the_cvs_on_irvingpulaski_installed_these_screens/,chicago,2qh2t,1469,1469,0,331,0.97,2021-08-21T11:15:41,1629555341.0,JosephConrad9,,,False,False,False,0,False,False,i.redd.it,https://i.redd.it/rrh0bou4zpi71.jpg,bipa,relevance
92,"Auflistung: Günstige vegane Haushaltsprodukte bei Lidl, Billa, DM, Bipa",https://reddit.com/r/VeganDE/comments/1dfownn/auflistung_günstige_vegane_haushaltsprodukte_bei/,VeganDE,37ruc,35,35,0,8,0.93,2024-06-14T08:47:29,1718365649.0,amynase,,"Hi, ich hab hier vor einer Zeit schonmal gepostet bezüglich günstigen veganen Haushaltsprodukten ( Waschmittel, Geschirrspültabs, Toilettenpapier), inzwischen hab ich weitere Antworten von Herstellern bekommen, daher hier ein Update mit weiteren **Produkten die laut Hersteller Vegan sind:**

**Billa(Rewe):**  
Clever Feinwaschmittel, 41 Waschgänge: vegan  
Clever Geschirrspülmittel Konzentrat Orangen Duft, 500 ml: vegan  
Clever Geschirr Reiniger Tabs 2 Phasen, 100 Stück: vegan  
  
**Lidl:**  
Formil Spezialwaschmittel (Color Care, Wolle, Sport und Black: vegan  
Formil Flüssigwaschmittel 1,1L: vegan  
Formil Superkonzentrat (jeweils Color- und Vollwaschmittel): vegan  
Formil Vollwaschpulver 5,2 kg: vegan  
W5 Geschirr-Reiniger Tabs 40X21,25g: vegan  
  
**DM:**  
DM DenkMit Classic Tabs: vegan  
  
**Bipa:**  
Bipa be good Toilettenpapier: vegan

**Explizit nicht vegan sind hingegen**

**Billa:**  
Clever Vollwaschmittel Pulver - nicht vegan  
Clever Taschentücher - nicht vegan  
Clever Toilettenpapier - nicht vegan

Lidl weiß bei seinen Taschentüchern und Toilettenpapier nicht ob sie vegan sind, Hofer (Aldi) kann keine Auskunft geben. Bisher hab ich leider noch wirklich günstigen und explizit veganen Taschentücher/Klopapier finden können (das von Bipa ist doch eher hochpreisig), falls ihr was kennt bin ich über Tipps dankbar!

",True,False,False,0,False,False,self.VeganDE,https://www.reddit.com/r/VeganDE/comments/1dfownn/auflistung_günstige_vegane_haushaltsprodukte_bei/,bipa,relevance
93,Kann man beim Bipa Geschenke noch verpacken?,https://reddit.com/r/graz/comments/1go03bn/kann_man_beim_bipa_geschenke_noch_verpacken/,graz,2svgw,0,0,0,2,0.4,2024-11-10T09:57:30,1731243450.0,Ichinisanrei,,Zb in Jakominiplatz?,True,False,False,0,False,False,self.graz,https://www.reddit.com/r/graz/comments/1go03bn/kann_man_beim_bipa_geschenke_noch_verpacken/,bipa,relevance
94,News: 'Figurehead Plaintiff' Dooms Cert In Hotel Workers' BIPA Suit - Law360 Employment Authority,https://reddit.com/r/CTAUpdates/comments/1hbondo/news_figurehead_plaintiff_dooms_cert_in_hotel/,CTAUpdates,syohq,1,1,0,0,1.0,2024-12-11T04:59:38,1733903978.0,rCTAbot,,,False,False,False,0,False,False,law360.com,https://www.law360.com/employment-authority/discrimination/articles/2271838/-figurehead-plaintiff-dooms-cert-in-hotel-workers-bipa-suit,bipa,relevance
95,Was anyone included in the Kronos bipa settlement?,https://reddit.com/r/ChicagoSuburbs/comments/11859d8/was_anyone_included_in_the_kronos_bipa_settlement/,ChicagoSuburbs,2ss10,11,11,0,30,1.0,2023-02-21T11:54:11,1676991251.0,RelationshipSuch9050,,Just curious to see if you heard anything,True,False,False,0,False,False,self.ChicagoSuburbs,https://www.reddit.com/r/ChicagoSuburbs/comments/11859d8/was_anyone_included_in_the_kronos_bipa_settlement/,bipa,relevance
96,"Caterpillar worker is immediately incinerated in 2000 degree molten iron after only 9 days on the job due to missing safety measures. Company fined $145k. Companies don't care about your safety, just the bottom dollar.",https://reddit.com/r/antiwork/comments/yw35bd/caterpillar_worker_is_immediately_incinerated_in/,antiwork,2y77d,1611,1611,0,185,0.99,2022-11-15T14:04:02,1668531842.0,sarin000,,,False,False,False,0,False,False,i.redd.it,https://i.redd.it/rnxz8lhtt60a1.png,bipa,relevance
97,"Comprei na Bipa e a transação tá como ""pendente"" ",https://reddit.com/r/criptomoedas/comments/1gp801x/comprei_na_bipa_e_a_transação_tá_como_pendente/,criptomoedas,73nn6,2,2,0,1,1.0,2024-11-11T21:33:29,1731371609.0,White_Chess,,"Alguém já passou por isso? Meu já tá à 3 horas assim.
Preço de compra foi o preço de mercado (512k BTC na hora)",True,False,False,0,False,False,self.criptomoedas,https://www.reddit.com/r/criptomoedas/comments/1gp801x/comprei_na_bipa_e_a_transação_tá_como_pendente/,bipa,relevance
98,Analise On Chain no Bitcoin funciona mesmo? Como usar ela? Alex Bit - Bipa Cast 33,https://reddit.com/r/BitcoinBrasil/comments/1ge3pqo/analise_on_chain_no_bitcoin_funciona_mesmo_como/,BitcoinBrasil,2wqav,6,6,0,1,1.0,2024-10-28T11:40:54,1730126454.0,alex_bit_,,"Participei do Bipa Cast da Bipa conversando sobre análise on-chain e como aplicá-la usando dados do Bitcoin Is Data ([https://bitcoinisdata.com/](https://bitcoinisdata.com/)).  
  
Gostei demais do resultado e acho que vai ser muito útil para navegar os próximos meses do ciclo atual do Bitcoin.

[https://www.youtube.com/watch?v=EJQl8b\_msbU](https://www.youtube.com/watch?v=EJQl8b_msbU)",True,False,False,0,False,False,self.BitcoinBrasil,https://www.reddit.com/r/BitcoinBrasil/comments/1ge3pqo/analise_on_chain_no_bitcoin_funciona_mesmo_como/,bipa,relevance
99,Saque via Lightning Binance x Bipa (x-post from /r/Bitcoin),https://reddit.com/r/CryptoCurrencyClassic/comments/1gwjdhq/saque_via_lightning_binance_x_bipa_xpost_from/,CryptoCurrencyClassic,2g94rz,1,1,0,0,1.0,2024-11-21T13:30:20,1732206620.0,ASICmachine,,,False,False,False,0,False,False,reddit.com,https://www.reddit.com/r/Bitcoin/comments/1gwj7dy/saque_via_lightning_binance_x_bipa/,bipa,relevance
100,"That's a bold strategy, Cotton..",https://reddit.com/r/comics/comments/1jf9cy0/thats_a_bold_strategy_cotton/,comics,2qh0s,805,805,0,90,0.94,2025-03-19T19:12:09,1742422329.0,Achilles_TroySlayer,,,False,False,False,0,False,False,reddit.com,https://www.reddit.com/gallery/1jf9cy0,bipa,relevance
