rank,titulo,url,url_mobile,resumo,extract_html,thumbnail,thumbnail_width,thumbnail_height,originalimage,originalimage_width,originalimage_height,lang,dir,timestamp,description,coordinates,snippet,size,wordcount,titlesnippet,sectiontitle,termo,idioma
1,Copa do Brasil de Futebol de 2026,https://pt.wikipedia.org/wiki/Copa_do_Brasil_de_Futebol_de_2026,https://pt.wikipedia.org/wiki/Copa_do_Brasil_de_Futebol_de_2026,"A Copa do Brasil de 2026 será a 38.ª edição deste torneio de futebol realizado pela Confederação Brasileira de Futebol (CBF), iniciando-se no dia 18 de fevereiro. No total, 126 vagas serão distribuídas, sendo 20 vagas para clubes classificados à Série A de 2026; 4 vagas para clubes campeões em 2025 da Copa do Nordeste, Copa Verde, Série C e Série D; e 102 vagas para clubes classificados nas competições estaduais de 2025, excluídos os anteriores, considerando o Ranking Nacional de Federações (RNF) de 2026. O clube campeão garantirá vaga na fase de grupos da Copa Libertadores da América de 2027 e na Supercopa Rei de 2027.","<p>A <b>Copa do Brasil de 2026</b> será a 38.ª edição deste torneio de futebol realizado pela Confederação Brasileira de Futebol (CBF), iniciando-se no dia 18 de fevereiro. No total, 126 vagas serão distribuídas, sendo 20 vagas para clubes classificados à Série A de 2026; 4 vagas para clubes campeões em 2025 da Copa do Nordeste, Copa Verde, Série C e Série D; e 102 vagas para clubes classificados nas competições estaduais de 2025, excluídos os anteriores, considerando o Ranking Nacional de Federações (RNF) de 2026. O clube campeão garantirá vaga na fase de grupos da Copa Libertadores da América de 2027 e na Supercopa Rei de 2027.</p>",https://upload.wikimedia.org/wikipedia/pt/thumb/3/30/Copa_Betano_do_Brasil.jpg/330px-Copa_Betano_do_Brasil.jpg,320,320,https://upload.wikimedia.org/wikipedia/pt/3/30/Copa_Betano_do_Brasil.jpg,400,400,pt,ltr,2025-12-08T00:47:26Z,38.ª edição da competição brasileira de futebol,,"A Copa do Brasil de <span class=""searchmatch"">2026</span> (também denominada Copa Betano do Brasil de <span class=""searchmatch"">2026</span>) será a 38.ª edição deste torneio de futebol realizado pela Confederação Brasileira",66730,834,,,natal 2026,pt
2,Campeonato Potiguar de Futebol de 2025,https://pt.wikipedia.org/wiki/Campeonato_Potiguar_de_Futebol_de_2025,https://pt.wikipedia.org/wiki/Campeonato_Potiguar_de_Futebol_de_2025,"O Campeonato Potiguar de 2025 - Série A foi a 106.ª edição desta competição futebolística organizada pela Federação Norte-Rio-Grandense de Futebol (FNF). Iniciou-se em 11 de janeiro e terminou em 29 de março, premiando os clubes com vagas para a Copa do Brasil de 2026 e para a Série D de 2026.","<p>O <b>Campeonato Potiguar de 2025 - Série A</b> foi a 106.ª edição desta competição futebolística organizada pela Federação Norte-Rio-Grandense de Futebol (FNF). Iniciou-se em 11 de janeiro e terminou em 29 de março, premiando os clubes com vagas para a Copa do Brasil de 2026 e para a Série D de 2026.</p>",https://upload.wikimedia.org/wikipedia/pt/thumb/9/9b/Potiguar_2025_logo.png/330px-Potiguar_2025_logo.png,320,273,https://upload.wikimedia.org/wikipedia/pt/9/9b/Potiguar_2025_logo.png,587,500,pt,ltr,2025-04-16T22:21:56Z,,,"março, premiando os clubes com vagas para a Copa do Brasil de <span class=""searchmatch"">2026</span> e para a Série D de <span class=""searchmatch"">2026</span>. A competição contou com a estreia do recém promovido da Segunda",31580,1050,,,natal 2026,pt
3,Governo Lula (2023–presente),https://pt.wikipedia.org/wiki/Governo_Lula_(2023%E2%80%93presente),https://pt.wikipedia.org/wiki/Governo_Lula_(2023%E2%80%93presente),"O terceiro governo Lula, também chamado de governo Lula 3, é o período em curso da história política brasileira, em que Luiz Inácio Lula da Silva exerce a presidência da República desde 1.º de janeiro de 2023 em seu retorno ao cargo para um terceiro mandato após ter sido presidente de 2003 a 2011. Lula, do Partido dos Trabalhadores, foi escolhido por voto popular direto na eleição presidencial de 2022, derrotando o então candidato à reeleição Jair Bolsonaro.","<p>O terceiro <b>governo Lula</b>, também chamado de <b>governo Lula 3</b>, é o período em curso da história política brasileira, em que Luiz Inácio Lula da Silva exerce a presidência da República desde 1.º de janeiro de 2023 em seu retorno ao cargo para um terceiro mandato após ter sido presidente de 2003 a 2011. Lula, do Partido dos Trabalhadores, foi escolhido por voto popular direto na eleição presidencial de 2022, derrotando o então candidato à reeleição Jair Bolsonaro.</p>",https://upload.wikimedia.org/wikipedia/commons/thumb/d/df/Logo_do_Governo_do_Brasil_%28Presidente_Luiz_In%C3%A1cio_Lula_da_Silva_-_Setembro_de_2025%29.png/330px-Logo_do_Governo_do_Brasil_%28Presidente_Luiz_In%C3%A1cio_Lula_da_Silva_-_Setembro_de_2025%29.png,320,154,https://upload.wikimedia.org/wikipedia/commons/d/df/Logo_do_Governo_do_Brasil_%28Presidente_Luiz_In%C3%A1cio_Lula_da_Silva_-_Setembro_de_2025%29.png,1066,513,pt,ltr,2025-12-10T08:49:58Z,governo do 39º presidente do Brasil,,"Orçamento da Câmara disse que a &quot;PEC da Transição eleva dívida em 10 pontos até <span class=""searchmatch"">2026</span>&quot;. Entretanto, partidos do chamado centrão sinalizaram que a licença para",423716,42827,,,natal 2026,pt
4,Campeonato Brasileiro de Futebol de 2025 - Série C,https://pt.wikipedia.org/wiki/Campeonato_Brasileiro_de_Futebol_de_2025_-_S%C3%A9rie_C,https://pt.wikipedia.org/wiki/Campeonato_Brasileiro_de_Futebol_de_2025_-_S%C3%A9rie_C,"A Série C do Campeonato Brasileiro de Futebol de 2025 foi a 35.ª edição da competição equivalente à terceira divisão do futebol do Brasil. Disputada por vinte clubes, os quatro mais bem colocados ganharam acesso à Série B de 2026 e os quatro últimos colocados na primeira fase foram rebaixados à Série D de 2026. O campeão ingressará diretamente na terceira fase da Copa do Brasil de 2026.","<p>A <b>Série C do Campeonato Brasileiro de Futebol de 2025</b> foi a 35.ª edição da competição equivalente à terceira divisão do futebol do Brasil. Disputada por vinte clubes, os quatro mais bem colocados ganharam acesso à Série B de 2026 e os quatro últimos colocados na primeira fase foram rebaixados à Série D de 2026. O campeão ingressará diretamente na terceira fase da Copa do Brasil de 2026.</p>",https://upload.wikimedia.org/wikipedia/pt/thumb/b/ba/Campeonato_Brasileiro_de_Futebol_de_2022_-_S%C3%A9rie_C.png/330px-Campeonato_Brasileiro_de_Futebol_de_2022_-_S%C3%A9rie_C.png,320,367,https://upload.wikimedia.org/wikipedia/pt/b/ba/Campeonato_Brasileiro_de_Futebol_de_2022_-_S%C3%A9rie_C.png,432,496,pt,ltr,2025-10-28T03:04:02Z,,,"colocados ganharam acesso à Série B de <span class=""searchmatch"">2026</span> e os quatro últimos colocados na primeira fase foram rebaixados à Série D de <span class=""searchmatch"">2026</span>. O campeão ingressará diretamente",91475,3315,,,natal 2026,pt
5,Sambas de Enredo Rio Carnaval 2026,https://pt.wikipedia.org/wiki/Sambas_de_Enredo_Rio_Carnaval_2026,https://pt.wikipedia.org/wiki/Sambas_de_Enredo_Rio_Carnaval_2026,"Sambas de Enredo Rio Carnaval 2026 é um álbum com os sambas de enredo das escolas de samba do Grupo Especial do Rio de Janeiro para o carnaval do ano de 2026. O álbum tem produção fonográfica da Editora Musical Escola de Samba (Edimusa) e selo musical da Gravadora Escola de Samba (Gravasamba). Produzido por Alceu Maia, o álbum foi gravado no Estúdio Century, na Zona Oeste do Rio de Janeiro, durante os meses de agosto, setembro e outubro de 2025. Diferente dos anos anteriores, os sambas foram lançados nas principais plataformas digitais de áudio separadamente, em forma de single, conforme foram sendo escolhidos e gravados pelas escolas. O primeiro samba foi disponibilizado em 15 de setembro de 2025. O álbum completo, com todos os doze sambas, foi lançado em 1 de novembro do mesmo ano.","<p><i><b>Sambas de Enredo Rio Carnaval 2026</b></i> é um álbum com os sambas de enredo das escolas de samba do Grupo Especial do Rio de Janeiro para o carnaval do ano de 2026. O álbum tem produção fonográfica da Editora Musical Escola de Samba (Edimusa) e selo musical da Gravadora Escola de Samba (Gravasamba). Produzido por Alceu Maia, o álbum foi gravado no Estúdio Century, na Zona Oeste do Rio de Janeiro, durante os meses de agosto, setembro e outubro de 2025. Diferente dos anos anteriores, os sambas foram lançados nas principais plataformas digitais de áudio separadamente, em forma de <i>single</i>, conforme foram sendo escolhidos e gravados pelas escolas. O primeiro samba foi disponibilizado em 15 de setembro de 2025. O álbum completo, com todos os doze sambas, foi lançado em 1 de novembro do mesmo ano.</p>",https://upload.wikimedia.org/wikipedia/pt/thumb/9/9b/Capa_Sambas_de_Enredo_Rio_Carnaval_2026.png/330px-Capa_Sambas_de_Enredo_Rio_Carnaval_2026.png,320,320,https://upload.wikimedia.org/wikipedia/pt/9/9b/Capa_Sambas_de_Enredo_Rio_Carnaval_2026.png,500,500,pt,ltr,2025-11-21T15:33:20Z,,,"Rio Carnaval <span class=""searchmatch"">2026</span> é um álbum com os sambas de enredo das escolas de samba do Grupo Especial do Rio de Janeiro para o carnaval do ano de <span class=""searchmatch"">2026</span>. O álbum tem",73353,6619,,,natal 2026,pt
6,ABC Futebol Clube,https://pt.wikipedia.org/wiki/ABC_Futebol_Clube,https://pt.wikipedia.org/wiki/ABC_Futebol_Clube,"ABC Futebol Clube é uma associação esportiva brasileira sediadas em Natal, no estado do Rio Grande do Norte.
Foi fundada como clube de futebol por um grupo de jovens natalenses no dia 29 de junho de 1915, no bairro da Ribeira. O clube potiguar disputou 14 vezes a elite do futebol nacional, é campeão brasileiro da Série C. Atualmente, o elefante possui 48 títulos do Campeonato Potiguar.","<p><b>ABC Futebol Clube</b> é uma associação esportiva brasileira sediadas em Natal, no estado do Rio Grande do Norte.
Foi fundada como clube de futebol por um grupo de jovens natalenses no dia 29 de junho de 1915, no bairro da Ribeira. O clube potiguar disputou 14 vezes a elite do futebol nacional, é campeão brasileiro da Série C. Atualmente, o <i>elefante</i> possui 48 títulos do Campeonato Potiguar.</p>",https://upload.wikimedia.org/wikipedia/commons/thumb/e/e8/ABC_FC_%28E%29_-_RN.svg/langpt-330px-ABC_FC_%28E%29_-_RN.svg.png,320,432,https://upload.wikimedia.org/wikipedia/commons/thumb/e/e8/ABC_FC_%28E%29_-_RN.svg/langpt-250px-ABC_FC_%28E%29_-_RN.svg.png,222,300,pt,ltr,2025-12-05T00:34:23Z,"clube de futebol sediado em Natal, Rio Grande do Norte",,"para a Série D de <span class=""searchmatch"">2026</span> na última rodada, quando acabou sendo derrotada por 1 a 0 num confronto direto contra o Itabaiana em <span class=""searchmatch"">Natal</span>. De acordo com o estatuto",79279,7129,,,natal 2026,pt
7,O Agente Secreto,https://pt.wikipedia.org/wiki/O_Agente_Secreto,https://pt.wikipedia.org/wiki/O_Agente_Secreto,"O Agente Secreto é um filme neo-noir brasileiro com coprodução francesa, neerlandesa e alemã de drama, suspense e thriller político de 2025, escrito e dirigido por Kleber Mendonça Filho. Produzido pela CinemaScópio (Brasil), o filme teve sua estreia mundial no Festival de Cannes em 18 de maio de 2025, onde competiu pela Palma de Ouro. Na ocasião, venceu os prêmios de Interpretação Masculina para Wagner Moura e Melhor Diretor para Kleber Mendonça Filho, além do Prêmio FIPRESCI da competição oficial e o Prix des Cinémas d’Art et Essai, concedido pela Associação Francesa de Cinemas de Arte (AFCAE).","<p><i><b>O Agente Secreto</b></i> é um filme neo-noir brasileiro com coprodução francesa, neerlandesa e alemã de drama, suspense e thriller político de 2025, escrito e dirigido por Kleber Mendonça Filho. Produzido pela CinemaScópio (Brasil), o filme teve sua estreia mundial no Festival de Cannes em 18 de maio de 2025, onde competiu pela Palma de Ouro. Na ocasião, venceu os prêmios de Interpretação Masculina para Wagner Moura e Melhor Diretor para Kleber Mendonça Filho, além do Prêmio FIPRESCI da competição oficial e o Prix des Cinémas d’Art et Essai, concedido pela Associação Francesa de Cinemas de Arte (AFCAE).</p>",https://upload.wikimedia.org/wikipedia/pt/thumb/6/60/O_Agente_Secreto_%28Cartaz_brasileiro%29.jpg/330px-O_Agente_Secreto_%28Cartaz_brasileiro%29.jpg,320,469,https://upload.wikimedia.org/wikipedia/pt/6/60/O_Agente_Secreto_%28Cartaz_brasileiro%29.jpg,341,500,pt,ltr,2025-12-12T02:48:18Z,filme de 2025 dirigido por Kleber Mendonça Filho,,"Gabriel Leone, Alice Carvalho, Udo Kier e Thomás Aquino. No Globo de Ouro de <span class=""searchmatch"">2026</span>, foi indicado em três categorias, Melhor Filme em Língua Não Inglesa, Melhor",60025,5068,,,natal 2026,pt
8,Temporada da NBA de 2025-26,https://pt.wikipedia.org/wiki/Temporada_da_NBA_de_2025-26,https://pt.wikipedia.org/wiki/Temporada_da_NBA_de_2025-26,"A temporada da NBA de 2025–26 será a 80ª edição da National Basketball Association (NBA). A temporada regular está prevista para começar em 21 de outubro de 2025 e terminar em abril de 2026. A terceira edição da Copa NBA ocorrerá em novembro e dezembro de 2025. O All-Star Game da NBA de 2026 está agendado para 15 de fevereiro de 2026, no Intuit Dome, em Inglewood, Califórnia. O torneio de repescagem será realizado em abril de 2026, seguido imediatamente pelos playoffs, que culminarão nas Finais da NBA em junho.","<p>A <b>temporada da NBA de 2025–26</b> será a 80ª edição da National Basketball Association (NBA). A temporada regular está prevista para começar em 21 de outubro de 2025 e terminar em abril de 2026. A terceira edição da Copa NBA ocorrerá em novembro e dezembro de 2025. O All-Star Game da NBA de 2026 está agendado para 15 de fevereiro de 2026, no Intuit Dome, em Inglewood, Califórnia. O torneio de repescagem será realizado em abril de 2026, seguido imediatamente pelos playoffs, que culminarão nas Finais da NBA em junho.</p>",,0,0,,0,0,pt,ltr,2025-11-28T22:09:49Z,,,"terminar em abril de <span class=""searchmatch"">2026</span>. A terceira edição da Copa NBA ocorrerá em novembro e dezembro de 2025. O All-Star Game da NBA de <span class=""searchmatch"">2026</span> está agendado para 15",31562,2465,,,natal 2026,pt
9,Copa do Brasil de Futebol de 2025,https://pt.wikipedia.org/wiki/Copa_do_Brasil_de_Futebol_de_2025,https://pt.wikipedia.org/wiki/Copa_do_Brasil_de_Futebol_de_2025,"A Copa do Brasil de 2025 é a 37.ª edição deste torneio de futebol realizado pela Confederação Brasileira de Futebol (CBF), iniciada no dia 18 de fevereiro. No total, 80 vagas foram distribuídas nos campeonatos estaduais e 12 vagas foram alocadas através dos campeões regionais, campeões da Copa do Brasil e Série B, clubes classificados à Copa Libertadores da América de 2025 e uma vaga via Série A. O clube campeão garantirá vaga na fase de grupos da Copa Libertadores da América de 2026 e na Supercopa Rei de 2026.","<p>A <b>Copa do Brasil de 2025</b> é a 37.ª edição deste torneio de futebol realizado pela Confederação Brasileira de Futebol (CBF), iniciada no dia 18 de fevereiro. No total, 80 vagas foram distribuídas nos campeonatos estaduais e 12 vagas foram alocadas através dos campeões regionais, campeões da Copa do Brasil e Série B, clubes classificados à Copa Libertadores da América de 2025 e uma vaga via Série A. O clube campeão garantirá vaga na fase de grupos da Copa Libertadores da América de 2026 e na Supercopa Rei de 2026.</p>",https://upload.wikimedia.org/wikipedia/pt/thumb/3/30/Copa_Betano_do_Brasil.jpg/330px-Copa_Betano_do_Brasil.jpg,320,320,https://upload.wikimedia.org/wikipedia/pt/3/30/Copa_Betano_do_Brasil.jpg,400,400,pt,ltr,2025-12-12T03:18:43Z,37ª edição da competição brasileira de futebol,,"vaga na fase de grupos da Copa Libertadores da América de <span class=""searchmatch"">2026</span> e na Supercopa Rei de <span class=""searchmatch"">2026</span>. Um total de 92 equipes das 27 federações estaduais do Brasil",72385,2026,,,natal 2026,pt
10,Lista dos campeões estaduais de futebol do Brasil em 2025,https://pt.wikipedia.org/wiki/Lista_dos_campe%C3%B5es_estaduais_de_futebol_do_Brasil_em_2025,https://pt.wikipedia.org/wiki/Lista_dos_campe%C3%B5es_estaduais_de_futebol_do_Brasil_em_2025,A lista a seguir traz dados acerca dos campeonatos estaduais de futebol realizados no Brasil em 2025.,<p>A lista a seguir traz dados acerca dos <b>campeonatos estaduais de futebol realizados no Brasil em 2025</b>.</p>,,0,0,,0,0,pt,ltr,2025-12-07T20:57:57Z,,,"do Brasil <span class=""searchmatch"">2026</span>: times classificados para a Copa do Brasil em sua edição de <span class=""searchmatch"">2026</span> pelo Campeonato Estadual. [Ordem alfabética] Série D <span class=""searchmatch"">2026</span>: times classificados",52555,1205,,,natal 2026,pt
11,Feriados em Angola,https://pt.wikipedia.org/wiki/Feriados_em_Angola,https://pt.wikipedia.org/wiki/Feriados_em_Angola,Este artigo fala sobre os feriados em Angola referente ao ano civil de 2018.,<p>Este artigo fala sobre os <b>feriados em Angola</b> referente ao ano civil de 2018.</p>,https://upload.wikimedia.org/wikipedia/commons/thumb/9/9d/Flag_of_Angola.svg/langpt-330px-Flag_of_Angola.svg.png,320,213,https://upload.wikimedia.org/wikipedia/commons/thumb/9/9d/Flag_of_Angola.svg/langpt-960px-Flag_of_Angola.svg.png,900,600,pt,ltr,2025-05-20T22:00:19Z,artigo de lista da Wikimedia,,"portugues.rfi.fr/africa/20120104-em-angola-o-dia-dos-martires-da-repressao-colonial-deixou-de-ser-feriado Feriados em Angola 2025 <span class=""searchmatch"">2026</span> Portal de Angola",3324,95,,,natal 2026,pt
12,2025 na televisão brasileira,https://pt.wikipedia.org/wiki/2025_na_televis%C3%A3o_brasileira,https://pt.wikipedia.org/wiki/2025_na_televis%C3%A3o_brasileira,"A seguir há uma lista de eventos relacionados à televisão brasileira em 2025. Os eventos listados incluem estreias, cancelamentos e finais de programas de televisão; lançamento, encerramento e rebrandings de canais; estações locais mudando de afiliação de rede; e informações sobre controvérsias e disputas de carregamento.","<p>A seguir há uma lista de eventos relacionados à <b>televisão brasileira em 2025</b>. Os eventos listados incluem estreias, cancelamentos e finais de programas de televisão; lançamento, encerramento e <i>rebrandings</i> de canais; estações locais mudando de afiliação de rede; e informações sobre controvérsias e disputas de carregamento.</p>",,0,0,,0,0,pt,ltr,2025-12-12T04:12:01Z,eventos relacionados à televisão brasileira em 2025,,"estará na Copa em <span class=""searchmatch"">2026</span>». Leo Dias. Consultado em 10 de setembro de 2025  Miyashiro, Kelly (31 de outubro de 2025). «Como a Copa do Mundo <span class=""searchmatch"">2026</span> será exibida",356503,21804,,,natal 2026,pt
13,Copa do Mundo de Futebol Feminino de 2027,https://pt.wikipedia.org/wiki/Copa_do_Mundo_de_Futebol_Feminino_de_2027,https://pt.wikipedia.org/wiki/Copa_do_Mundo_de_Futebol_Feminino_de_2027,A Copa do Mundo FIFA de Futebol Feminino de 2027 será a décima edição do quadrienal campeonato internacional de futebol feminino disputado pelas seleções nacionais das federações-membro da FIFA. As datas escolhidas são o período entre 24 de junho e 25 de julho.,<p>A <b>Copa do Mundo FIFA de Futebol Feminino de 2027</b> será a décima edição do quadrienal campeonato internacional de futebol feminino disputado pelas seleções nacionais das federações-membro da FIFA. As datas escolhidas são o período entre 24 de junho e 25 de julho.</p>,https://upload.wikimedia.org/wikipedia/pt/0/06/Brasil2027.PNG,294,158,https://upload.wikimedia.org/wikipedia/pt/0/06/Brasil2027.PNG,294,158,pt,ltr,2025-11-29T19:15:41Z,,,"decidiu que ele seria vigente no masculino até 2022, já que a partir de <span class=""searchmatch"">2026</span> passaria a ser 48 seleções. Em 2021, foi anunciado que o sistema de votações",73640,4431,,,natal 2026,pt
14,José Boto,https://pt.wikipedia.org/wiki/Jos%C3%A9_Boto,https://pt.wikipedia.org/wiki/Jos%C3%A9_Boto,"José Fernando Rodrigues Boto é um diretor esportivo português. A partir de 1 de janeiro, assumiu como diretor de futebol do Flamengo, contratado pelo presidente do clube, Luiz Eduardo Baptista.","<p><b>José Fernando Rodrigues Boto</b> é um diretor esportivo português. A partir de 1 de janeiro, assumiu como diretor de futebol do Flamengo, contratado pelo presidente do clube, Luiz Eduardo Baptista.</p>",,0,0,,0,0,pt,ltr,2025-04-27T00:16:46Z,diretor esportivo português,,"assinatura ficou para o retorno. O contrato é válido até o final da temporada de <span class=""searchmatch"">2026</span>. Em 2016, postou uma foto do filho Gonçalo com Neymar e brincou na legenda:",17420,1429,,,natal 2026,pt
15,Copa do Nordeste de Futebol de 2025,https://pt.wikipedia.org/wiki/Copa_do_Nordeste_de_Futebol_de_2025,https://pt.wikipedia.org/wiki/Copa_do_Nordeste_de_Futebol_de_2025,"A Copa do Nordeste de Futebol de 2025 foi a 22.ª edição desta competição futebolística organizada pela Liga do Nordeste, em parceria com a CBF. Iniciada em 4 de janeiro, com os confrontos das fases qualificatórias, a competição terminou em 6 de setembro.","<p>A <b>Copa do Nordeste de Futebol de 2025</b> foi a 22.ª edição desta competição futebolística organizada pela Liga do Nordeste, em parceria com a CBF. Iniciada em 4 de janeiro, com os confrontos das fases qualificatórias, a competição terminou em 6 de setembro.</p>",https://upload.wikimedia.org/wikipedia/pt/thumb/e/eb/Copa_do_Nordeste_2025.jpg/330px-Copa_do_Nordeste_2025.jpg,320,146,https://upload.wikimedia.org/wikipedia/pt/e/eb/Copa_do_Nordeste_2025.jpg,611,278,pt,ltr,2025-12-01T15:43:36Z,,,"regulamento não prevê reserva de vaga na terceira fase da Copa do Brasil de <span class=""searchmatch"">2026</span> para o campeão, apesar da CBF ter garantido a manutenção da vaga ao campeão",107317,2934,,,natal 2026,pt
16,Dominguinho,https://pt.wikipedia.org/wiki/Dominguinho,https://pt.wikipedia.org/wiki/Dominguinho,"Dominguinho é um álbum acústico colaborativo dos cantores brasileiros João Gomes, Jota.pê e do sanfoneiro Mestrinho. O álbum foi lançado em 18 de abril de 2025 no Brasil. Além da sanfona de Mestrinho e o violão de aço de Jota.pê, o projeto também conta com o violão de Vanutti e a percussão inventiva de Gilú Amaral, criando um clima intimista e acolhedor.","<p><i><b>Dominguinho</b></i> é um álbum acústico colaborativo dos cantores brasileiros João Gomes, Jota.pê e do sanfoneiro Mestrinho. O álbum foi lançado em 18 de abril de 2025 no Brasil. Além da sanfona de Mestrinho e o violão de aço de Jota.pê, o projeto também conta com o violão de Vanutti e a percussão inventiva de Gilú Amaral, criando um clima intimista e acolhedor.</p>",https://upload.wikimedia.org/wikipedia/pt/thumb/8/8f/Dominguinho.png/330px-Dominguinho.png,320,320,https://upload.wikimedia.org/wikipedia/pt/8/8f/Dominguinho.png,500,500,pt,ltr,2025-12-02T22:30:15Z,,,"25 de março de <span class=""searchmatch"">2026</span>– Bruxelas, Bélgica 26 de março de <span class=""searchmatch"">2026</span> – Amsterdam, Holanda 27 de março de <span class=""searchmatch"">2026</span> – Paris, França 31 de março de <span class=""searchmatch"">2026</span> – Barcelona, Espanha",9356,772,,,natal 2026,pt
17,Shrek 5,https://pt.wikipedia.org/wiki/Shrek_5,https://pt.wikipedia.org/wiki/Shrek_5,"Shrek 5 é um futuro filme de animação estadunidense de comédia e fantasia vagamente baseado no livro ilustrado de 1990 Shrek! de William Steig, produzido pela DreamWorks Animation e distribuído pela Universal Pictures. A sequência de Shrek para Sempre (2010), serve como o quinto filme principal e o sétimo filme geral da série de filmes Shrek. O filme é dirigido por Walt Dohrn e codirigido por Brad Ableson a partir de um roteiro escrito por Michael McCullers e produzido pelo CEO da Illumination Chris Meledandri e Gina Shay. Mike Myers, Eddie Murphy e Cameron Diaz reprisarão seus respectivos papéis de voz como Shrek, Burro e Princesa Fiona, o elenco também contará com a atriz Zendaya, fazendo o papel de voz de Felicia, filha de Shrek.","<p><i><b>Shrek 5</b></i> é um futuro filme de animação estadunidense de comédia e fantasia vagamente baseado no livro ilustrado de 1990 <i>Shrek!</i> de William Steig, produzido pela DreamWorks Animation e distribuído pela Universal Pictures. A sequência de <i>Shrek para Sempre</i> (2010), serve como o quinto filme principal e o sétimo filme geral da série de filmes <i>Shrek</i>. O filme é dirigido por Walt Dohrn e codirigido por Brad Ableson a partir de um roteiro escrito por Michael McCullers e produzido pelo CEO da Illumination Chris Meledandri e Gina Shay. Mike Myers, Eddie Murphy e Cameron Diaz reprisarão seus respectivos papéis de voz como Shrek, Burro e Princesa Fiona, o elenco também contará com a atriz Zendaya, fazendo o papel de voz de Felicia, filha de Shrek.</p>",https://upload.wikimedia.org/wikipedia/pt/b/bb/P%C3%B4ster_de_Shrek_5.jpg,282,353,https://upload.wikimedia.org/wikipedia/pt/b/bb/P%C3%B4ster_de_Shrek_5.jpg,282,353,pt,ltr,2025-12-04T19:14:44Z,futuro filme de animação dirigido por Walt Dohrn e Conrad Vernon,,"filme, provisoriamente intitulado Shrek 5, seria lançado em 1º de julho de <span class=""searchmatch"">2026</span>, com Myers, Murphy e Diaz confirmados para reprisar seus papéis. Walt Dohrn",18653,1903,,,natal 2026,pt
18,Fernando Seabra,https://pt.wikipedia.org/wiki/Fernando_Seabra,https://pt.wikipedia.org/wiki/Fernando_Seabra,Fernando Seabra é um treinador de futebol brasileiro. Atualmente comanda o Coritiba.,<p><b>Fernando Seabra</b> é um treinador de futebol brasileiro. Atualmente comanda o Coritiba.</p>,,0,0,,0,0,pt,ltr,2025-12-10T20:17:10Z,Tereinador de Futebol Brasileiro,,"o Coritiba anunciou a contratação de Fernando Seabra para a temporada de <span class=""searchmatch"">2026</span>. «Fernando Seabra é o novo técnico do Coritiba». ge. 8 de dezembro de 2025",8360,760,,,natal 2026,pt
19,Campeonato Italiano de Futebol de 2025–26 – Primeira Divisão,https://pt.wikipedia.org/wiki/Campeonato_Italiano_de_Futebol_de_2025%E2%80%9326_%E2%80%93_Primeira_Divis%C3%A3o,https://pt.wikipedia.org/wiki/Campeonato_Italiano_de_Futebol_de_2025%E2%80%9326_%E2%80%93_Primeira_Divis%C3%A3o,"A Primeira Divisão do Campeonato Italiano de Futebol da temporada 2025–26,, é a 124.ª edição da principal divisão do futebol italiano.","<p>A <b>Primeira Divisão do Campeonato Italiano de Futebol da temporada 2025–26</b>,, é a 124.ª edição da principal divisão do futebol italiano.</p>",https://upload.wikimedia.org/wikipedia/pt/e/e9/Serie_A_Enilive_logo.png,281,480,https://upload.wikimedia.org/wikipedia/pt/e/e9/Serie_A_Enilive_logo.png,281,480,pt,ltr,2025-12-09T11:43:23Z,,,"Milão-Cortina em 6 de fevereiro de <span class=""searchmatch"">2026</span>; As datas: o campeonato começa em 24 de agosto de 2025 e termina em 24 de maio de <span class=""searchmatch"">2026</span>. Ele só será interrompido pelas",51904,2177,,,natal 2026,pt
20,Quinho Futebol Clube,https://pt.wikipedia.org/wiki/Quinho_Futebol_Clube,https://pt.wikipedia.org/wiki/Quinho_Futebol_Clube,"O Quinho Futebol Clube, conhecido como QFC é um clube de futebol brasileiro fundado na cidade de Natal, com a sua atual sede na cidade de Parnamirim, no Rio Grande do Norte, fundado em 18 de novembro de 2023. Suas cores são o azul e o preto.","<p>O <b>Quinho Futebol Clube</b>, conhecido como <b>QFC</b> é um clube de futebol brasileiro fundado na cidade de Natal, com a sua atual sede na cidade de <span class=""mw-disambig"">Parnamirim</span>, no Rio Grande do Norte, fundado em 18 de novembro de 2023. Suas cores são o azul e o preto.</p>",https://upload.wikimedia.org/wikipedia/pt/thumb/0/04/Quinho_Futebol_Clube_SAF.png/330px-Quinho_Futebol_Clube_SAF.png,320,388,https://upload.wikimedia.org/wikipedia/pt/0/04/Quinho_Futebol_Clube_SAF.png,412,500,pt,ltr,2025-11-26T21:26:04Z,,,"conhecido como QFC é um clube de futebol brasileiro fundado na cidade de <span class=""searchmatch"">Natal</span>, com a sua atual sede na cidade de Parnamirim, no Rio Grande do Norte, fundado",6759,394,,,natal 2026,pt
