"title","developer","rating","ratings_count","reviews_count","installs","id","url","icon","headerImage","screenshots","video","videoImage","price","free","contentRating","contentRatingDescription","genre","genreId","familyGenre","familyGenreId","summary","description","descriptionHTML","updated","released","version","size","minInstalls","maxInstalls","score","developerId","developerEmail","developerWebsite","developerAddress","privacyPolicy","histogram","offersIAP","adSupported","recentChanges","permissions","whatsNew"
"Bybit: Compre Bitcoin & Cripto","Bybit","4.8","0","0","10.000.000+","com.bybit.app","","https://play-lh.googleusercontent.com/SJxOSA2a2WY2RYQKv99kKCQVVqA5tmgw2VHn_YY0gL4riv7eDDjZ46X5_6Jge-Ur8uo","","['https://play-lh.googleusercontent.com/BqrJBUVxMysOZVCeJVtS2AaarVjSacBCWVZqNiTz7bLhs0kTx4wTbSHkVjLMQ5jwl3E2ScEYf1Y9KO2KLCHmbQ', 'https://play-lh.googleusercontent.com/C1hV3UkbZNvHAQo9BG9dRtAG0bdqqRHJSVnAkm9YOQLzs4eKek602tVo9aJ0Ygx8OzfBxCQrYKa12ToqU2KK9A', 'https://play-lh.googleusercontent.com/GDinIddavizN3NWWLplQLR3_nhFSo34FnLexGIC9n-Y7qYgQO4Rt8LLhCSp8RPrYTwO4nPgHBazjEy78XGzXiA', 'https://play-lh.googleusercontent.com/5Rq66MNJ2M6frarCdUQzNLBx7UbltLMnjnIOCGSaa1Wrn39hfPtrLqxTbuDxQBAI7vJTR-KAGyfQ4DHQVpuUkw', 'https://play-lh.googleusercontent.com/VxB50hhmBXc5Qa6jeOyS0iHE0k3imQkgByvg20ADYmo1UGP2zfglFQ_2RquelSYrF04CD17bh-fi8aMhY2st', 'https://play-lh.googleusercontent.com/ntg1qDi9q1qvmVGeMxAvgHm8lPRKI1neAj1n_TuKN8mkl5pbVwY17yIcztf1_GbDrc0A0baQskDZq6bj5pBlsl0', 'https://play-lh.googleusercontent.com/Z4AyGKy6ehg52TStDowWgY54cWu0iHYP2DDyEOG5nWzCbTgXCXMSBNt_aomA2str2LCpnCC62dLJhbZfA03xRQ', 'https://play-lh.googleusercontent.com/o9IygB0AV00YeiDaZ7QHtdZIZuwq0F8v7S41pOJq92fXLKibDCnKshCw-OP1t_w0VMGEwudmPxVUOPcW0tKRjA', 'https://play-lh.googleusercontent.com/CxALKzuB_cTnM1n2mcksv1kLeo7V892twgIp_CYq6tp97ZFFucvdwQnjYRNaMn8DsjeZ4AXghib__qpvxmMjxEI', 'https://play-lh.googleusercontent.com/auZOYN0sjUJ_G1C0635wxqVcABIq4Mbm5D1RIYJ2CmXq2VtmrlKV504tJ2WuFZFcnjI3X0fZoubFfTMJ5zbWag', 'https://play-lh.googleusercontent.com/J7Ib9mYK9j5ucWNz0L_CFPMmZwR55SAfFO7t-o9_BCAlVMmaMitPAhdN7kXUfR3ruknVmaFprDIFqns9xijb4A', 'https://play-lh.googleusercontent.com/d035QLvXjjDI-7crJWe1GwSkCYfHsb1fngevbtIs4ZbArblFv7mJIPpd3AhMWr-x9YEJK_MGeTsrX2Us81fQ8g', 'https://play-lh.googleusercontent.com/aPgMOfOuL_A82t2kQfZISiew-p8YzB_ds0RvhKNIAtvgZhcVwacYAQsGCPF6nO8khW0CRgqdVLFMdU7DGeqrxTE', 'https://play-lh.googleusercontent.com/AKudFDih1parVaHPDjJgQ2lW1rcI2za5aVR9WsI4f96-firF7xx2SYerkU700BkHEN2RKDWM2Mss_53SWOD_Lko', 'https://play-lh.googleusercontent.com/o9IygB0AV00YeiDaZ7QHtdZIZuwq0F8v7S41pOJq92fXLKibDCnKshCw-OP1t_w0VMGEwudmPxVUOPcW0tKRjA', 'https://play-lh.googleusercontent.com/CxALKzuB_cTnM1n2mcksv1kLeo7V892twgIp_CYq6tp97ZFFucvdwQnjYRNaMn8DsjeZ4AXghib__qpvxmMjxEI', 'https://play-lh.googleusercontent.com/auZOYN0sjUJ_G1C0635wxqVcABIq4Mbm5D1RIYJ2CmXq2VtmrlKV504tJ2WuFZFcnjI3X0fZoubFfTMJ5zbWag', 'https://play-lh.googleusercontent.com/J7Ib9mYK9j5ucWNz0L_CFPMmZwR55SAfFO7t-o9_BCAlVMmaMitPAhdN7kXUfR3ruknVmaFprDIFqns9xijb4A', 'https://play-lh.googleusercontent.com/d035QLvXjjDI-7crJWe1GwSkCYfHsb1fngevbtIs4ZbArblFv7mJIPpd3AhMWr-x9YEJK_MGeTsrX2Us81fQ8g', 'https://play-lh.googleusercontent.com/aPgMOfOuL_A82t2kQfZISiew-p8YzB_ds0RvhKNIAtvgZhcVwacYAQsGCPF6nO8khW0CRgqdVLFMdU7DGeqrxTE', 'https://play-lh.googleusercontent.com/AKudFDih1parVaHPDjJgQ2lW1rcI2za5aVR9WsI4f96-firF7xx2SYerkU700BkHEN2RKDWM2Mss_53SWOD_Lko', 'https://play-lh.googleusercontent.com/VbhZdAJmFCk91K6RcwIwcSjM8w99EyCbNMF681ek0oSKHrVFPYdZrn9y96EwoEIuKZIQEozwWDhQwI7TESdeWl0']","https://www.youtube.com/embed/yjLxNvKF7b8?ps=play&vq=large&rel=0&autohide=1&showinfo=0","https://i.ytimg.com/vi/yjLxNvKF7b8/hqdefault.jpg","0","True","","","Finanças","","","","","Entre no mundo do Bitcoin e das criptomoedas com a Bybit

Junte-se a 78 milhões de usuários e experimente o trading de criptomoedas de forma integrada, segura e confiável. Negocie, gerencie e aumente seu portfólio de Bitcoin (BTC) e criptomoedas hoje mesmo com nossa simples e inovadora plataforma. Seja você um iniciante ou um profissional, ou esteja de olho em Bitcoin (BTC), Ethereum (ETH), Solana (SOL), Mantle (MNT) ou outras das principais criptomoedas, estamos aqui para tornar sua experiência de trading simples, segura e confiável.

Trading de Bitcoin e outras criptos simplificado
Nossa missão é simplificar a compra de criptomoedas populares, como Bitcoin (BTC), Ethereum (ETH), Ripple (XRP), Solana (SOL), Cardano (ADA), Chainlink (LINK), Polkadot (DOT), PEPE, Mantle (MNT), Litecoin (LTC), Dogecoin (DOGE) e Hedera (HBAR). Negocie com facilidade pares em Spot e Derivativos com moeda fiat ou criptomoedas, incluindo os contratos BTCUSDT, ETHUSDT e XRPUSDT.

Nossos recursos de trading
- Trading de Derivativos: Negocie Perpétuos, Futuros e Opções de forma simples com ferramentas avançadas de gerenciamento de risco.
 - Trading em Spot: Use recursos como Take Profit/Stop Loss (TP/SL) e maximize a eficiência das suas negociações.
- Negocie de forma fácil: Aproveite as oportunidades do mercado acelerado de Bitcoin (BTC) e de criptomoedas com facilidade.
- Grandes operações e monitor de posições: Acompanhe grandes negociações de Bitcoin (BTC) e criptomoedas com atualizações em tempo real.
- Cartão Bybit: Gaste seus Bitcoins (BTC), Ethereum (ETH), Solana (SOL), Mantle (MNT), USDT e outras criptomoedas em milhões de estabelecimentos comerciais online e físicos em todo o mundo para ganhar até 10% de cashback em criptomoedas.
- Bybit Pay: Envie ou gaste Bitcoin (BTC), Ethereum (ETH), Solana (SOL), Mantle (MNT) e outras criptomoedas instantaneamente — sem taxas de gás e com liquidação rápida e segura.
- Bybit Alpha: Acesso facilitado ao mundo do trading on-chain — conectando usuários da Bybit a DeFi, NFTs e dApps por meio de um ecossistema Web3 totalmente integrado.
- Gerenciamento de ativos da Bybit: Crie seu portfólio com ferramentas como Bybit Investimento e Mineração de liquidez e maximize seus ganhos de Bitcoin (BTC) e outras criptomoedas recém-listadas.
- Copy Trading Siga traders especializados e aplique as estratégias deles em suas negociações de Bitcoin (BTC) e outras criptomoedas.
- Mercado NFT da Bybit Compre, venda ou negocie NFTs com facilidade em um mercado em expansão.

Por que escolher a Bybit para suas negociações de Bitcoin e outras criptomoedas?

Trading instantâneo de cripto
Negocie Bitcoin (BTC), Ethereum (ETH), Ripple (XRP), Solana (SOL), Mantle (MNT) PEPE e outras criptomoedas instantaneamente usando cartões de crédito, transferências bancárias ou outros métodos de pagamento.

Experiência otimizada
Nossa interface de usuário simplificada para trading em Spot e Derivativos torna o trading de Bitcoin (BTC), Ethereum (ETH), Solana (SOL), Mantle (MNT) e outras criptomoedas mais fácil do que nunca.

Depósitos e transferências diretas
Transfira rapidamente as principais criptomoedas, como Bitcoin (BTC), Ethereum (ETH), Solana (SOL), Mantle (MNT) e Ripple (XRP), entre várias carteiras com opções completas de personalização.

Diversificação de portfólio
Negocie Bitcoin (BTC), Ethereum (ETH), Ripple (XRP), Solana (SOL), Mantle (MNT), PEPE e outras criptomoedas nos mercados Spot ou de Derivativos, com ofertas de tokens alavancados, empréstimos de cripto e trading de margem.

Nossos canais oficiais
Central de Anúncios Bybit: https://announcements.bybit.com/pt-BR
Bybit Blog: https://blog.bybit.com/pt-BR
Bybit Learn: https://learn.bybit.com Central de Ajuda Bybit: https://www.bybit.com/pt-BR/help-center

Faça parte da nossa comunidade
X: https://twitter.com/Bybit_Official 
Facebook: https://www.facebook.com/Bybit/ 
Instagram: https://www.instagram.com/bybit_official/ 
Telegram: https://t.me/BybitEnglish","Entre no mundo do Bitcoin e das criptomoedas com a Bybit<br><br>Junte-se a 78 milhões de usuários e experimente o trading de criptomoedas de forma integrada, segura e confiável. Negocie, gerencie e aumente seu portfólio de Bitcoin (BTC) e criptomoedas hoje mesmo com nossa simples e inovadora plataforma. Seja você um iniciante ou um profissional, ou esteja de olho em Bitcoin (BTC), Ethereum (ETH), Solana (SOL), Mantle (MNT) ou outras das principais criptomoedas, estamos aqui para tornar sua experiência de trading simples, segura e confiável.<br><br>Trading de Bitcoin e outras criptos simplificado<br>Nossa missão é simplificar a compra de criptomoedas populares, como Bitcoin (BTC), Ethereum (ETH), Ripple (XRP), Solana (SOL), Cardano (ADA), Chainlink (LINK), Polkadot (DOT), PEPE, Mantle (MNT), Litecoin (LTC), Dogecoin (DOGE) e Hedera (HBAR). Negocie com facilidade pares em Spot e Derivativos com moeda fiat ou criptomoedas, incluindo os contratos BTCUSDT, ETHUSDT e XRPUSDT.<br><br>Nossos recursos de trading<br>- Trading de Derivativos: Negocie Perpétuos, Futuros e Opções de forma simples com ferramentas avançadas de gerenciamento de risco.<br> - Trading em Spot: Use recursos como Take Profit/Stop Loss (TP/SL) e maximize a eficiência das suas negociações.<br>- Negocie de forma fácil: Aproveite as oportunidades do mercado acelerado de Bitcoin (BTC) e de criptomoedas com facilidade.<br>- Grandes operações e monitor de posições: Acompanhe grandes negociações de Bitcoin (BTC) e criptomoedas com atualizações em tempo real.<br>- Cartão Bybit: Gaste seus Bitcoins (BTC), Ethereum (ETH), Solana (SOL), Mantle (MNT), USDT e outras criptomoedas em milhões de estabelecimentos comerciais online e físicos em todo o mundo para ganhar até 10% de cashback em criptomoedas.<br>- Bybit Pay: Envie ou gaste Bitcoin (BTC), Ethereum (ETH), Solana (SOL), Mantle (MNT) e outras criptomoedas instantaneamente — sem taxas de gás e com liquidação rápida e segura.<br>- Bybit Alpha: Acesso facilitado ao mundo do trading on-chain — conectando usuários da Bybit a DeFi, NFTs e dApps por meio de um ecossistema Web3 totalmente integrado.<br>- Gerenciamento de ativos da Bybit: Crie seu portfólio com ferramentas como Bybit Investimento e Mineração de liquidez e maximize seus ganhos de Bitcoin (BTC) e outras criptomoedas recém-listadas.<br>- Copy Trading Siga traders especializados e aplique as estratégias deles em suas negociações de Bitcoin (BTC) e outras criptomoedas.<br>- Mercado NFT da Bybit Compre, venda ou negocie NFTs com facilidade em um mercado em expansão.<br><br>Por que escolher a Bybit para suas negociações de Bitcoin e outras criptomoedas?<br><br>Trading instantâneo de cripto<br>Negocie Bitcoin (BTC), Ethereum (ETH), Ripple (XRP), Solana (SOL), Mantle (MNT) PEPE e outras criptomoedas instantaneamente usando cartões de crédito, transferências bancárias ou outros métodos de pagamento.<br><br>Experiência otimizada<br>Nossa interface de usuário simplificada para trading em Spot e Derivativos torna o trading de Bitcoin (BTC), Ethereum (ETH), Solana (SOL), Mantle (MNT) e outras criptomoedas mais fácil do que nunca.<br><br>Depósitos e transferências diretas<br>Transfira rapidamente as principais criptomoedas, como Bitcoin (BTC), Ethereum (ETH), Solana (SOL), Mantle (MNT) e Ripple (XRP), entre várias carteiras com opções completas de personalização.<br><br>Diversificação de portfólio<br>Negocie Bitcoin (BTC), Ethereum (ETH), Ripple (XRP), Solana (SOL), Mantle (MNT), PEPE e outras criptomoedas nos mercados Spot ou de Derivativos, com ofertas de tokens alavancados, empréstimos de cripto e trading de margem.<br><br>Nossos canais oficiais<br>Central de Anúncios Bybit: https://announcements.bybit.com/pt-BR<br>Bybit Blog: https://blog.bybit.com/pt-BR<br>Bybit Learn: https://learn.bybit.com Central de Ajuda Bybit: https://www.bybit.com/pt-BR/help-center<br><br>Faça parte da nossa comunidade<br>X: https://twitter.com/Bybit_Official <br>Facebook: https://www.facebook.com/Bybit/ <br>Instagram: https://www.instagram.com/bybit_official/ <br>Telegram: https://t.me/BybitEnglish","","","","","0","0","4.790069","","","","","","{}","False","False","","[]",""
"Binance: Compre BTC e Cripto","Binance Inc.","4.8","0","0","100.000.000+","com.binance.dev","","https://play-lh.googleusercontent.com/PcxBU8KDqmJXKsCXVLTeQ9oenPmvmW091JpbBmrlID6gapbBr1qemZAVmHKZCalkvQ","","['https://play-lh.googleusercontent.com/vvhCQ-b0umkGCz3ZnpzRuc-RrVZ9khVAx9lmzNLKoIwavxGlC3inBHwdtt4eDpzSpRE', 'https://play-lh.googleusercontent.com/CFm7k9BLVBrJsbDU_CgiiRE1elhVEi34vdJby9h6A-EoH_p6iJyr_ezOX4DJXbnVmA', 'https://play-lh.googleusercontent.com/9g5okLXVfJmNsPfG1v6NlsjfgA92_XQODTtInhKqBgXnmdB94kComQK0OxAPpWDBc0g', 'https://play-lh.googleusercontent.com/gOSxPKYWxalBAWwJ10LNprdKfsra3bRZhI9gZafsou9W5MRN89ytNtQ0MLxwC5QGzg', 'https://play-lh.googleusercontent.com/DzZr6c4ob6OEPF7S0ZWBcpd-QcPc68evCCVlvDjmhCxydpVd8CDSyJj1RgFExXmhcgI', 'https://play-lh.googleusercontent.com/pHam03TfJSj43fjt6VwAHS7LSUaZzWrzRZsT_jZg_L2-_ge4L3_SDMN1OFv6lvxsEAM1', 'https://play-lh.googleusercontent.com/S4gIsB9Mh85qsn_q2BbzXuPtagEJ7_3YUSLW8ybL7kaVz28Ibjx72oRabn9BxzC7UMoU', 'https://play-lh.googleusercontent.com/9K9PPko2Q2-MHoSp04YxmuydGV-xOhdBb69jAb-JEjbZCcblGRXPf8_yoKT9S2aA1w', 'https://play-lh.googleusercontent.com/_hLrDusNJ4SVzTImFLq_3lz9b9JMVvgje7ySAaAAPf9ypWPhKHHa5CAAhKV3Ujb-Qpdv', 'https://play-lh.googleusercontent.com/Lrl4aZWuSY55cEo9-ExaRX3HwVN53AYQBXkh263S5Y_Ce_eyUXh2e5AisH7o-_Lw0Q', 'https://play-lh.googleusercontent.com/nX_Nrysjk6iU5hihQXcwo8hCqM2AgTXGuH6dLTPgVl_HKM0GSt7Y_Qgv0rsm5PAYCuI', 'https://play-lh.googleusercontent.com/tJIaKteRz9fYfYLfl05SO4iqZFCRtq0_EUvCuUojiqpieZ-fSdE500hBbowKcuPzKa7s', 'https://play-lh.googleusercontent.com/p-isLUhjUJyB6waUdC1Br3unkheh8-TP9MX2eN4nDZpBLh2RmmSq9Ly8CSdnjq3d-oo', 'https://play-lh.googleusercontent.com/AkIPqpp3cVfTGumAkZoSdju7BrQbC9xJ6491Ken_0pM8G0ow0gn_TZ0KdPeURqud3kK1', 'https://play-lh.googleusercontent.com/_YI2zhXBanf0M2T_wMUNPlejt41Gymt5wa9uE720P0UknWrZHVAG9qYw0pPGsAcC4FU', 'https://play-lh.googleusercontent.com/sWLcY_AQwb-oCo2xN1e2WEUwohpRoIopoVIynP3r7CwNKUO7ydyYl6BdtvnPz7nBjnM9', 'https://play-lh.googleusercontent.com/YPoLDfPb9-m6wQwjlu1VNQRuFpsil_8COc2kODxMflyemKcAd073zK3hf8vtzYcPGg']","https://www.youtube.com/embed/A33Noj53Ec4?ps=play&vq=large&rel=0&autohide=1&showinfo=0","https://i.ytimg.com/vi/A33Noj53Ec4/hqdefault.jpg","0","True","","","Finanças","","","","","Compre, venda e mantenha criptomoedas como Bitcoin (BTC), Ether (ETH), Solana (SOL), Notcoin (NOT) e Pepe (PEPE) com segurança e taxas de trading baixas. Usada por mais de 225 milhões de usuários em todo o mundo, a Binance é a maior corretora de criptomoedas* do mundo. Aqui está o porquê:

NEGOCIE SEUS TOKENS FAVORITOS E MAIS

Negocie mais de 350 criptomoedas listadas, incluindo Bitcoin (BTC) e Ether (ETH).
Acompanhe o mercado usando alertas de preços e negocie com ferramentas de negociação avançadas. 
Configure ordens recorrentes (DCA) para comprar criptomoedas a cada hora, dia, semana ou mês.
Aproveite a melhor liquidez em cada negociação de criptomoedas. 
Compre criptomoedas e adicione fundos na sua carteira em minutos com opções de pagamento flexíveis, incluindo cartão de crédito/débito, transferências bancárias e negociação ponto a ponto (P2P).
Encontre traders líderes e reproduza suas estratégias de negociação com um toque.

GANHE RECOMPENSAS DIÁRIAS COM SEUS ATIVOS PARADOS

Ganhe recompensas com staking e rendimento de farm. Aproveite os benefícios de fazer stake de criptomoedas em ativos populares como Bitcoin (BTC). 
Use o Investimento Automático para comprar criptomoedas e obter renda passiva ao mesmo tempo.**


CORRETORA DE CRIPTO SEGURA, CONFORME E REGULADA

A Binance é a corretora de criptomoedas mais regulamentada do mundo, com licenças, registros e aprovações em diversas jurisdições. 
Todos os fundos dos usuários são mantidos 1:1 em um Fundo Seguro de Ativos dos Usuários (SAFU) no valor de US$ 1 bilhão. 
Nosso sistema é protegido com medidas de segurança de última geração, incluindo monitoramento de riscos em tempo real, protocolos KYC rigorosos e criptografia avançada de dados de ponta a ponta.


GASTE E ENVIE SEU SALDO EM CRIPTO

Use os tokens da sua carteira para comprar passagens aéreas ou fazer compras em marcas que aceitam criptomoedas.
Faça transferências de criptomoedas seguras da sua carteira para amigos e familiares em todo o mundo. 


EXPLORE O MELHOR DA WEB3, CRIPTO E BLOCKCHAIN

Obtenha conteúdo personalizado Web3, blockchain e cripto. Disponível na página inicial do seu aplicativo. 
Participe das discussões da comunidade Binance sobre as últimas tendências de blockchain e criptomoedas.
Aprenda sobre criptomoedas com cursos e artigos sobre tópicos relacionados ao Bitcoin, trading e gerenciamento de suas finanças.
Ganhe recompensas em criptomoedas aprendendo e respondendo questionários sobre como funcionam certas criptomoedas. 
Use nossa carteira Web3 integrada para interagir com segurança com dApps, obter rendimento com DeFi e negociar mais de 10.000 tokens em diferentes blockchains.


ACESSE O ATENDIMENTO AO CLIENTE 24 horas por dia, 7 dias por semana
Deixe-nos ajudá-lo em sua jornada de criptomoedas, seja você um ávido negociante de criptomoedas ou um iniciante que deseja comprar Bitcoin.
Obtenha ajuda do suporte ao cliente por chat em tempo real 24 horas por dia, 7 dias por semana, disponível em 18 idiomas.
Aprenda como comprar Bitcoin, gerenciar sua carteira de criptomoedas e fazer sua primeira negociação de criptomoedas na Binance usando nossos guias de perguntas frequentes.

*por volume de trading - Fonte: https://coinmarketcap.com/rankings/exchanges/ 
**Isenção de responsabilidade de limitação de região: este é um anúncio geral. Os produtos e serviços mencionados aqui podem não estar disponíveis em sua região.
***Aplicativo Binance está disponível apenas para cidadãos e residentes de fora dos EUA. Para cidadãos e residentes dos EUA, instale o aplicativo da Binance.US.

Ainda indeciso? Baixe agora e descubra por que mais de 225 milhões de usuários escolhem a Binance para comprar criptomoedas, negociar mais de 350 criptomoedas e manter seus ativos com segurança. O aplicativo da Binance vai além do seu aplicativo de trading tradicional, permitindo que os usuários aprendam mais sobre blockchain, obtenham renda passiva por meio de staking e gastem suas criptomoedas.","Compre, venda e mantenha criptomoedas como Bitcoin (BTC), Ether (ETH), Solana (SOL), Notcoin (NOT) e Pepe (PEPE) com segurança e taxas de trading baixas. Usada por mais de 225 milhões de usuários em todo o mundo, a Binance é a maior corretora de criptomoedas* do mundo. Aqui está o porquê:<br><br>NEGOCIE SEUS TOKENS FAVORITOS E MAIS<br><br>Negocie mais de 350 criptomoedas listadas, incluindo Bitcoin (BTC) e Ether (ETH).<br>Acompanhe o mercado usando alertas de preços e negocie com ferramentas de negociação avançadas. <br>Configure ordens recorrentes (DCA) para comprar criptomoedas a cada hora, dia, semana ou mês.<br>Aproveite a melhor liquidez em cada negociação de criptomoedas. <br>Compre criptomoedas e adicione fundos na sua carteira em minutos com opções de pagamento flexíveis, incluindo cartão de crédito/débito, transferências bancárias e negociação ponto a ponto (P2P).<br>Encontre traders líderes e reproduza suas estratégias de negociação com um toque.<br><br>GANHE RECOMPENSAS DIÁRIAS COM SEUS ATIVOS PARADOS<br><br>Ganhe recompensas com staking e rendimento de farm. Aproveite os benefícios de fazer stake de criptomoedas em ativos populares como Bitcoin (BTC). <br>Use o Investimento Automático para comprar criptomoedas e obter renda passiva ao mesmo tempo.**<br><br><br>CORRETORA DE CRIPTO SEGURA, CONFORME E REGULADA<br><br>A Binance é a corretora de criptomoedas mais regulamentada do mundo, com licenças, registros e aprovações em diversas jurisdições. <br>Todos os fundos dos usuários são mantidos 1:1 em um Fundo Seguro de Ativos dos Usuários (SAFU) no valor de US$ 1 bilhão. <br>Nosso sistema é protegido com medidas de segurança de última geração, incluindo monitoramento de riscos em tempo real, protocolos KYC rigorosos e criptografia avançada de dados de ponta a ponta.<br><br><br>GASTE E ENVIE SEU SALDO EM CRIPTO<br><br>Use os tokens da sua carteira para comprar passagens aéreas ou fazer compras em marcas que aceitam criptomoedas.<br>Faça transferências de criptomoedas seguras da sua carteira para amigos e familiares em todo o mundo. <br><br><br>EXPLORE O MELHOR DA WEB3, CRIPTO E BLOCKCHAIN<br><br>Obtenha conteúdo personalizado Web3, blockchain e cripto. Disponível na página inicial do seu aplicativo. <br>Participe das discussões da comunidade Binance sobre as últimas tendências de blockchain e criptomoedas.<br>Aprenda sobre criptomoedas com cursos e artigos sobre tópicos relacionados ao Bitcoin, trading e gerenciamento de suas finanças.<br>Ganhe recompensas em criptomoedas aprendendo e respondendo questionários sobre como funcionam certas criptomoedas. <br>Use nossa carteira Web3 integrada para interagir com segurança com dApps, obter rendimento com DeFi e negociar mais de 10.000 tokens em diferentes blockchains.<br><br><br>ACESSE O ATENDIMENTO AO CLIENTE 24 horas por dia, 7 dias por semana<br>Deixe-nos ajudá-lo em sua jornada de criptomoedas, seja você um ávido negociante de criptomoedas ou um iniciante que deseja comprar Bitcoin.<br>Obtenha ajuda do suporte ao cliente por chat em tempo real 24 horas por dia, 7 dias por semana, disponível em 18 idiomas.<br>Aprenda como comprar Bitcoin, gerenciar sua carteira de criptomoedas e fazer sua primeira negociação de criptomoedas na Binance usando nossos guias de perguntas frequentes.<br><br>*por volume de trading - Fonte: https://coinmarketcap.com/rankings/exchanges/ <br>**Isenção de responsabilidade de limitação de região: este é um anúncio geral. Os produtos e serviços mencionados aqui podem não estar disponíveis em sua região.<br>***Aplicativo Binance está disponível apenas para cidadãos e residentes de fora dos EUA. Para cidadãos e residentes dos EUA, instale o aplicativo da Binance.US.<br><br>Ainda indeciso? Baixe agora e descubra por que mais de 225 milhões de usuários escolhem a Binance para comprar criptomoedas, negociar mais de 350 criptomoedas e manter seus ativos com segurança. O aplicativo da Binance vai além do seu aplicativo de trading tradicional, permitindo que os usuários aprendam mais sobre blockchain, obtenham renda passiva por meio de staking e gastem suas criptomoedas.","","","","","0","0","4.7946844","","","","","","{}","False","False","","[]",""
"Coinbase: Bitcoin & Ethereum","Coinbase Inc","4.6","0","0","50.000.000+","com.coinbase.android","","https://play-lh.googleusercontent.com/PjoJoG27miSglVBXoXrxBSLveV6e3EeBPpNY55aiUUBM9Q1RCETKCOqdOkX2ZydqVf0","","['https://play-lh.googleusercontent.com/YLufhIWV2OVrk7ZH1EqzXsnpvWh-YC2SfqQ-ss-TLQyvGGyb9qSiIGV-tZThgujtEw', 'https://play-lh.googleusercontent.com/QKy2TrOfde1TzXfgzGIrgIhcxxKSXeTE-j75p132jDkkh3e98NSX2qRBMxusWoNu5A', 'https://play-lh.googleusercontent.com/RIH9-meMhJqs0be7Ip-hz_PHZZZ0_e8MiwIBdTQamdMNrmLrrQRDs3rFWD_q6yG_Tg', 'https://play-lh.googleusercontent.com/lVOX5H4hH2dtVDGM-T4_TM_5GStytv6YUV_B87_irI34xD57-TSz3wZ_cQsSz4IwLP3R', 'https://play-lh.googleusercontent.com/WClVNTJPiiw_zvZUvJxaMnYi49VQGjlx_0CvOocpWuOSEsf1UNd4bV0eN2YaVEhKnvk', 'https://play-lh.googleusercontent.com/ugRq542uFxP0KMrAZCvGPOqtInC4rplMfNeCDkwBa09-u1ZaxI1v-W7LhoYLtlKdwuX5', 'https://play-lh.googleusercontent.com/en2GK3lyzFXplv-rMvd5E5cIhBUQXWNU5nN3GfwFcaJmghHTbFYEPAVE9meLceBq338']","","","0","True","","","Finanças","","","","","A Coinbase é a maior exchange dos Estados Unidos, e a única listada na NASDAQ (Bolsa de Nova York). Como a única empresa de cripto parte do S&P 500, estamos moldando o futuro do dinheiro com mais segurança. Compre, venda e faça trade de Bitcoin, USDC, Ethereum e mais de 260 moedas com uma interface simples. 

Ativos suportados
Bitcoin (BTC), Ethereum (ETH), XRP (XRP), USD Coin (USDC)¹, Cardano (ADA), Polygon (MATIC), Polkadot (DOT), Solana (SOL), Tether (USDT), Dai (DAI), VeThor Token (VTHO), Pepe (PEPE), SHIBA INU (SHIB), Dogecoin (DOGE), e mais de 250 outros ativos.

O que a Coinbase oferece:

COMPRE, VENDA E GERENCIE CRIPTO COM MAIS SEGURANÇA
- Compre cripto a partir de R$10, via Pix, em segundos.
- Envie e receba cripto de forma segura e sem complicações.
- Faça staking de cripto e ganhe rendimentos com criptos como Ethereum e Solana¹
- Ganhe recompensas com stablecoins como USDC²
- Configure compras automáticas ou recorrentes com facilidade.
- Transfira cripto internacionalmente sem obstáculos.
- Indique amigos e ganhe recompensas em cripto.
- Coinbase One: Negociação com taxa zero, recompensas de staking e USDC aumentadas, suporte prioritário e muito mais.³

MODO AVANÇADO PARA TRADERS, SEM CUSTO
- Gráficos avançados do TradingView.
- Negociação de Spot e futuros, com pool de Liquidez em 552 mercados.
- Saldo em USDC, com rendimentos diários em dólar.
- Indicadores técnicos e listas de observação personalizadas.
- Taxas mais competitivas baseadas em volume.

EXCHANGE DE CRIPTO SEGURA E REGULADA
- A Coinbase é a única exchange de cripto de capital aberto com sede nos EUA (NASDAQ: COIN).
- Única empresa cripto parte do S&P 500.
- Todos os ativos dos clientes são mantidos 1:1, e nunca negociamos contra nossos clientes nem alavancamos seus fundos sem consentimento.
- Nossas finanças são públicas e auditadas trimestralmente por uma das 4 maiores empresas de contabilidade.
- Segurança e criptografia de ponta são o núcleo da nossa plataforma, e nossa equipe de segurança trabalha continuamente para garantir que você e seus ativos estejam protegidos contra novas ameaças.
- Oferecemos recursos de segurança poderosos para todos os nossos usuários, como autenticação de dois fatores automática (com suporte para chave de segurança), proteção com senha e retiradas com múltiplas aprovações no Coinbase Vault.


PRECISA DE MAIS AJUDA?
Visite help.coinbase.com para obter informações e entrar em contato com o Suporte da Coinbase.

PRIVACIDADE
Consulte a política de privacidade legal da Coinbase em https://www.coinbase.com/legal/privacy.

—
Coinbase Brasil LTDA
Alameda Santos 2300 Conj 11 Parte
Cerqueira Cesar
São Paulo SP
01418-200
—
¹ Disponível em territórios selecionados.
² Ao adquirir USDC, você será inscrito automaticamente para receber recompensas. Você pode cancelar a inscrição a qualquer momento. A taxa de recompensas está sujeita a alterações. Os clientes poderão ver as últimas taxas aplicáveis diretamente em suas contas.
³ A assinatura do Coinbase One é renovada automaticamente e exige pagamentos recorrentes. Os benefícios variam conforme a região. Negociação com taxa zero: Coinbase Advanced excluído; aplica-se um spread.

Você ganha recompensas diretamente do protocolo, não da Coinbase. A Coinbase funciona apenas como prestadora de serviços, realizando a conexão entre você, os validadores e o protocolo. Repassamos quaisquer recompensas obtidas com staking, descontando uma tarifa Coinbase transparente.","A Coinbase é a maior exchange dos Estados Unidos, e a única listada na NASDAQ (Bolsa de Nova York). Como a única empresa de cripto parte do S&amp;P 500, estamos moldando o futuro do dinheiro com mais segurança. Compre, venda e faça trade de Bitcoin, USDC, Ethereum e mais de 260 moedas com uma interface simples. <br><br>Ativos suportados<br>Bitcoin (BTC), Ethereum (ETH), XRP (XRP), USD Coin (USDC)¹, Cardano (ADA), Polygon (MATIC), Polkadot (DOT), Solana (SOL), Tether (USDT), Dai (DAI), VeThor Token (VTHO), Pepe (PEPE), SHIBA INU (SHIB), Dogecoin (DOGE), e mais de 250 outros ativos.<br><br>O que a Coinbase oferece:<br><br>COMPRE, VENDA E GERENCIE CRIPTO COM MAIS SEGURANÇA<br>- Compre cripto a partir de R$10, via Pix, em segundos.<br>- Envie e receba cripto de forma segura e sem complicações.<br>- Faça staking de cripto e ganhe rendimentos com criptos como Ethereum e Solana¹<br>- Ganhe recompensas com stablecoins como USDC²<br>- Configure compras automáticas ou recorrentes com facilidade.<br>- Transfira cripto internacionalmente sem obstáculos.<br>- Indique amigos e ganhe recompensas em cripto.<br>- Coinbase One: Negociação com taxa zero, recompensas de staking e USDC aumentadas, suporte prioritário e muito mais.³<br><br>MODO AVANÇADO PARA TRADERS, SEM CUSTO<br>- Gráficos avançados do TradingView.<br>- Negociação de Spot e futuros, com pool de Liquidez em 552 mercados.<br>- Saldo em USDC, com rendimentos diários em dólar.<br>- Indicadores técnicos e listas de observação personalizadas.<br>- Taxas mais competitivas baseadas em volume.<br><br>EXCHANGE DE CRIPTO SEGURA E REGULADA<br>- A Coinbase é a única exchange de cripto de capital aberto com sede nos EUA (NASDAQ: COIN).<br>- Única empresa cripto parte do S&amp;P 500.<br>- Todos os ativos dos clientes são mantidos 1:1, e nunca negociamos contra nossos clientes nem alavancamos seus fundos sem consentimento.<br>- Nossas finanças são públicas e auditadas trimestralmente por uma das 4 maiores empresas de contabilidade.<br>- Segurança e criptografia de ponta são o núcleo da nossa plataforma, e nossa equipe de segurança trabalha continuamente para garantir que você e seus ativos estejam protegidos contra novas ameaças.<br>- Oferecemos recursos de segurança poderosos para todos os nossos usuários, como autenticação de dois fatores automática (com suporte para chave de segurança), proteção com senha e retiradas com múltiplas aprovações no Coinbase Vault.<br><br><br>PRECISA DE MAIS AJUDA?<br>Visite help.coinbase.com para obter informações e entrar em contato com o Suporte da Coinbase.<br><br>PRIVACIDADE<br>Consulte a política de privacidade legal da Coinbase em https://www.coinbase.com/legal/privacy.<br><br>—<br>Coinbase Brasil LTDA<br>Alameda Santos 2300 Conj 11 Parte<br>Cerqueira Cesar<br>São Paulo SP<br>01418-200<br>—<br>¹ Disponível em territórios selecionados.<br>² Ao adquirir USDC, você será inscrito automaticamente para receber recompensas. Você pode cancelar a inscrição a qualquer momento. A taxa de recompensas está sujeita a alterações. Os clientes poderão ver as últimas taxas aplicáveis diretamente em suas contas.<br>³ A assinatura do Coinbase One é renovada automaticamente e exige pagamentos recorrentes. Os benefícios variam conforme a região. Negociação com taxa zero: Coinbase Advanced excluído; aplica-se um spread.<br><br>Você ganha recompensas diretamente do protocolo, não da Coinbase. A Coinbase funciona apenas como prestadora de serviços, realizando a conexão entre você, os validadores e o protocolo. Repassamos quaisquer recompensas obtidas com staking, descontando uma tarifa Coinbase transparente.","","","","","0","0","4.637986","","","","","","{}","False","False","","[]",""
"Crypto.com - Compre BTC, CRO","Crypto Technology Holdings Limited","4.5","0","0","10.000.000+","co.mona.android","","https://play-lh.googleusercontent.com/OhMXdCWVlKDPK-sMeMyd2PjwvFQ8d1gt5xLYtPVSyvLWxalI6bJpQz2sqGIZDIDXM4Y","","['https://play-lh.googleusercontent.com/DBqmi77sMZxsn1VP1ydz1cBwr1lIvqEX-Toi7Eoe_joZmhVvTEiOo56N21D7j_iCtQ', 'https://play-lh.googleusercontent.com/lFWTa3jkEtYwE-bFvshy3oF1trh08rBK9-1lZQXzeYuUsyFx1DeoybkiKz_XvYiTy1g', 'https://play-lh.googleusercontent.com/5EoxQXYf_hwA_Q9kb8FJaUdksFDcZcs94dVsufOLj0oi2uj5-8DjKVwrPBLSJYrngNcu', 'https://play-lh.googleusercontent.com/Rrr-pNljoVVXMyLByMLDl1qCxZbrR81invm9PHXsVhOhaWLKwDviJHt36J18My-wIQ', 'https://play-lh.googleusercontent.com/qpsyGPqGnqs8M64Buyq2gwX2cdB6rxc_8lvxkGgyTmtjJXUDo8Zb4wbitqgZMD9P0lQ', 'https://play-lh.googleusercontent.com/m8Wj3L80DL4ChC8ZzZ5inNrFFBZhI3HvJBbxM3kiueSl91h1BE5sefRSs2N8QB8s8n02', 'https://play-lh.googleusercontent.com/oo5Ph0bKNsu6dxmoBC1lhHEowZHl81vvdNQ9Kob1yn3PVwysUxmtbtt4vFtvL3MwEc4', 'https://play-lh.googleusercontent.com/lNw5XikSyk5q14hDQMVevEGrZ0LiO_k98GzMmCQXd2Fa2_eEWqErI9VWHAPYxMcMJwaO']","https://www.youtube.com/embed/lU8XncNdww8?ps=play&vq=large&rel=0&autohide=1&showinfo=0","https://i.ytimg.com/vi/lU8XncNdww8/hqdefault.jpg","0","True","","","Finanças","","","","","A Crypto.com tem a confiança de mais de 150 milhões de usuários. Negocie com segurança, com certificações de segurança e conformidade de ponta.

Negociação de Criptomoedas

● 	Negocie BTC, ETH, SOL, CRO, XRP, e mais de 400 criptomoedas
● 	Compre e venda criptomoedas populares, incluindo Bitcoin e Ethereum, com BRL ou cartão de crédito.
● 	Configure compras recorrentes de criptomoedas diariamente, semanalmente ou mensalmente utilizando ferramentas de negociação fáceis de usar.

Apresentamos o Level Up renovado, com zero taxas de negociação* e planos de assinatura a partir de US$3,99/mês.

Além disso, obtenha benefícios em Cripto e Cartões.

Principais alterações:

Benefícios aprimorados: aproveite taxa de negociação zero* e vantagens exclusivas em Cripto e Cartões.

Mais acessível: planos de assinatura a partir de US$ 3,99/mês.
Estrutura simplificada: agora, apenas três planos claros — Plus, Pro e Private.

Flexibilidade total: Assine o plano anual e testre grátis por 30 dias.
 
* Podem ainda aplicar-se outras taxas de transação e spread.
**Disponibilidade e termos sujeitos a termos legais e restrições de jurisdição. Consulte o website da Crypto.com da sua região para saber mais.

Cartão Global Crypto.com - Até 5% de cashback em CRO em todas as compras

● 	Carregue com dólares digitais (USDC) - e outras criptos - e gaste sem incidência de IOF
● 	Reembolsos de assinatura em streamings de música, filmes e compras*** com cartões selecionados.
● 	Acesso a mais de 1400 salas VIP em aeroportos com cartões selecionados.
● 	Aceito por mais de 80 milhões de estabelecimentos em 200+ países e territórios 

Crypto.com Pay

● 	Pague com mais de 30 criptomoedas, incluindo BTC, ETH, CRO e DOGE, e ganhe recompensas.

***Estas ofertas são fornecidas pela Crypto.com de forma independente, sem parceria com comerciantes. A Crypto.com reserva-se o direito de as modificar a qualquer momento.
 
A disponibilidade dos produtos e serviços na App Crypto.com e quaisquer funcionalidades específicas de tais produtos ou serviços está sujeita a limitações jurisdicionais e aos termos e condições aplicáveis. A Crypto.com pode não oferecer determinados produtos, funcionalidades e/ou serviços na App Crypto.com em certas jurisdições devido a restrições regulamentares potenciais ou efetivas.

A App Crypto.com é oferecida no EEE pela Foris DAX MT Limited, uma empresa constituída em Malta com o número de registo de empresa C 88392 e sede registada no Level 7, Spinola Park, Triq Mikiel Ang Borg, SPK 1000, St. Julians, Malta, operando sob o nome Crypto.com e autorizada pela Autoridade de Serviços Financeiros de Malta como Prestador de Serviços de Criptoativos nos termos do Regulamento 2023/1114 sobre Mercados de Criptoativos conforme implementado em Malta pela Lei dos Mercados de Criptoativos para prestar os seguintes serviços: 1. Troca de criptoativos por fundos; 2. Troca de criptoativos por outros cripto-ativos; 3. Receção e transmissão de ordens de criptoativos em nome de clientes; 4. Execução de ordens de criptoativos em nome de clientes; 5. Serviços de transferência de criptoativos em nome de clientes; e 6. Custódia e administração de criptoativos em nome de clientes.

O cartão pré-pago Visa da Crypto.com é emitido e promovido pela Foris MT Limited ao abrigo da sua licença de Membro Principal Visa (emissão). A Foris MT Limited é uma sociedade de responsabilidade limitada constituída em Malta, com número de registo de empresa C 90348 e sede registada no Level 7, Spinola Park, Triq Mikiel Ang Borg, SPK 1000, St. Julians, Malta, devidamente autorizada pela Autoridade de Serviços Financeiros de Malta como Instituição Financeira licenciada para emitir moeda eletrónica ao abrigo do 3.º Anexo da Lei das Instituições Financeiras (Instituições de Moeda Eletrónica).

Quaisquer outros produtos ou serviços oferecidos e anunciados no website ou na App Crypto.com são fornecidos por outras empresas do grupo e não se enquadram nos serviços regulamentados da Foris DAX MT Limited.","A Crypto.com tem a confiança de mais de 150 milhões de usuários. Negocie com segurança, com certificações de segurança e conformidade de ponta.<br><br>Negociação de Criptomoedas<br><br>● 	Negocie BTC, ETH, SOL, CRO, XRP, e mais de 400 criptomoedas<br>● 	Compre e venda criptomoedas populares, incluindo Bitcoin e Ethereum, com BRL ou cartão de crédito.<br>● 	Configure compras recorrentes de criptomoedas diariamente, semanalmente ou mensalmente utilizando ferramentas de negociação fáceis de usar.<br><br>Apresentamos o Level Up renovado, com zero taxas de negociação* e planos de assinatura a partir de US$3,99/mês.<br><br>Além disso, obtenha benefícios em Cripto e Cartões.<br><br>Principais alterações:<br><br>Benefícios aprimorados: aproveite taxa de negociação zero* e vantagens exclusivas em Cripto e Cartões.<br><br>Mais acessível: planos de assinatura a partir de US$ 3,99/mês.<br>Estrutura simplificada: agora, apenas três planos claros — Plus, Pro e Private.<br><br>Flexibilidade total: Assine o plano anual e testre grátis por 30 dias.<br> <br>* Podem ainda aplicar-se outras taxas de transação e spread.<br>**Disponibilidade e termos sujeitos a termos legais e restrições de jurisdição. Consulte o website da Crypto.com da sua região para saber mais.<br><br>Cartão Global Crypto.com - Até 5% de cashback em CRO em todas as compras<br><br>● 	Carregue com dólares digitais (USDC) - e outras criptos - e gaste sem incidência de IOF<br>● 	Reembolsos de assinatura em streamings de música, filmes e compras*** com cartões selecionados.<br>● 	Acesso a mais de 1400 salas VIP em aeroportos com cartões selecionados.<br>● 	Aceito por mais de 80 milhões de estabelecimentos em 200+ países e territórios <br><br>Crypto.com Pay<br><br>● 	Pague com mais de 30 criptomoedas, incluindo BTC, ETH, CRO e DOGE, e ganhe recompensas.<br><br>***Estas ofertas são fornecidas pela Crypto.com de forma independente, sem parceria com comerciantes. A Crypto.com reserva-se o direito de as modificar a qualquer momento.<br> <br>A disponibilidade dos produtos e serviços na App Crypto.com e quaisquer funcionalidades específicas de tais produtos ou serviços está sujeita a limitações jurisdicionais e aos termos e condições aplicáveis. A Crypto.com pode não oferecer determinados produtos, funcionalidades e/ou serviços na App Crypto.com em certas jurisdições devido a restrições regulamentares potenciais ou efetivas.<br><br>A App Crypto.com é oferecida no EEE pela Foris DAX MT Limited, uma empresa constituída em Malta com o número de registo de empresa C 88392 e sede registada no Level 7, Spinola Park, Triq Mikiel Ang Borg, SPK 1000, St. Julians, Malta, operando sob o nome Crypto.com e autorizada pela Autoridade de Serviços Financeiros de Malta como Prestador de Serviços de Criptoativos nos termos do Regulamento 2023/1114 sobre Mercados de Criptoativos conforme implementado em Malta pela Lei dos Mercados de Criptoativos para prestar os seguintes serviços: 1. Troca de criptoativos por fundos; 2. Troca de criptoativos por outros cripto-ativos; 3. Receção e transmissão de ordens de criptoativos em nome de clientes; 4. Execução de ordens de criptoativos em nome de clientes; 5. Serviços de transferência de criptoativos em nome de clientes; e 6. Custódia e administração de criptoativos em nome de clientes.<br><br>O cartão pré-pago Visa da Crypto.com é emitido e promovido pela Foris MT Limited ao abrigo da sua licença de Membro Principal Visa (emissão). A Foris MT Limited é uma sociedade de responsabilidade limitada constituída em Malta, com número de registo de empresa C 90348 e sede registada no Level 7, Spinola Park, Triq Mikiel Ang Borg, SPK 1000, St. Julians, Malta, devidamente autorizada pela Autoridade de Serviços Financeiros de Malta como Instituição Financeira licenciada para emitir moeda eletrónica ao abrigo do 3.º Anexo da Lei das Instituições Financeiras (Instituições de Moeda Eletrónica).<br><br>Quaisquer outros produtos ou serviços oferecidos e anunciados no website ou na App Crypto.com são fornecidos por outras empresas do grupo e não se enquadram nos serviços regulamentados da Foris DAX MT Limited.","","","","","0","0","4.4964514","","","","","","{}","False","False","","[]",""
"App cripto Ledger Wallet™","Ledger","4.7","0","0","1.000.000+","com.ledger.live","","https://play-lh.googleusercontent.com/mHjR3KaAMw3RGA15-t8gXNAy_Onr4ZYUQ07Z9fG2vd51IXO5rd7wtdqEWbNMPTgdqrk","","['https://play-lh.googleusercontent.com/zRcAeI-YEkRQXlCRKXr3ATvpmRsiZHl5HDt-CQIf2axBOtOkQTWzfJDTjYCOBVPAzv_yjiJ-OG_nW5THDO-n', 'https://play-lh.googleusercontent.com/hE08f3Kiyg8Ebp0NFDEoqzbXpnkg_SuL2UQrIcqGioNxXQ7PNxm-3IgsdLLeAM1mMM68zBomjzbkJItd1JmuBw', 'https://play-lh.googleusercontent.com/7fx0v3POm54YE-0tb2qjtNXBceE_buLs6EcqaINvMrh1gaoAeSWVCpY8DIo4MdIjX-TiEsImTL2tpUuEeLk3Ng', 'https://play-lh.googleusercontent.com/AfYmrAMEcDtF19OvKp8U6vjpJk88TJXMRANz0gO5UcZf2Bf-LG0RuN9cm1P3KBsizsHvo_z99EDm5roxdlXMjA', 'https://play-lh.googleusercontent.com/4z--yMXac9dGhRUu9V3o5Pi33FbNk3jnsLlO1e-URV3IleJgZyRJ9PAveSH1huuz5Nt9NUbwwsUXom61S-8TVA', 'https://play-lh.googleusercontent.com/C7IyU0eJ2PPnh2_utaUFLL-5h64vvWqvpoQFricAulWhLDzSS3nbx4FdsDh9wdV1jlREty36zyxPZtMoYFCW', 'https://play-lh.googleusercontent.com/lgrz-52H_4nwP4HGh-2wdrZ8qSnbIIdL9rco8M04DY5cRfs3XDP6MNvOJZriaj3TTy3rcVipG0kh7Mw7_0mBySo', 'https://play-lh.googleusercontent.com/S0WTUDzC1auwGQh8l2coICMblqbtmUsfqb2GILuCchfPz8D2xQ6Me4O93QvFwTfrYKZSLUOYijv9kibobDUm', 'https://play-lh.googleusercontent.com/JdWKFMYQWxpGUCy03FdNZwn9ROXn2-TeXYJsEWbXG_eOhJpLSpjiezRvwAwDlMmnAjSjlNmhEc5CgGB-ggQtlkk']","https://www.youtube.com/embed/0_5P8WH2ToY?ps=play&vq=large&rel=0&autohide=1&showinfo=0","https://i.ytimg.com/vi/0_5P8WH2ToY/hqdefault.jpg","0","True","","","Finanças","","","","","O app de carteira de criptomoedas completo
Faça mais com sua cripto de um jeito fácil e seguro. Antes conhecido como Ledger Live™, esta solução completa oferece a você simplicidade e segurança para gerenciar uma seleção cada vez maior de ativos digitais em um único ecossistema. Mais do que à prova de hacking, esta é a solução cripto completa para enviar, receber, comprar, vender, trocar, fazer staking e usar cripto cotidianamente, desfrutando da real propriedade e controle.

Segurança incomparável confiada por milhões
Junte-se à comunidade global que utiliza este app diariamente para acessar serviços e provedores. Combinado a um dispositivo hardware Ledger, agora chamado de autenticador, suas chaves privadas ficam offline e protegidas pelas inovações de segurança mais recentes, incluindo a Assinatura Transparente e o Transaction Check.

Visão 360º com insights em tempo real
Monitore as tendências do mercado e o seu portfolio visualizando todos os seus ativos e opções. Gerencie transações cross-chain facilmente. Tome decisões informadas para otimizar sua rentabilidade com alertas de preço oportunos. Compare taxas e condições de pagamento. Escolha o melhor momento e provedor de serviços para cada decisão com clareza.

Seu portal para a liberdade financeira
Você decide se, quando e como você quer agir, entre milhares de moedas e tokens incluindo BTC, ETH, XRP, USDT, USDC, SOL e mais*. Aproveite os agregadores CEX e DEX mais populares. Use recursos avançados como bridges e proteção MEV para descobrir oportunidades e gerenciar riscos com eficiência. Escolha entre diferentes provedores de serviços confiáveis com preços competitivos.

Multiplique seu portfolio
Coloque sua cripto para trabalhar fazendo staking de ETH, SOL, ATOM, DOT, TON, stablecoins e mais** com provedores confiáveis como Lido, Kiln e Figment, enquanto mantém total controle sobre suas chaves privadas e sua carteira cripto. Personalize sua estratégia de rendimentos, minimize riscos e maximize o potencial de ganhos.

Compre com cripto no mundo todo***
Converta cripto instantaneamente para moedas locais ao finalizar compras, compre em 90 milhões de lojas físicas e online. Ganhe cashback de forma flexível. Escolha o cartão que melhor se adequa ao seu estilo de vida e suas prioridades. Use cripto como garantia com taxas a partir de 0%.

Explore as DeFi
Expanda seu horizonte na Seção Explorar onde você pode navegar por uma seleção de DApps em um espaço transparente e livre de censura. Faça mais com estas ferramentas poderosas no espaço seguro Ledger.

Exiba suas artes digitais e colecionáveis
Construa sua galeria pessoal de NFTs. Compre, venda, crie e organize seus NFTs em marketplaces especializadas.

Criptos compatíveis*
Bitcoin (BTC), Ethereum (ETH), Solana (SOL), Ripple (XRP), Binance Coin (BNB), Tether (USDT), USD Coin (USDC), Dogecoin (DOGE), Tron (TRX), Cardano (ADA), SUI, Chainlink (LINK), Avalanche (AVAX), Stellar (XLM), Bitcoin Cash (BCH), The Open Network (TON), Shiba Inu (SHIB), Hedera (HBAR), Litecoin (LTC), Polkadot (DOT), PEPE, AAVE, Uniswap (UNI), Polygon (POL) (antiga MATIC), Ethereum Classic (ETC), Cosmos (ATOM), Aptos (APT), Cronos (CRO), Quant (QNT), Algorand (ALGO) e muito mais, além de todos os tokens ERC-20 e BEP-20.

Compatibilidade****
App Ledger Wallet™, antigo Ledger Live™, é totalmente compatível com todos os autenticadores Ledger via Bluetooth®.

*Os serviços de transação de criptomoedas são fornecidos por provedores terceirizados. A Ledger não dá conselhos nem recomendações sobre como usar esses serviços de terceiros.
**Use os serviços de staking por sua conta e risco. *Recompensas não são garantidas.
***Sujeito à disponibilidade no seu país.
****Sujeito à alterações.
**** LEDGER™ LEDGER WALLET™ LEDGER LIVE™ LEDGER STAX™ LEDGER FLEX™ LEDGER NANO™ são marcas registradas da Ledger SAS. A fonte e logos Bluetooth® são marcas registradas da Bluetooth SIG, Inc. e qualquer uso dessas marcas pela Ledger ocorre sob licença.","O app de carteira de criptomoedas completo<br>Faça mais com sua cripto de um jeito fácil e seguro. Antes conhecido como Ledger Live™, esta solução completa oferece a você simplicidade e segurança para gerenciar uma seleção cada vez maior de ativos digitais em um único ecossistema. Mais do que à prova de hacking, esta é a solução cripto completa para enviar, receber, comprar, vender, trocar, fazer staking e usar cripto cotidianamente, desfrutando da real propriedade e controle.<br><br>Segurança incomparável confiada por milhões<br>Junte-se à comunidade global que utiliza este app diariamente para acessar serviços e provedores. Combinado a um dispositivo hardware Ledger, agora chamado de autenticador, suas chaves privadas ficam offline e protegidas pelas inovações de segurança mais recentes, incluindo a Assinatura Transparente e o Transaction Check.<br><br>Visão 360º com insights em tempo real<br>Monitore as tendências do mercado e o seu portfolio visualizando todos os seus ativos e opções. Gerencie transações cross-chain facilmente. Tome decisões informadas para otimizar sua rentabilidade com alertas de preço oportunos. Compare taxas e condições de pagamento. Escolha o melhor momento e provedor de serviços para cada decisão com clareza.<br><br>Seu portal para a liberdade financeira<br>Você decide se, quando e como você quer agir, entre milhares de moedas e tokens incluindo BTC, ETH, XRP, USDT, USDC, SOL e mais*. Aproveite os agregadores CEX e DEX mais populares. Use recursos avançados como bridges e proteção MEV para descobrir oportunidades e gerenciar riscos com eficiência. Escolha entre diferentes provedores de serviços confiáveis com preços competitivos.<br><br>Multiplique seu portfolio<br>Coloque sua cripto para trabalhar fazendo staking de ETH, SOL, ATOM, DOT, TON, stablecoins e mais** com provedores confiáveis como Lido, Kiln e Figment, enquanto mantém total controle sobre suas chaves privadas e sua carteira cripto. Personalize sua estratégia de rendimentos, minimize riscos e maximize o potencial de ganhos.<br><br>Compre com cripto no mundo todo***<br>Converta cripto instantaneamente para moedas locais ao finalizar compras, compre em 90 milhões de lojas físicas e online. Ganhe cashback de forma flexível. Escolha o cartão que melhor se adequa ao seu estilo de vida e suas prioridades. Use cripto como garantia com taxas a partir de 0%.<br><br>Explore as DeFi<br>Expanda seu horizonte na Seção Explorar onde você pode navegar por uma seleção de DApps em um espaço transparente e livre de censura. Faça mais com estas ferramentas poderosas no espaço seguro Ledger.<br><br>Exiba suas artes digitais e colecionáveis<br>Construa sua galeria pessoal de NFTs. Compre, venda, crie e organize seus NFTs em marketplaces especializadas.<br><br>Criptos compatíveis*<br>Bitcoin (BTC), Ethereum (ETH), Solana (SOL), Ripple (XRP), Binance Coin (BNB), Tether (USDT), USD Coin (USDC), Dogecoin (DOGE), Tron (TRX), Cardano (ADA), SUI, Chainlink (LINK), Avalanche (AVAX), Stellar (XLM), Bitcoin Cash (BCH), The Open Network (TON), Shiba Inu (SHIB), Hedera (HBAR), Litecoin (LTC), Polkadot (DOT), PEPE, AAVE, Uniswap (UNI), Polygon (POL) (antiga MATIC), Ethereum Classic (ETC), Cosmos (ATOM), Aptos (APT), Cronos (CRO), Quant (QNT), Algorand (ALGO) e muito mais, além de todos os tokens ERC-20 e BEP-20.<br><br>Compatibilidade****<br>App Ledger Wallet™, antigo Ledger Live™, é totalmente compatível com todos os autenticadores Ledger via Bluetooth®.<br><br>*Os serviços de transação de criptomoedas são fornecidos por provedores terceirizados. A Ledger não dá conselhos nem recomendações sobre como usar esses serviços de terceiros.<br>**Use os serviços de staking por sua conta e risco. *Recompensas não são garantidas.<br>***Sujeito à disponibilidade no seu país.<br>****Sujeito à alterações.<br>**** LEDGER™ LEDGER WALLET™ LEDGER LIVE™ LEDGER STAX™ LEDGER FLEX™ LEDGER NANO™ são marcas registradas da Ledger SAS. A fonte e logos Bluetooth® são marcas registradas da Bluetooth SIG, Inc. e qualquer uso dessas marcas pela Ledger ocorre sob licença.","","","","","0","0","4.65","","","","","","{}","False","False","","[]",""
"Carteira DeFi Bitcoin e Cripto","Bitcoin.com Developer","4.6","0","0","10.000.000+","com.bitcoin.mwallet","","https://play-lh.googleusercontent.com/UR2llx50nIVzw1l8OMZ2feCjyb4HOYtENKRG-9Ep4xSHpPTbVuG1875s3oqBzVGVQtSH","","['https://play-lh.googleusercontent.com/xThCeJNdomn03x4mLX_oAWR7V13mmMvmJscuMleUQlJAkGCYesVoa9Uagp15x_xAMeA0SpGH0kelRweFknTRNrA', 'https://play-lh.googleusercontent.com/WkzVjz59SpZYPzUE0RM68HXWpIGE6PzYZQJC1AydaEVYy0pWGkL2kfTXSjYa9xvqS3AHkzJrULZFV_TxuW6_Yw', 'https://play-lh.googleusercontent.com/Fn8FwHdTWpIpJmmvBziBpPqEW_cwTH-csMnqYbNBP8ixyCJR0AixwoZ0C0mXfnET9levwJQmjGVCK9s-txVaLA', 'https://play-lh.googleusercontent.com/RIXRFYnaknZiJCd359oQQq6Fx0KmWyRs6otZ4jWuD4SsnPIEP5lxL_CUxiWD7fUwrRDOiKdnxuGOIY9kJDWuEg', 'https://play-lh.googleusercontent.com/ljGug5STXuITT6CbxGBhveGe_zMMCfx7sX6JtY0VymcWbgnxrUVHll6pOdfXHEVVE3F2Ls6zYXcYbZwu8Xzv_w', 'https://play-lh.googleusercontent.com/8hvPNUa6O1RRTCeqE4hrpkZdMBmhnQ-_6XHrfrJRPenN54gm9GhwK1L_gqBknie5K5nESmOBcFTfCaSlLWd2CQ', 'https://play-lh.googleusercontent.com/0XjcQlTXP0Xe5RcoNXepiKQWK92vOw8NouvrIcV6ecUvq4jv_2kt3nC0fWKUNgFiAhy0R0HfEZHM4ANEP-WI', 'https://play-lh.googleusercontent.com/8d_vuki4uXyMdn8Qlcz0Ea814pFxVFMUvK1B1JMyVGRa1R7kuXaCUndcUuekTyTGa5o']","https://www.youtube.com/embed/LoVXK6_l9sA?ps=play&vq=large&rel=0&autohide=1&showinfo=0","https://i.ytimg.com/vi/LoVXK6_l9sA/hqdefault.jpg","0","True","","","Finanças","","","","","Bitcoin.com Wallet: Sua Carteira DeFi de Bitcoin e Cripto com Autocustódia
A carteira multichain mais segura e fácil de usar que dá a você controle total sobre seus ativos.

Compre, venda, envie, receba e troque criptomoedas populares:
Bitcoin (BTC), Bitcoin Cash (BCH), Ethereum (ETH), Avalanche (AVAX), Polygon (MATIC), BNB Smart Chain (BNB), ZANO, fUSD e tokens ERC-20 selecionados. Pague com cartão de crédito, Google Pay e muito mais. Compatível com stablecoins como USDT, USDC, DAI, fUSD e outras.

Principais recursos:

Carteira cripto com autocustódia
Você controla suas chaves privadas e seus ativos — nem mesmo a Bitcoin.com pode acessá-los. Sem custodiante, sem bloqueios, sem risco de terceiros. Transfira suas criptos para qualquer carteira a qualquer momento.

Carteira DeFi não custodial
Conecte-se a DApps no Ethereum, Avalanche, Polygon e BNB Smart Chain usando o WalletConnect. Acesse as finanças descentralizadas: ganhe rendimento, forneça liquidez, empreste, tome empréstimos e interaja com DAOs e marketplaces de NFTs.

Compatível com multichain e cross-chain
Gerencie ativos em várias blockchains em um só aplicativo. Troque facilmente entre cadeias e acompanhe seu portfólio multichain.

Acesso rápido e seguro
Proteja sua carteira com impressão digital, Face ID ou PIN. Funciona perfeitamente em dispositivos Android. Ideal para pagamentos do dia a dia e armazenamento de longo prazo.

Backup em nuvem ou frases-semente manuais
Faça backup na nuvem com uma única senha mestra ou guarde suas frases-semente manualmente, como preferir.

Taxas de rede personalizadas
Defina suas próprias taxas de gás. Pague mais por velocidade ou economize quando não tiver pressa. Funciona com Bitcoin, Ethereum e todas as cadeias compatíveis.

Blockchains de baixo custo para DeFi e pagamentos
Use Bitcoin Cash, Polygon e BNB Smart Chain para pagamentos P2P, negociações e contratos inteligentes com taxas mínimas.

Suporte para ZANO e fUSD
Envie, receba, armazene e gerencie ZANO — o token nativo da blockchain Zano voltada para privacidade. Use tokens como fUSD (stablecoin privada) para pagamentos anônimos e sem censura. O Zano utiliza assinaturas em anel, endereços furtivos e memorandos criptografados por padrão.

Suporte para Ethereum, Avalanche, Polygon e BNB Smart Chain
Compre, venda, troque e gerencie ETH, AVAX, MATIC, BNB e seus tokens. Acesse protocolos DeFi rápidos, jogos NFT, trocas de baixo custo, yield farms e contratos inteligentes quase sem taxas de gás.

Carteiras multisig para equipes e famílias
Crie carteiras com múltiplas assinaturas para acesso compartilhado. Ideal para DAOs, poupanças familiares e tesourarias de empresas.

Widgets ao vivo
Adicione widgets de preços de criptos em tempo real à tela inicial.

Visão de mercado
Acompanhe preços, valor de mercado e volume das principais criptos como Solana, DOGE, SHIB, XRP e outras.

Notas e etiquetas
Adicione notas às transações para contabilidade, lembretes ou registros compartilhados.

Envio via redes sociais
Envie Bitcoin Cash pelo Telegram, WhatsApp, Messenger, SMS ou e-mail — mesmo para quem não tem carteira. Eles resgatam com um clique.

Descubra ferramentas cripto
Encontre comerciantes que aceitam cripto, compre cartões-presente, explore jogos blockchain, teste DApps e descubra recursos Web3.

Exibição em moeda local
Veja saldos em BRL, USD, EUR, GBP, JPY, INR, NGN, PHP, AUD e mais.

Auditada e confiável
Auditada de forma independente pela Kudelski Security. Suas chaves e dados estão seguros.

Confiada por milhões
Junte-se a mais de 70 milhões de usuários e assuma o controle da sua vida cripto. Seja Bitcoin, DeFi, NFTs, stablecoins ou tokens de privacidade como o ZANO — esta é sua carteira Web3 completa.","Bitcoin.com Wallet: Sua Carteira DeFi de Bitcoin e Cripto com Autocustódia<br>A carteira multichain mais segura e fácil de usar que dá a você controle total sobre seus ativos.<br><br>Compre, venda, envie, receba e troque criptomoedas populares:<br>Bitcoin (BTC), Bitcoin Cash (BCH), Ethereum (ETH), Avalanche (AVAX), Polygon (MATIC), BNB Smart Chain (BNB), ZANO, fUSD e tokens ERC-20 selecionados. Pague com cartão de crédito, Google Pay e muito mais. Compatível com stablecoins como USDT, USDC, DAI, fUSD e outras.<br><br>Principais recursos:<br><br>Carteira cripto com autocustódia<br>Você controla suas chaves privadas e seus ativos — nem mesmo a Bitcoin.com pode acessá-los. Sem custodiante, sem bloqueios, sem risco de terceiros. Transfira suas criptos para qualquer carteira a qualquer momento.<br><br>Carteira DeFi não custodial<br>Conecte-se a DApps no Ethereum, Avalanche, Polygon e BNB Smart Chain usando o WalletConnect. Acesse as finanças descentralizadas: ganhe rendimento, forneça liquidez, empreste, tome empréstimos e interaja com DAOs e marketplaces de NFTs.<br><br>Compatível com multichain e cross-chain<br>Gerencie ativos em várias blockchains em um só aplicativo. Troque facilmente entre cadeias e acompanhe seu portfólio multichain.<br><br>Acesso rápido e seguro<br>Proteja sua carteira com impressão digital, Face ID ou PIN. Funciona perfeitamente em dispositivos Android. Ideal para pagamentos do dia a dia e armazenamento de longo prazo.<br><br>Backup em nuvem ou frases-semente manuais<br>Faça backup na nuvem com uma única senha mestra ou guarde suas frases-semente manualmente, como preferir.<br><br>Taxas de rede personalizadas<br>Defina suas próprias taxas de gás. Pague mais por velocidade ou economize quando não tiver pressa. Funciona com Bitcoin, Ethereum e todas as cadeias compatíveis.<br><br>Blockchains de baixo custo para DeFi e pagamentos<br>Use Bitcoin Cash, Polygon e BNB Smart Chain para pagamentos P2P, negociações e contratos inteligentes com taxas mínimas.<br><br>Suporte para ZANO e fUSD<br>Envie, receba, armazene e gerencie ZANO — o token nativo da blockchain Zano voltada para privacidade. Use tokens como fUSD (stablecoin privada) para pagamentos anônimos e sem censura. O Zano utiliza assinaturas em anel, endereços furtivos e memorandos criptografados por padrão.<br><br>Suporte para Ethereum, Avalanche, Polygon e BNB Smart Chain<br>Compre, venda, troque e gerencie ETH, AVAX, MATIC, BNB e seus tokens. Acesse protocolos DeFi rápidos, jogos NFT, trocas de baixo custo, yield farms e contratos inteligentes quase sem taxas de gás.<br><br>Carteiras multisig para equipes e famílias<br>Crie carteiras com múltiplas assinaturas para acesso compartilhado. Ideal para DAOs, poupanças familiares e tesourarias de empresas.<br><br>Widgets ao vivo<br>Adicione widgets de preços de criptos em tempo real à tela inicial.<br><br>Visão de mercado<br>Acompanhe preços, valor de mercado e volume das principais criptos como Solana, DOGE, SHIB, XRP e outras.<br><br>Notas e etiquetas<br>Adicione notas às transações para contabilidade, lembretes ou registros compartilhados.<br><br>Envio via redes sociais<br>Envie Bitcoin Cash pelo Telegram, WhatsApp, Messenger, SMS ou e-mail — mesmo para quem não tem carteira. Eles resgatam com um clique.<br><br>Descubra ferramentas cripto<br>Encontre comerciantes que aceitam cripto, compre cartões-presente, explore jogos blockchain, teste DApps e descubra recursos Web3.<br><br>Exibição em moeda local<br>Veja saldos em BRL, USD, EUR, GBP, JPY, INR, NGN, PHP, AUD e mais.<br><br>Auditada e confiável<br>Auditada de forma independente pela Kudelski Security. Suas chaves e dados estão seguros.<br><br>Confiada por milhões<br>Junte-se a mais de 70 milhões de usuários e assuma o controle da sua vida cripto. Seja Bitcoin, DeFi, NFTs, stablecoins ou tokens de privacidade como o ZANO — esta é sua carteira Web3 completa.","","","","","0","0","4.5897436","","","","","","{}","False","False","","[]",""
"OKX: Cartão 0 IOF, BTC, Cripto","OKX","4.5","0","0","10.000.000+","com.okinc.okex.gp","","https://play-lh.googleusercontent.com/nqr8Q4Yh7p4Fm-Mz18a54onRyBu864g2ncOhtMh9gf8cyEXTAzGpBtZ3un8dROaF2To","","['https://play-lh.googleusercontent.com/ZpJ_SYPDr_GM-kSnAwHWI7YPv-2dT8KiE4nEbkNaE8oiktGcJBk93zmT5YHFdmreTiwXGoiMj5_u_FTTIHlDdQ', 'https://play-lh.googleusercontent.com/tuvZrEH8t_uYxtFLTTlsafJqvPIkBE7gGOeafaICdw23tpRqUDk_rQ6tUhuINTZI7yyKCzb2YtGESSsIM7t2zg', 'https://play-lh.googleusercontent.com/N_kCg1RL0FGNjm2q3R5VnGsIVOxfSWhoWHaZjV9i0oO3o_oKk3JU4TAUF3pSc6vMc2plNPdVlN805Cuvwm_q', 'https://play-lh.googleusercontent.com/TVpzFRJTFOly7h3LmuuDgZkcX8L-QZsGECUNL5Mj3JdTSVgA4xM3DHF4nqW0PTbgisrmVnolQotpgO00iokoZQ', 'https://play-lh.googleusercontent.com/p62ATTyKnZLpKLswVeRHjlPlWkIFjELwLoQp2eHTSpCCKI5tFWbjzgMKzEJ2lcNN0DCJwfuCSYQCRH0gSKzi', 'https://play-lh.googleusercontent.com/n0DVdkZTVKnURYFWHKfxfoSOGLhiEIwG2qyWL1EMxULo8EpzAs6uvhhCkNO-V4XeX4vNPQS8rLH4Ld0f7x5c', 'https://play-lh.googleusercontent.com/cNEsVcvtK2MEziGJXwLIM4h2Ldo3Sk0GZBjKXiZYm2DdaxJ4bP-fqhCxZou_pgAZYNx7JsccLhCM0mrH3uZhYXw', 'https://play-lh.googleusercontent.com/a701u4K_vjbMJ5HbAILySBisxAlCeAblLU5AZecz0uPm9Yh--HUzDcxX0s471dNlX9NN7MxpKgCpbvVTl0jGDw', 'https://play-lh.googleusercontent.com/IF7TKniVDd9R_7nWIRhY-9L_0EPgojyrSxpZmhjufystHr2r542-DKi0GnErBYKfpW-s8oRmQfTojadPHNNP', 'https://play-lh.googleusercontent.com/Hc4WdsRTCTJwLYj_2I7ucT0VldwpoX9Z5RlphWa4B5QrbxjhM74ox_dmgeUk3odLN8MlGfgC7zSGOQKuCKJn', 'https://play-lh.googleusercontent.com/Kf6ajtK99rI3Lhj0mRnHKlSgizeZhJ-KHDyyfy8fyyo6GuiHanxSmAycwLZZ3HCVkVHJHM98Zh20uZff6Rcp7w', 'https://play-lh.googleusercontent.com/vBKGMH8kS7HHE6bTxqsel_qxLKVhRUMYahJs0z-Q4OYNw4ptB8E30fmIwX7GBiuQ5JZrQFiJP-1AiXcc8d8UHQ', 'https://play-lh.googleusercontent.com/58dZMIG9iKBwZ5ip8YAqD2OnWIHiv0bjvzG6n8vRA4S3_xhzM2-g0oLU9RFr49RryqKg1KqRQiB5jxMg7rwGiw', 'https://play-lh.googleusercontent.com/OYl4U6z_kwTCt-bvTJtKPuqV3uCvxwhzCMBNumgc6aG5E0hvjQRQLxfHQH4SHAgrTEGyphsCFPWPxW2Wu5a7', 'https://play-lh.googleusercontent.com/dESxgUtwqvtCHKetKkXjCpDScaNq2uV9dEMMDp8-ovwrtu0OviBz3RmY6d4YJ1xTYYXUwU3BrHELh87MLpLmJg', 'https://play-lh.googleusercontent.com/W7toT5jLkov8f-oRcLFXmNjfIJW9wf2wpdk1SShsM5I27_pemf9mPQ7BKrhiSh2VlLg', 'https://play-lh.googleusercontent.com/gbzENm9-0QuKuymOTo6DdyP1aifu5uJLBpW_1FOvxK24E6yV2hpoe8Fvcv_IPJYqtcak', 'https://play-lh.googleusercontent.com/G9j4cupxzRq7UnBxURoUo8mnkVWd-4eoaKtMGW5KfeFKVxyhYkwQA_ljU_TmAywgx-I', 'https://play-lh.googleusercontent.com/bwVNdaABc8ODXxlJmKf0IYJgDwp6qBi6lGGpiSXkbPsCEJezPSVEcEjJDtuznW8FGHRo', 'https://play-lh.googleusercontent.com/v8i5uGIlBgjZv5wEsmnr1GvmlT2WeRFvcBrMuSCDlkbAIhdtkuUr0RUwX3xn6wPYID0', 'https://play-lh.googleusercontent.com/STVecw4am9eb9V1sLuM2LfjQ3swHFmsvSI5ZWJqXY7G7q3Gz9UJHRTLoCyOTYLoWPkU', 'https://play-lh.googleusercontent.com/f8ol333UcrhhEMm3vdg2XH9YEVUzwcLfbfaf8vih5zW7u0Rg9vwW8byN0wsWkul5XxTk']","https://www.youtube.com/embed/M2uOmtzo0E0?ps=play&vq=large&rel=0&autohide=1&showinfo=0","https://i.ytimg.com/vi/M2uOmtzo0E0/hqdefault.jpg","0","True","","","Finanças","","","","","Tudo o que você precisa para comprar e investir em criptomoedas como bitcoin (BTC) com segurança, rapidez e praticidade no Brasil — agora com a nova conta digital em dólar da OKX e o Cartão OKX, aceito no mundo todo.

Com o app da OKX, uma das maiores exchanges de criptomoedas do mundo, você pode comprar bitcoin no Brasil, investir em ethereum (ETH), negociar USDT, USDC e milhares de criptoativos. Mais de 100 milhões de usuários em 160 países já confiam na OKX. Reconhecida pela TradingView como “Tecnologia Mais Confiável”, a OKX é a corretora de criptomoedas segura para iniciantes e traders experientes.

PRINCIPAIS FUNCIONALIDADES
 Comprar e vender bitcoin (BTC) e mais de 200 criptomoedas em segundos.
 Investir em Ethereum (ETH), stablecoins como USDT e USDC, e milhares de tokens.
 Negociar cripto no Brasil com taxas baixas.
 Comprar criptomoedas via PIX, sem taxa de depósito ou saque
 Usar o OKX Pay: envie e receba cripto e stablecoins instantaneamente, direto da sua conta digital em dólar.
 Cartão OKX: pague em qualquer lugar do mundo sem IOF, sem taxas de câmbio e sem travas.
 Ganhar rendimentos com staking de bitcoin, ethereum e outras moedas.
 Explorar DeFi, NFTs, Ordinals e Inscriptions no mesmo app.
 Negociação inteligente com IA e algoritmos de automação.
 Ferramentas avançadas de trading com gráficos da TradingView.
 

OKX PAY E CARTÃO OKX
Com o OKX Pay, você tem uma conta global em dólar digital, feita especialmente para brasileiros.
 Sem IOF e sem taxas ocultas.
 Gaste com o Cartão OKX, aceito em milhões de estabelecimentos no mundo inteiro.
 Proteja e renda seu dinheiro em dólares digitais com até 10% APY anual.
 Envie, receba, guarde e gaste seus dólares digitais de forma simples, rápida e 100% integrada ao app da OKX.
 

SEGURANÇA E TRANSPARÊNCIA
 Prova de reservas 1:1: cada depósito é 100% garantido.
 Carteiras auditáveis em blockchain, com total transparência.
 Tecnologia multi-sig e auditoria da Certik, referência em segurança blockchain.
 

POR QUE ESCOLHER A OKX NO BRASIL
 Depósito e saque via PIX, sem taxas.
 CNPJ e entidade local brasileira para mais confiança.
 Suporte em português 24h.
 Plataforma intuitiva para iniciantes e completa para traders profissionais.
 Parceira oficial do Manchester City e patrocinadora da McLaren F1 — confiança global, agora também no Brasil.
 

NEGOCIE OS PRINCIPAIS CRIPTOATIVOS
Na OKX, você encontra os criptoativos mais buscados:
 Bitcoin (BTC), Ethereum (ETH), Tether (USDT), USD Coin (USDC), Solana (SOL), Dogecoin (DOGE), Polygon (MATIC), Binance Coin (BNB), Chainlink (LINK), Avalanche (AVAX), Polkadot (DOT), Shiba Inu (SHIB), Tron (TRX), Ripple (XRP), Pepe (PEPE), Sui (SUI), World Liberty Financial (WLFI) e muitos outros.

SOBRE A OKX
A OKX é uma das maiores plataformas de criptomoedas do mundo, oferecendo segurança, liquidez e inovação. Nossa missão é simplificar o acesso ao universo cripto e à economia digital global, com soluções como o OKX Pay e o Cartão OKX, que permitem gastar e guardar seus dólares digitais sem IOF.
Com tecnologia avançada e compromisso com a segurança, a OKX é sua parceira confiável para investir, enviar e gastar cripto no Brasil e no mundo.","Tudo o que você precisa para comprar e investir em criptomoedas como bitcoin (BTC) com segurança, rapidez e praticidade no Brasil — agora com a nova conta digital em dólar da OKX e o Cartão OKX, aceito no mundo todo.<br><br>Com o app da OKX, uma das maiores exchanges de criptomoedas do mundo, você pode comprar bitcoin no Brasil, investir em ethereum (ETH), negociar USDT, USDC e milhares de criptoativos. Mais de 100 milhões de usuários em 160 países já confiam na OKX. Reconhecida pela TradingView como “Tecnologia Mais Confiável”, a OKX é a corretora de criptomoedas segura para iniciantes e traders experientes.<br><br>PRINCIPAIS FUNCIONALIDADES<br> Comprar e vender bitcoin (BTC) e mais de 200 criptomoedas em segundos.<br> Investir em Ethereum (ETH), stablecoins como USDT e USDC, e milhares de tokens.<br> Negociar cripto no Brasil com taxas baixas.<br> Comprar criptomoedas via PIX, sem taxa de depósito ou saque<br> Usar o OKX Pay: envie e receba cripto e stablecoins instantaneamente, direto da sua conta digital em dólar.<br> Cartão OKX: pague em qualquer lugar do mundo sem IOF, sem taxas de câmbio e sem travas.<br> Ganhar rendimentos com staking de bitcoin, ethereum e outras moedas.<br> Explorar DeFi, NFTs, Ordinals e Inscriptions no mesmo app.<br> Negociação inteligente com IA e algoritmos de automação.<br> Ferramentas avançadas de trading com gráficos da TradingView.<br> <br><br>OKX PAY E CARTÃO OKX<br>Com o OKX Pay, você tem uma conta global em dólar digital, feita especialmente para brasileiros.<br> Sem IOF e sem taxas ocultas.<br> Gaste com o Cartão OKX, aceito em milhões de estabelecimentos no mundo inteiro.<br> Proteja e renda seu dinheiro em dólares digitais com até 10% APY anual.<br> Envie, receba, guarde e gaste seus dólares digitais de forma simples, rápida e 100% integrada ao app da OKX.<br> <br><br>SEGURANÇA E TRANSPARÊNCIA<br> Prova de reservas 1:1: cada depósito é 100% garantido.<br> Carteiras auditáveis em blockchain, com total transparência.<br> Tecnologia multi-sig e auditoria da Certik, referência em segurança blockchain.<br> <br><br>POR QUE ESCOLHER A OKX NO BRASIL<br> Depósito e saque via PIX, sem taxas.<br> CNPJ e entidade local brasileira para mais confiança.<br> Suporte em português 24h.<br> Plataforma intuitiva para iniciantes e completa para traders profissionais.<br> Parceira oficial do Manchester City e patrocinadora da McLaren F1 — confiança global, agora também no Brasil.<br> <br><br>NEGOCIE OS PRINCIPAIS CRIPTOATIVOS<br>Na OKX, você encontra os criptoativos mais buscados:<br> Bitcoin (BTC), Ethereum (ETH), Tether (USDT), USD Coin (USDC), Solana (SOL), Dogecoin (DOGE), Polygon (MATIC), Binance Coin (BNB), Chainlink (LINK), Avalanche (AVAX), Polkadot (DOT), Shiba Inu (SHIB), Tron (TRX), Ripple (XRP), Pepe (PEPE), Sui (SUI), World Liberty Financial (WLFI) e muitos outros.<br><br>SOBRE A OKX<br>A OKX é uma das maiores plataformas de criptomoedas do mundo, oferecendo segurança, liquidez e inovação. Nossa missão é simplificar o acesso ao universo cripto e à economia digital global, com soluções como o OKX Pay e o Cartão OKX, que permitem gastar e guardar seus dólares digitais sem IOF.<br>Com tecnologia avançada e compromisso com a segurança, a OKX é sua parceira confiável para investir, enviar e gastar cripto no Brasil e no mundo.","","","","","0","0","4.502857","","","","","","{}","False","False","","[]",""
"MEXC: Compre Bitcoin e Cripto","MEXC Ltd","4.7","0","0","10.000.000+","com.mexcpro.client","","https://play-lh.googleusercontent.com/nwTKN5i_FrGt2zmWDhaqNoPjS2N7e4gaxa2H09dl9_4FTve103brHDEPeAr_kwTxF40","","['https://play-lh.googleusercontent.com/sMpLd2Y3fnbGNuHLxrysAsvGtDikJIzO4Hr2N4w4N03wM8SHUM-wtL2NMhnHzsx1a5U', 'https://play-lh.googleusercontent.com/rsl7bFRsCguTdqFJbbENckHBn2uom8aI8IrEZIQy89uDw-PvpRyw8-QAqI2oW95-pA', 'https://play-lh.googleusercontent.com/n3auPE86ZOrpK5hE7WH49LJ6cttRIdu-Irirsr_yANhtHNaNqTCEC1dOadCOrB8S1w', 'https://play-lh.googleusercontent.com/6EeHgBTaBM1aH_6Z-cBp-1THr8crLP09IBgnaAKrMV-uKmZDE9-yz7F1foJpfKzSZyc', 'https://play-lh.googleusercontent.com/i2KdNrFUSlmb1BQIP-02ReZ31QI4C44I6nHypNhQJuFh6fthnvRzAU6byz-4ILPQtg', 'https://play-lh.googleusercontent.com/5m_OJIp3WF2l7spuM_HRsr6ZBYYm6vtnEHEnl_yDU2X6fTM0_ytYaFTHfiD4cKEyDXA', 'https://play-lh.googleusercontent.com/VVi2EtFuwb3JQppsdxPMsXfWmf3CBUfy7D57KncK_MXt7FRAfVQbGeCXfAyv07stuy4', 'https://play-lh.googleusercontent.com/YHnOYVI90aMsPEeE58dnp9V2vryjoQGxC4Wf8k0CvJByfxHrUlATLyl32hXHOav2LA', 'https://play-lh.googleusercontent.com/QWAfaiuRlY8wTjCSStZ267UCaeVpcvHvkQ8ZLnxAw07wDtc5N7WJ1Ku3CgMYevfsgMY']","https://www.youtube.com/embed/NfjMlUYhQjo?ps=play&vq=large&rel=0&autohide=1&showinfo=0","https://i.ytimg.com/vi/NfjMlUYhQjo/hqdefault.jpg","0","True","","","Finanças","","","","","MEXC é uma das principais exchanges de ativos digitais do mundo. Com as taxas mais baixas do setor (taxas zero), a maior variedade de pares de negociação (mais de 3,000) e um motor de negociação seguro e confiável, a MEXC oferece uma experiência de negociação de primeira classe, conquistando a confiança de mais de 40 milhões de usuários globalmente. A MEXC torna as negociações mais eficientes e simples!

Na MEXC, você pode obter:
- Mais pares: Mais de 3,000 pares de negociação listados, permitindo que você aproveite ao máximo as oportunidades de riqueza.
- Menores taxas: Taxa de maker 0 para negociação no spot e em futuros, com taxas de taker entre 1bps–2bps.
- Melhor profundidade de mercado: Liquidez líder no setor para spreads menores, negociação mais estável e execução mais rápida.
- Maiores retornos: Recompensas de até $8,000 para novos usuários, e rendimento de até 60% para quem segura MX.
- Segurança garantida: A cada dois meses, a plataforma publica seus ativos de reserva e a proporção de reserva.

1. Grande variedade de criptomoedas
Explore mais de 3,000 ativos cripto, incluindo Bitcoin (BTC), Ethereum (ETH), Solana (SOL), Ripple (XRP), Tether (USDT), MX Token (MX), Dogecoin (DOGE), Shiba Inu (SHIB), PEPE (PEPE), Notcoin (NOT), Toncoin (TON), USDC (USDC), Binance Coin (BNB), People DAO (PEOPLE), Chainlink (LINK), Cardano (ADA), Polkadot (DOT), Decentraland (MANA), Gala Games (GALA), Polygon (POL) e mais.

2. Taxas 0 de negociação
- Negociação Spot: Taxas maker 0 e taxas taker entre 1bps–2bps.
- Negociação de Futuros: Taxas maker 0 e taxas taker entre 1bps–2bps.
- Faça hold de mais de 1,000 MX: Desfrute de taxas de taker de 1bps (aplicável à negociação spot e futuros).
- P2P: Transferências bancárias e mais de 30 opções, com taxa 0 para negociação P2P.

3. Liquidez líder no setor
Nos mercados de futuros e spot, o volume negociável no preço médio ±0,05% (5 bps) é significativamente superior ao dos concorrentes. Isso resulta em spreads menores, negociação mais estável e execução mais rápida.

4. Retornos estáveis
- Ganhe tokens negociando: Participe do evento diário M-Day—quanto mais você negociar, mais você ganha.
- Rendimentos com MX: Faça hold de MX e aproveite rendimentos de até 60%.

5. Garantia de segurança
Não poupamos esforços para proteger a segurança de seus fundos. A MEXC publica suas reservas de plataforma e a proporção de reserva a cada dois meses. Você pode verificar as proporções de reserva para Bitcoin (BTC), Tether (USDT) e Ethereum (ETH), entre outros.



Junte-se à vibrante comunidade de traders da MEXC:
X: https://x.com/MEXC_Official
Facebook: https://www.facebook.com/mexcofficial
Instagram: https://www.instagram.com/mexc_official/
Telegram: https://t.me/MEXCPortugal","MEXC é uma das principais exchanges de ativos digitais do mundo. Com as taxas mais baixas do setor (taxas zero), a maior variedade de pares de negociação (mais de 3,000) e um motor de negociação seguro e confiável, a MEXC oferece uma experiência de negociação de primeira classe, conquistando a confiança de mais de 40 milhões de usuários globalmente. A MEXC torna as negociações mais eficientes e simples!<br><br>Na MEXC, você pode obter:<br>- Mais pares: Mais de 3,000 pares de negociação listados, permitindo que você aproveite ao máximo as oportunidades de riqueza.<br>- Menores taxas: Taxa de maker 0 para negociação no spot e em futuros, com taxas de taker entre 1bps–2bps.<br>- Melhor profundidade de mercado: Liquidez líder no setor para spreads menores, negociação mais estável e execução mais rápida.<br>- Maiores retornos: Recompensas de até $8,000 para novos usuários, e rendimento de até 60% para quem segura MX.<br>- Segurança garantida: A cada dois meses, a plataforma publica seus ativos de reserva e a proporção de reserva.<br><br>1. Grande variedade de criptomoedas<br>Explore mais de 3,000 ativos cripto, incluindo Bitcoin (BTC), Ethereum (ETH), Solana (SOL), Ripple (XRP), Tether (USDT), MX Token (MX), Dogecoin (DOGE), Shiba Inu (SHIB), PEPE (PEPE), Notcoin (NOT), Toncoin (TON), USDC (USDC), Binance Coin (BNB), People DAO (PEOPLE), Chainlink (LINK), Cardano (ADA), Polkadot (DOT), Decentraland (MANA), Gala Games (GALA), Polygon (POL) e mais.<br><br>2. Taxas 0 de negociação<br>- Negociação Spot: Taxas maker 0 e taxas taker entre 1bps–2bps.<br>- Negociação de Futuros: Taxas maker 0 e taxas taker entre 1bps–2bps.<br>- Faça hold de mais de 1,000 MX: Desfrute de taxas de taker de 1bps (aplicável à negociação spot e futuros).<br>- P2P: Transferências bancárias e mais de 30 opções, com taxa 0 para negociação P2P.<br><br>3. Liquidez líder no setor<br>Nos mercados de futuros e spot, o volume negociável no preço médio ±0,05% (5 bps) é significativamente superior ao dos concorrentes. Isso resulta em spreads menores, negociação mais estável e execução mais rápida.<br><br>4. Retornos estáveis<br>- Ganhe tokens negociando: Participe do evento diário M-Day—quanto mais você negociar, mais você ganha.<br>- Rendimentos com MX: Faça hold de MX e aproveite rendimentos de até 60%.<br><br>5. Garantia de segurança<br>Não poupamos esforços para proteger a segurança de seus fundos. A MEXC publica suas reservas de plataforma e a proporção de reserva a cada dois meses. Você pode verificar as proporções de reserva para Bitcoin (BTC), Tether (USDT) e Ethereum (ETH), entre outros.<br><br><br><br>Junte-se à vibrante comunidade de traders da MEXC:<br>X: https://x.com/MEXC_Official<br>Facebook: https://www.facebook.com/mexcofficial<br>Instagram: https://www.instagram.com/mexc_official/<br>Telegram: https://t.me/MEXCPortugal","","","","","0","0","4.716353","","","","","","{}","False","False","","[]",""
"Blockchain.com Wallet: Cripto","Blockchain.com","4.6","0","0","10.000.000+","piuk.blockchain.android","","https://play-lh.googleusercontent.com/CcboHyK1Id9XQWa8HXb_81Rvgqy7J816OHiTcGlezcwC-tx4cnrrXPx1x6cR0PowqA","","['https://play-lh.googleusercontent.com/B9EnAFElrXGGrigCiPwiygR1rYJcwfTCJ2S5uAJrf0nV0Pj41HOrcDKMuo2p1ij8jT6msRhvfnHy96yoFzfw', 'https://play-lh.googleusercontent.com/8mFA5vxgTkSnenLgcs7Df07tDXl3t06244a07BsUCnxj5UkbkOX79fdZE_qMSEKMAIOklikyArsduDDjYmnE', 'https://play-lh.googleusercontent.com/b7dkvbXTPGW5vDJVAgYX8hlOXawI4qiokBZ-GzloQa11NVFh0_2W_eHLxFytKOSeQc0T25ZLXCq5DyMUQJpu6g', 'https://play-lh.googleusercontent.com/il1Y_a5SPc4T3IanvMDH8WZfN1fvmCk5NeizSJeJu-QHVK5paW89D_4C0cyVd7nCUAoNvBdVshhZo-Le79rRKeI', 'https://play-lh.googleusercontent.com/N_FrRJkXz9J0_5XZylxt42nzaLqnBA23-PfAqbVNE-i9atf29pyepzokdI9n-wra6S4fFceo3Z0aQ5zKdusdVg', 'https://play-lh.googleusercontent.com/VyKOHRd-OTwnBXO8sc8i2j1ODBYEl8EqRNv8lckRXUDGyDH-MtCMoJXGNUTRi9hM_HY']","","","0","True","","","Finanças","","","","","A Blockchain.com é a plataforma mais confiável do mundo para negociação de criptomoedas, com mais de 60 milhões de wallets criadas e mais de 500 bilhões de euros em volume de transações. A Blockchain.com oferece aos milhões de clientes em quase 200 países a forma mais estabelecida e utilizada de investir em criptomoedas.

A Wallet Blockchain.com oferece duas opções:
Versão não custodial – significa que somente o usuário tem acesso ao seu saldo cripto e às suas chaves privadas
Versão custodial – permite ao usuário acessar todas as funcionalidades adicionais, como comprar e vender, trocar uma criptomoeda por outra e transferir para uma conta de juros com até 12% de rendimento.

A maneira mais popular de comprar, vender e armazenar criptos. A Blockchain.com Wallet permite que você negocie e ganhe juros sem perder o controle do seu dinheiro.

Sempre que você usa a Blockchain.com Wallet, você também apoia todo o ecossistema cripto, garantindo que a wallet e o explorer permaneçam gratuitos e acessíveis a todos com acesso à internet. Assim como Coinbase, Crypto.com e Binance.

A Blockchain Wallet oferece tudo o que você espera de uma wallet de criptomoedas: segurança, funcionalidades ilimitadas e uma experiência de usuário líder de mercado. Essa funcionalidade diferencia nossa wallet de outras opções. Baixe nossa app Wallet no seu celular hoje mesmo na Play Store!

Criptomoedas disponíveis para comprar, vender, armazenar, enviar, receber e trocar:
Bitcoin (BTC)
Ethereum (ETH)
Bitcoin Cash (BCH)
Stellar (XLM)
ALGO (Algorand)
USDT (Tether)
wDGLD (Wrapped-DGLD)
USD Digital (USDD)

Adicionamos regularmente novas oportunidades promissoras de investimento, como Ripple, Chainlink, Polkadot e novos tokens DeFi.

Funcionalidades:
Use o Simple Buy para comprar as principais criptomoedas, como Bitcoin e Ethereum
Envie e receba ilimitadamente Bitcoin, Ethereum, Bitcoin Cash, Stellar, Algorand, Tether e USD PAX para quem quiser e onde quiser
Ganhe até 12% de juros anuais em BTC, ETH, USDT, PAX, XLM e BCH. As taxas de juros variam conforme a criptomoeda. As taxas atuais estão sempre disponíveis em nosso site.
Empréstimo instantâneo de USD Digital – receba USD Digital diretamente na sua Blockchain Wallet e use seu saldo em Bitcoin como garantia. A verificação Gold Level é necessária para usar essa funcionalidade.
Solicite pagamentos em criptomoedas com facilidade – a qualquer hora e em qualquer lugar (suporte a códigos QR para envio e recebimento)
Interface simples e intuitiva para troca de criptomoedas, garantindo uma experiência de usuário fluida e agradável
Disponível globalmente e em 8 idiomas

Mercados:
Compre e venda Bitcoin de forma contínua em 36 países e troque criptomoedas pelos principais preços de mercado diretamente de um ambiente seguro na sua wallet
Preços em tempo real e gráficos históricos
Acompanhe transações e endereços em tempo real pelo nosso inovador Block Explorer
As trocas de criptomoedas acontecem on-chain (na blockchain), tornando as transações mais confiáveis e menos sujeitas a fraudes do que transações off-chain

Tem dúvidas? Nossa equipe de suporte está à disposição em support.blockchain.com ou por meio de nossos canais oficiais nas redes sociais:

Twitter: @Blockchain e @AskBlockchain
Facebook: @Blockchain
LinkedIn: /company/blockchain
Instagram: @Blockchainofficial
YouTube: Blockchain
Telegram: https://t.me/blockchain
VKontakte: /blockchainru","A Blockchain.com é a plataforma mais confiável do mundo para negociação de criptomoedas, com mais de 60 milhões de wallets criadas e mais de 500 bilhões de euros em volume de transações. A Blockchain.com oferece aos milhões de clientes em quase 200 países a forma mais estabelecida e utilizada de investir em criptomoedas.<br><br>A Wallet Blockchain.com oferece duas opções:<br>Versão não custodial – significa que somente o usuário tem acesso ao seu saldo cripto e às suas chaves privadas<br>Versão custodial – permite ao usuário acessar todas as funcionalidades adicionais, como comprar e vender, trocar uma criptomoeda por outra e transferir para uma conta de juros com até 12% de rendimento.<br><br>A maneira mais popular de comprar, vender e armazenar criptos. A Blockchain.com Wallet permite que você negocie e ganhe juros sem perder o controle do seu dinheiro.<br><br>Sempre que você usa a Blockchain.com Wallet, você também apoia todo o ecossistema cripto, garantindo que a wallet e o explorer permaneçam gratuitos e acessíveis a todos com acesso à internet. Assim como Coinbase, Crypto.com e Binance.<br><br>A Blockchain Wallet oferece tudo o que você espera de uma wallet de criptomoedas: segurança, funcionalidades ilimitadas e uma experiência de usuário líder de mercado. Essa funcionalidade diferencia nossa wallet de outras opções. Baixe nossa app Wallet no seu celular hoje mesmo na Play Store!<br><br>Criptomoedas disponíveis para comprar, vender, armazenar, enviar, receber e trocar:<br>Bitcoin (BTC)<br>Ethereum (ETH)<br>Bitcoin Cash (BCH)<br>Stellar (XLM)<br>ALGO (Algorand)<br>USDT (Tether)<br>wDGLD (Wrapped-DGLD)<br>USD Digital (USDD)<br><br>Adicionamos regularmente novas oportunidades promissoras de investimento, como Ripple, Chainlink, Polkadot e novos tokens DeFi.<br><br>Funcionalidades:<br>Use o Simple Buy para comprar as principais criptomoedas, como Bitcoin e Ethereum<br>Envie e receba ilimitadamente Bitcoin, Ethereum, Bitcoin Cash, Stellar, Algorand, Tether e USD PAX para quem quiser e onde quiser<br>Ganhe até 12% de juros anuais em BTC, ETH, USDT, PAX, XLM e BCH. As taxas de juros variam conforme a criptomoeda. As taxas atuais estão sempre disponíveis em nosso site.<br>Empréstimo instantâneo de USD Digital – receba USD Digital diretamente na sua Blockchain Wallet e use seu saldo em Bitcoin como garantia. A verificação Gold Level é necessária para usar essa funcionalidade.<br>Solicite pagamentos em criptomoedas com facilidade – a qualquer hora e em qualquer lugar (suporte a códigos QR para envio e recebimento)<br>Interface simples e intuitiva para troca de criptomoedas, garantindo uma experiência de usuário fluida e agradável<br>Disponível globalmente e em 8 idiomas<br><br>Mercados:<br>Compre e venda Bitcoin de forma contínua em 36 países e troque criptomoedas pelos principais preços de mercado diretamente de um ambiente seguro na sua wallet<br>Preços em tempo real e gráficos históricos<br>Acompanhe transações e endereços em tempo real pelo nosso inovador Block Explorer<br>As trocas de criptomoedas acontecem on-chain (na blockchain), tornando as transações mais confiáveis e menos sujeitas a fraudes do que transações off-chain<br><br>Tem dúvidas? Nossa equipe de suporte está à disposição em support.blockchain.com ou por meio de nossos canais oficiais nas redes sociais:<br><br>Twitter: @Blockchain e @AskBlockchain<br>Facebook: @Blockchain<br>LinkedIn: /company/blockchain<br>Instagram: @Blockchainofficial<br>YouTube: Blockchain<br>Telegram: https://t.me/blockchain<br>VKontakte: /blockchainru","","","","","0","0","4.637566","","","","","","{}","False","False","","[]",""
"KuCoin: compre BTC e criptos","KuCoin","4.5","0","0","10.000.000+","com.kubi.kucoin","","https://play-lh.googleusercontent.com/dQ9d57qXuaxTEVwMnS6J4qxVsZLSJYSm-X6zKzV-_w7ClLYh8jSe0J83MhSUgy2kuA","","['https://play-lh.googleusercontent.com/QTmKjAoQca0gsDg7Gm3MVUtyYDq9h0KOcuAsQWp0nULcKX4cTRulLd7EiCbErf_6bl84mjrNDiSOkHkhE8XOmg', 'https://play-lh.googleusercontent.com/i9KiCK7B3UyzFf3wARe-7MjTea-7N_OI_1UVQ13hmRQ7SFYmay8RbEQDJjArUX1BBjH5DyEMlWWwKuKcPjFB-w', 'https://play-lh.googleusercontent.com/is30wqZ3x2jjiNZz4DP2cRlov0GtQL3tapUjfEkRsnPKG5QdP2O9q5u3bXrxgsvHipL5hDbZ1huSlDWGzAV2uQ', 'https://play-lh.googleusercontent.com/pQ_9LHrwctNZHTrPaXYODtS0m5QcQvFS3AQjieFQz5Al5PfN4Z4rqqzo0-tud6LOYPgX8S_TBkYgYNrlmRtO', 'https://play-lh.googleusercontent.com/zmRQZV8rHearZmkEsX0S-9LOpA4xHcZc7uX7EqosRQw2ZSka_mY_wxJi4E45i29yzqYCQE_GyYs4klyAu-7y4A', 'https://play-lh.googleusercontent.com/LwT_FE4JDkzZxcKeQ32vPWCLt0rakvDDVnnI3QD07cNtX0FFAlpRUx_J0BrephXBoqFGHPBhlDhGLKHvdC-vh8Y', 'https://play-lh.googleusercontent.com/4kjbaE37mtaorR9XLA434G3uC98BFWHCWs4Z7iYzeGKkmqN2wke-a0Z_PBU8giIqSu0q61GjggPSAYnLZMw6Fqo', 'https://play-lh.googleusercontent.com/b91wb36TeZ_-8PbNfxaAZu1eSeB8XwaVbjEZKVvHzKJomphoaQhpr4vOSrKRR0fpAV-o6FDtKvFs1F_mSJp9_Vg', 'https://play-lh.googleusercontent.com/yzvkeNEvnCU8AWtzp53HHZtky44hwLVCFF4-M7U8iF8EOyXp5r5dw7NhUpVhGIE37lo']","","","0","True","","","Finanças","","","","","""Bem-vindo à KuCoin! Uma das principais corretoras de blockchain e cripto do mundo, com a confiança de mais de 40 milhões de usuários registrados em mais de 200 países e regiões.
 
A KuCoin oferece suporte a mais de 1,000 criptomoedas com mais de 1.200 pares de negociação, incluindo Bitcoin (BTC), Ethereum (ETH), Toncoin (TON), Official Trump (TRUMP), KuCoin Token (KCS), Solana (SOL), Dogecoin (DOGE), Bitcoin Cash (BCH), novas criptomoedas e até memecoins aqui! Mais criptomoedas e moedas tradicionais são continuamente adicionadas e mais de 200 projetos foram listados pela primeira vez na KuCoin.
 
Junte-se a nós e ganhe mais. Convide amigos para negociar na KuCoin para ganhar até 35% de comissão pelas negociações de seus convidados. É o momento perfeito para ganhar dinheiro junto com seus amigos e aumentar sua renda passiva!
 
Aqui estão alguns dos benefícios da KuCoin: 
● Experimente a nova interface do KuCoin Lite.
● Negociar criptomoedas com cartões de crédito e débito é fácil e direto. 
● Verifique facilmente o valor do seu investimento em criptomoedas. 
● Taxas baixas para comprar e vender criptoativos. 
● Ativos de qualidade como BTC e ETH. 
● Suporta negociação em mais de 50 moedas fiduciárias. 
● Quanto mais você compra, menos taxas você paga. 
● Vários produtos para expandir o seu portfólio. 
● Gerencie seus ativos on-chain utilizando a carteira Web3 e explore tendências de mercado, DApps e muitos outros novos projetos.
 
COMPRE SUA CRIPTO FAVORITA IMEDIATAMENTE  
Obtenha seu primeiro criptoativo em menos de 1 minuto. Compre criptomoedas populares de forma fácil e prática, como Bitcoin (BTC), Ethereum (ETH), Tether (USDT), Official Trump (TRUMP), Toncoin (TON), Litecoin (LTC) e USD Coin (USDC), com uma escolha de mais de 70 métodos de pagamento, incluindo cartões de crédito e débito, transferências bancárias, depósitos e saques de moedas fiduciárias, SEPA e muito mais.
 
MÚLTIPLAS OPÇÕES PARA NEGOCIAÇÃO DE CRIPTOMOEDAS
A KuCoin oferece serviços de negociação à vista, de margem e de derivativos com vários ativos digitais e criptomoedas, incluindo Bitcoin (BTC), Ethereum (ETH), Official Trump (TRUMP), Toncoin (TON), SHIBA INU (SHIB), Ripple (XRP), Tron (TRX) e muito mais. Explore os produtos da KuCoin com excelente experiência de negociação. 
● Negociação à vista: Negocie criptomoedas com nosso conjunto abrangente de ferramentas poderosas. 
● Negociação de margem: Peça emprestado, negocie e pague. Amplie os lucros com alavancagem. 
● Negociação de futuros: Opere em long e em short. Pequeno investimento, grande retorno: 
● Convert: 0 taxas para converter moedas. O que você vê é o que você obtém.
 
EXPANDA SEU PORTFÓLIO DE CRIPTO
Com o KuCoin Earn você pode gerar renda passiva por meio de empréstimos, staking e diversas ferramentas. Nossos bots de negociação com tecnologia de IA também podem automatizar sua experiência de negociação 24 horas por dia, 7 dias por semana, permitindo negociações de alta frequência e sem interferência de emoções. Economize tempo e energia e obtenha lucros passivos.
 
CARTEIRA WEB3 DA KUCOIN
A KuCoin lançou um serviço de carteira Web3 descentralizado e auto-gerenciado que oferece aos usuários uma solução completa para gerenciar seus ativos virtuais.
● Dentro da carteira, os usuários podem descobrir livremente novos tokens e monitorar as tendências do mercado.
● Explore uma grande variedade de aplicativos descentralizados (DApps), incluindo DEX, DeFi, novos projetos em tendência, GameFi e muito mais.
 
CORRETORA SEGURA E CONFIÁVEL DE CRIPTO
A KuCoin atribui grande importância à segurança dos ativos dos usuários e permite que eles negociem com confiança e sem preocupações. Melhoramos e otimizamos continuamente nossos sistemas e plataforma para proteger totalmente nossos usuários em um ambiente em constante mudança.""","&quot;Bem-vindo à KuCoin! Uma das principais corretoras de blockchain e cripto do mundo, com a confiança de mais de 40 milhões de usuários registrados em mais de 200 países e regiões.<br> <br>A KuCoin oferece suporte a mais de 1,000 criptomoedas com mais de 1.200 pares de negociação, incluindo Bitcoin (BTC), Ethereum (ETH), Toncoin (TON), Official Trump (TRUMP), KuCoin Token (KCS), Solana (SOL), Dogecoin (DOGE), Bitcoin Cash (BCH), novas criptomoedas e até memecoins aqui! Mais criptomoedas e moedas tradicionais são continuamente adicionadas e mais de 200 projetos foram listados pela primeira vez na KuCoin.<br> <br>Junte-se a nós e ganhe mais. Convide amigos para negociar na KuCoin para ganhar até 35% de comissão pelas negociações de seus convidados. É o momento perfeito para ganhar dinheiro junto com seus amigos e aumentar sua renda passiva!<br> <br>Aqui estão alguns dos benefícios da KuCoin: <br>● Experimente a nova interface do KuCoin Lite.<br>● Negociar criptomoedas com cartões de crédito e débito é fácil e direto. <br>● Verifique facilmente o valor do seu investimento em criptomoedas. <br>● Taxas baixas para comprar e vender criptoativos. <br>● Ativos de qualidade como BTC e ETH. <br>● Suporta negociação em mais de 50 moedas fiduciárias. <br>● Quanto mais você compra, menos taxas você paga. <br>● Vários produtos para expandir o seu portfólio. <br>● Gerencie seus ativos on-chain utilizando a carteira Web3 e explore tendências de mercado, DApps e muitos outros novos projetos.<br> <br>COMPRE SUA CRIPTO FAVORITA IMEDIATAMENTE  <br>Obtenha seu primeiro criptoativo em menos de 1 minuto. Compre criptomoedas populares de forma fácil e prática, como Bitcoin (BTC), Ethereum (ETH), Tether (USDT), Official Trump (TRUMP), Toncoin (TON), Litecoin (LTC) e USD Coin (USDC), com uma escolha de mais de 70 métodos de pagamento, incluindo cartões de crédito e débito, transferências bancárias, depósitos e saques de moedas fiduciárias, SEPA e muito mais.<br> <br>MÚLTIPLAS OPÇÕES PARA NEGOCIAÇÃO DE CRIPTOMOEDAS<br>A KuCoin oferece serviços de negociação à vista, de margem e de derivativos com vários ativos digitais e criptomoedas, incluindo Bitcoin (BTC), Ethereum (ETH), Official Trump (TRUMP), Toncoin (TON), SHIBA INU (SHIB), Ripple (XRP), Tron (TRX) e muito mais. Explore os produtos da KuCoin com excelente experiência de negociação. <br>● Negociação à vista: Negocie criptomoedas com nosso conjunto abrangente de ferramentas poderosas. <br>● Negociação de margem: Peça emprestado, negocie e pague. Amplie os lucros com alavancagem. <br>● Negociação de futuros: Opere em long e em short. Pequeno investimento, grande retorno: <br>● Convert: 0 taxas para converter moedas. O que você vê é o que você obtém.<br> <br>EXPANDA SEU PORTFÓLIO DE CRIPTO<br>Com o KuCoin Earn você pode gerar renda passiva por meio de empréstimos, staking e diversas ferramentas. Nossos bots de negociação com tecnologia de IA também podem automatizar sua experiência de negociação 24 horas por dia, 7 dias por semana, permitindo negociações de alta frequência e sem interferência de emoções. Economize tempo e energia e obtenha lucros passivos.<br> <br>CARTEIRA WEB3 DA KUCOIN<br>A KuCoin lançou um serviço de carteira Web3 descentralizado e auto-gerenciado que oferece aos usuários uma solução completa para gerenciar seus ativos virtuais.<br>● Dentro da carteira, os usuários podem descobrir livremente novos tokens e monitorar as tendências do mercado.<br>● Explore uma grande variedade de aplicativos descentralizados (DApps), incluindo DEX, DeFi, novos projetos em tendência, GameFi e muito mais.<br> <br>CORRETORA SEGURA E CONFIÁVEL DE CRIPTO<br>A KuCoin atribui grande importância à segurança dos ativos dos usuários e permite que eles negociem com confiança e sem preocupações. Melhoramos e otimizamos continuamente nossos sistemas e plataforma para proteger totalmente nossos usuários em um ambiente em constante mudança.&quot;","","","","","0","0","4.517105","","","","","","{}","False","False","","[]",""
