rank,title,link,subreddit,subreddit_id,subreddit_subscribers,subreddit_type,score,upvotes,downvotes,comments,upvote_ratio,created,created_utc,author,author_flair,author_flair_css_class,selftext,is_self,is_video,is_reddit_media_domain,over_18,gilded,stickied,locked,archived,spoiler,distinguished,domain,url,thumbnail,thumbnail_width,thumbnail_height,preview,num_crossposts,termo,sort
1,Bitcoin's Earliest Billionaire Liquidates ALL His Bitcoin,https://reddit.com/r/Buttcoin/comments/1p2ppaz/bitcoins_earliest_billionaire_liquidates_all_his/,Buttcoin,2sngy,206378,public,512,512,0,110,0.97,2025-11-21T01:51:16,1763700676.0,FUMoney,,,"I know there is another post concerning Mr. Gunden dumping his entire crypto wallet for cash, but I think this is important enough that it merits a clear headline.

A whole slug of BTC was dumped on Kraken today, November 20, 2025. This was the final transaction. Entire wallet liquidated.

Looks like his family will have sufficient fiat to buy turkey and cranberry sauce for Thanksgiving Day.",False,False,False,False,0,False,False,False,False,,thestreet.com,https://www.thestreet.com/crypto/markets/bitcoins-earliest-billionaire-empties-entire-portfolio-after-market-crash,default,,,,0,bitcoin,relevance
2,"Told him to buy bitcoin at $124,000",https://reddit.com/r/Bitcoin/comments/1ooyhfv/told_him_to_buy_bitcoin_at_124000/,Bitcoin,2s3qj,8038696,public,7537,7537,0,308,0.97,2025-11-05T06:34:18,1762335258.0,Green_Candler,,,"Should i pick up?

I asked GetAgent ""what will Satoshi himself say if he picks up this call?""",False,False,True,False,0,False,False,False,False,,i.redd.it,https://i.redd.it/vv2uyvn4rezf1.jpeg,https://b.thumbs.redditmedia.com/qkT4g_bZOdF_EnUbFG4n64Fgq8BEXjbmx-NtmoGsQKU.jpg,140,130,"{""images"": [{""source"": {""url"": ""https://preview.redd.it/vv2uyvn4rezf1.jpeg?auto=webp&s=d3c55b3698e909a7842fd1b398076869c1eed088"", ""width"": 2048, ""height"": 1904}, ""resolutions"": [{""url"": ""https://preview.redd.it/vv2uyvn4rezf1.jpeg?width=108&crop=smart&auto=webp&s=0a11ef292761cdf5e6615c738cb66a71d1db6179"", ""width"": 108, ""height"": 100}, {""url"": ""https://preview.redd.it/vv2uyvn4rezf1.jpeg?width=216&crop=smart&auto=webp&s=56de0025a5e36cce20c5a0d014a2acd32eeaf503"", ""width"": 216, ""height"": 200}, {""url"": ""https://preview.redd.it/vv2uyvn4rezf1.jpeg?width=320&crop=smart&auto=webp&s=96b3cb551dd9ca5cd3e3ee58b101a8a3b78c10c0"", ""width"": 320, ""height"": 297}, {""url"": ""https://preview.redd.it/vv2uyvn4rezf1.jpeg?width=640&crop=smart&auto=webp&s=53ee69ba0dfa9177e17e8862ea323506f339c180"", ""width"": 640, ""height"": 595}, {""url"": ""https://preview.redd.it/vv2uyvn4rezf1.jpeg?width=960&crop=smart&auto=webp&s=e9a5604ccf0f0128787abc43fe7bf9f4d41f1055"", ""width"": 960, ""height"": 892}, {""url"": ""https://preview.redd.it/vv2uyvn4rezf1.jpeg?width=1080&crop=smart&auto=webp&s=ca9620fde44c6779b86d74cc9a4b066f4892ffef"", ""width"": 1080, ""height"": 1004}], ""variants"": {}, ""id"": ""_jHBE7NLYtuNUkycJjrkL9mt-7FXt1pwkJmembNjyH0""}], ""enabled"": true}",3,bitcoin,relevance
3,"If you missed it, BITCOIN has now reached 86,000",https://reddit.com/r/Bitcoin/comments/1p29q1c/if_you_missed_it_bitcoin_has_now_reached_86000/,Bitcoin,2s3qj,8038696,public,2910,2910,0,771,0.95,2025-11-20T14:46:49,1763660809.0,Ashamed-Designer-174,,,,False,False,True,False,0,False,False,False,False,,i.redd.it,https://i.redd.it/4edlqzp29g2g1.png,https://a.thumbs.redditmedia.com/OtuoKKWjE18Znfuz4hgB3l6eWXR6rXbGHSSdtOe0GA4.jpg,140,140,"{""images"": [{""source"": {""url"": ""https://preview.redd.it/4edlqzp29g2g1.png?auto=webp&s=e9bcf6ecc6a9279daa48612eb0956f7b45595fd3"", ""width"": 1080, ""height"": 2221}, ""resolutions"": [{""url"": ""https://preview.redd.it/4edlqzp29g2g1.png?width=108&crop=smart&auto=webp&s=b4363229be7d5f08715ff0851eb6decfae63c8e8"", ""width"": 108, ""height"": 216}, {""url"": ""https://preview.redd.it/4edlqzp29g2g1.png?width=216&crop=smart&auto=webp&s=c32e0d1b0814003d7f47ef18fa9fa4815b4b22fc"", ""width"": 216, ""height"": 432}, {""url"": ""https://preview.redd.it/4edlqzp29g2g1.png?width=320&crop=smart&auto=webp&s=8755c3b82ee75dbef69a5d1ac5cc605101b7ead8"", ""width"": 320, ""height"": 640}, {""url"": ""https://preview.redd.it/4edlqzp29g2g1.png?width=640&crop=smart&auto=webp&s=d72a3d997487b125978b29a731e631ece2c5481b"", ""width"": 640, ""height"": 1280}, {""url"": ""https://preview.redd.it/4edlqzp29g2g1.png?width=960&crop=smart&auto=webp&s=7817bdbe76dc060cdf40c1ecb45c45a7c6ed0b30"", ""width"": 960, ""height"": 1920}, {""url"": ""https://preview.redd.it/4edlqzp29g2g1.png?width=1080&crop=smart&auto=webp&s=6d46b91a64aeede4d42976dac4b55009492c5cd3"", ""width"": 1080, ""height"": 2160}], ""variants"": {}, ""id"": ""02050iCuJd2-675BIh9OtEP3lCj1JhfMu2brbrAP00I""}], ""enabled"": true}",2,bitcoin,relevance
4,Are you concerned about Bitcoin's 4-year cycle?,https://reddit.com/r/Bitcoin/comments/1pf7oou/are_you_concerned_about_bitcoins_4year_cycle/,Bitcoin,2s3qj,8038696,public,425,425,0,319,0.83,2025-12-05T18:46:21,1764971181.0,I_killed_the_kraken,,,"I have never purchased any cryptocurrency; I am more of a stock market person, just wanted to ask the community what your **thoughts** are on this theory, given that it is a highly speculative asset.

The thing is, the other day I did some analysis and, looking at the second image, during the 12 months leading up to the midterms, there is usually a drawdown in the **S&P 500**, followed by a recovery.

**Edit**: the table was published by **Longview Economics** on November 28, 2025.

In 2026, it seems that both things will coincide (the run-up to the midterms and the $BTC 4-year cycle theory), hence my curiosity.",False,False,False,False,0,False,False,False,False,,reddit.com,https://www.reddit.com/gallery/1pf7oou,https://b.thumbs.redditmedia.com/yiPtCrmemYaLfAePBbfjhiVTpoQghSeNz0YhL8CmIgo.jpg,140,81,,0,bitcoin,relevance
5,Bitcoin wastes energy and promotes overconsumption culture. Great to watch it crash!,https://reddit.com/r/Anticonsumption/comments/1p1d97q/bitcoin_wastes_energy_and_promotes/,Anticonsumption,2r83n,1524909,public,9583,9583,0,958,0.89,2025-11-19T14:04:17,1763571857.0,gnarlytabby,,,"Bitcoin wastes a huge amount of energy- 1-2% of US electricity, and a larger fraction in some other countries. But more so, cryptocurrency has always been tied deeply with get-rich-quick and conspicuous consumption culture. It has basically converted a ton of coal and ordinary people's rainy-day funds into Lambos for a handful of grifters. The conspicuous consumption of crypto bros becomes the bait that lures ordinary people into the trap. Disregard crypto, resist overconsumption. 

I look forward to the replies. This is a topic known to make certain Redditors big mad!",False,False,True,False,0,False,False,False,False,,i.redd.it,https://i.redd.it/5tl8tvz6v82g1.png,https://b.thumbs.redditmedia.com/cVsUMitpTKdaeyXZMwxlapOK7nUWF2Lkponk8FoA6CE.jpg,140,87,"{""images"": [{""source"": {""url"": ""https://preview.redd.it/5tl8tvz6v82g1.png?auto=webp&s=98543e3932f5b147009de2f96934f0c60bac6e34"", ""width"": 1344, ""height"": 836}, ""resolutions"": [{""url"": ""https://preview.redd.it/5tl8tvz6v82g1.png?width=108&crop=smart&auto=webp&s=35c765dbe33da7b44480b4c02a64ce71714a09eb"", ""width"": 108, ""height"": 67}, {""url"": ""https://preview.redd.it/5tl8tvz6v82g1.png?width=216&crop=smart&auto=webp&s=40c43d615232aba830bb95edeecc153be9e0e98f"", ""width"": 216, ""height"": 134}, {""url"": ""https://preview.redd.it/5tl8tvz6v82g1.png?width=320&crop=smart&auto=webp&s=939116e22d956d6c4cfe8995c001ccec8a28456c"", ""width"": 320, ""height"": 199}, {""url"": ""https://preview.redd.it/5tl8tvz6v82g1.png?width=640&crop=smart&auto=webp&s=93aedbb636d1546ca19a6e91032c27f4d903af91"", ""width"": 640, ""height"": 398}, {""url"": ""https://preview.redd.it/5tl8tvz6v82g1.png?width=960&crop=smart&auto=webp&s=3cddfc97e1bbe0339c6cac52e6da9cd0bc939856"", ""width"": 960, ""height"": 597}, {""url"": ""https://preview.redd.it/5tl8tvz6v82g1.png?width=1080&crop=smart&auto=webp&s=70391da61a2aca05e37249ef157ddd446e64b6ee"", ""width"": 1080, ""height"": 671}], ""variants"": {}, ""id"": ""DHp6jStrvLte6BTYpSwyaK_KZSIiDjnMkFodEBw-_dM""}], ""enabled"": true}",0,bitcoin,relevance
