engine,rank,title,link,snippet,displayed_link,date,position,about_this_result,sitelinks,regiao,termo,tentativa
bing,1,Co się dzieje z ceną Litecoin? - Polskie Forum Bitcoin,https://forum.bitcoin.pl/viewtopic.php?t=38341,"Największe Polskie Forum Bitcoin. Tu możesz porozmawiać i dowiedzieć się więcej o Bitcoinie. Jeśli potrzebujesz pomocy, zadaj pytanie.",https://forum.bitcoin.pl › viewtopic.php,11 de mar. de 2025,1,,,br,bitcoin,1
bing,2,Bartłomiej Wojciechowski nadal poszukiwany? - Polskie Forum Bitcoin,https://forum.bitcoin.pl/viewtopic.php?t=38525,"Największe Polskie Forum Bitcoin. Tu możesz porozmawiać i dowiedzieć się więcej o Bitcoinie. Jeśli potrzebujesz pomocy, zadaj pytanie.",https://forum.bitcoin.pl › viewtopic.php,5 de out. de 2025,2,,,br,bitcoin,1
bing,3,Zcash - dyskusja ogólna - Page 89 - Polskie Forum Bitcoin,https://forum.bitcoin.pl/viewtopic.php?t=19918&start=1760,"Największe Polskie Forum Bitcoin. Tu możesz porozmawiać i dowiedzieć się więcej o Bitcoinie. Jeśli potrzebujesz pomocy, zadaj pytanie.",https://forum.bitcoin.pl › viewtopic.php,16 de nov. de 2025,3,,,br,bitcoin,1
bing,4,Problem z dostepem do portfela i inwestycji - Polskie Forum Bitcoin,https://forum.bitcoin.pl/viewtopic.php?t=38530,"Największe Polskie Forum Bitcoin. Tu możesz porozmawiać i dowiedzieć się więcej o Bitcoinie. Jeśli potrzebujesz pomocy, zadaj pytanie.",https://forum.bitcoin.pl › viewtopic.php,13 de out. de 2025,4,,,br,bitcoin,1
bing,5,Dyskusja na temat kursu BTC - Page 4786 - Polskie Forum Bitcoin,https://forum.bitcoin.pl/viewtopic.php?t=25968&start=95700,"Największe Polskie Forum Bitcoin. Tu możesz porozmawiać i dowiedzieć się więcej o Bitcoinie. Jeśli potrzebujesz pomocy, zadaj pytanie.",https://forum.bitcoin.pl › viewtopic.php,24 de nov. de 2025,5,,,br,bitcoin,1
bing,6,BRAK ŚRODKÓW NA LEDGERZE BTC I ETH ZNIKNĘŁO,https://forum.bitcoin.pl/viewtopic.php?t=38458,"Największe Polskie Forum Bitcoin. Tu możesz porozmawiać i dowiedzieć się więcej o Bitcoinie. Jeśli potrzebujesz pomocy, zadaj pytanie.",https://forum.bitcoin.pl › viewtopic.php,15 de ago. de 2025,6,,,br,bitcoin,1
bing,7,Banki przyjazne / nieprzyjazne Bitcoin - Page 15 - Polskie Forum …,https://forum.bitcoin.pl/viewtopic.php?t=15368&start=280,"Banki przyjazne / nieprzyjazne Bitcoin Postby adamjttk » Sat Sep 06, 2025 1:27 pm Godstar wrote: ↑ Wed Sep 03, 2025 3:29 pm Środki pochodzące z kryptowalut dla banków …",https://forum.bitcoin.pl › viewtopic.php,12 de set. de 2025,7,,,br,bitcoin,1
bing,8,zondacrypto brak kontaktu z supportem. - Polskie Forum Bitcoin,https://forum.bitcoin.pl/viewtopic.php?t=38231,"Największe Polskie Forum Bitcoin. Tu możesz porozmawiać i dowiedzieć się więcej o Bitcoinie. Jeśli potrzebujesz pomocy, zadaj pytanie.",https://forum.bitcoin.pl › viewtopic.php,17 de dez. de 2024,8,,,br,bitcoin,1
bing,9,"Altcoiny - analiza techniczna krótkoterminowa, najbliższe …",https://forum.bitcoin.pl/viewtopic.php?t=31838&start=14080,"Największe Polskie Forum Bitcoin. Tu możesz porozmawiać i dowiedzieć się więcej o Bitcoinie. Jeśli potrzebujesz pomocy, zadaj pytanie.",https://forum.bitcoin.pl › viewtopic.php,3 de out. de 2025,9,,,br,bitcoin,1
bing,10,ETFy na spadki NASDAQ? - Polskie Forum Bitcoin,https://forum.bitcoin.pl/viewtopic.php?t=38607,"Największe Polskie Forum Bitcoin. Tu możesz porozmawiać i dowiedzieć się więcej o Bitcoinie. Jeśli potrzebujesz pomocy, zadaj pytanie.",https://forum.bitcoin.pl › viewtopic.php,6 de nov. de 2025,10,,,br,bitcoin,1
